  0.0000000e+000  6.9614000e-004
  1.0000000e-002  1.8605000e-003
  2.0000000e-002  2.9286000e-003
  3.0000000e-002  9.7852000e-004
  4.0000000e-002 -1.8765000e-003
  5.0000000e-002 -1.5510000e-003
  6.0000000e-002 -1.7054000e-003
  7.0000000e-002 -1.4579000e-002
  8.0000000e-002 -3.9537000e-002
  9.0000000e-002 -5.8105000e-002
  1.0000000e-001 -5.4212000e-002
  1.1000000e-001 -2.9223000e-002
  1.2000000e-001  5.3833000e-003
  1.3000000e-001  4.0704000e-002
  1.4000000e-001  6.8380000e-002
  1.5000000e-001  7.8442000e-002
  1.6000000e-001  6.8725000e-002
  1.7000000e-001  4.8571000e-002
  1.8000000e-001  2.6792000e-002
  1.9000000e-001  6.3266000e-003
  2.0000000e-001 -9.4682000e-003
  2.1000000e-001 -1.7637000e-002
  2.2000000e-001 -2.1181000e-002
  2.3000000e-001 -2.3413000e-002
  2.4000000e-001 -2.2399000e-002
  2.5000000e-001 -1.7292000e-002
  2.6000000e-001 -1.2138000e-002
  2.7000000e-001 -6.6036000e-003
  2.8000000e-001  7.1051000e-003
  2.9000000e-001  3.0914000e-002
  3.0000000e-001  5.4831000e-002
  3.1000000e-001  6.9746000e-002
  3.2000000e-001  7.5986000e-002
  3.3000000e-001  7.4642000e-002
  3.4000000e-001  6.3593000e-002
  3.5000000e-001  4.6990000e-002
  3.6000000e-001  3.5227000e-002
  3.7000000e-001  3.0392000e-002
  3.8000000e-001  2.2575000e-002
  3.9000000e-001  6.5433000e-003
  4.0000000e-001 -9.8092000e-003
  4.1000000e-001 -1.9109000e-002
  4.2000000e-001 -2.6043000e-002
  4.3000000e-001 -3.7015000e-002
  4.4000000e-001 -4.8093000e-002
  4.5000000e-001 -5.4239000e-002
  4.6000000e-001 -6.1022000e-002
  4.7000000e-001 -7.5105000e-002
  4.8000000e-001 -8.8821000e-002
  4.9000000e-001 -8.7837000e-002
  5.0000000e-001 -6.9006000e-002
  5.1000000e-001 -4.0750000e-002
  5.2000000e-001 -1.0652000e-002
  5.3000000e-001  1.6104000e-002
  5.4000000e-001  3.1760000e-002
  5.5000000e-001  3.0859000e-002
  5.6000000e-001  1.8912000e-002
  5.7000000e-001  7.6207000e-003
  5.8000000e-001  2.9849000e-003
  5.9000000e-001  3.7026000e-003
  6.0000000e-001  8.2870000e-003
  6.1000000e-001  1.7647000e-002
  6.2000000e-001  3.1986000e-002
  6.3000000e-001  4.7406000e-002
  6.4000000e-001  5.5912000e-002
  6.5000000e-001  4.9441000e-002
  6.6000000e-001  2.7433000e-002
  6.7000000e-001 -3.3674000e-003
  6.8000000e-001 -3.5874000e-002
  6.9000000e-001 -6.6107000e-002
  7.0000000e-001 -8.8054000e-002
  7.1000000e-001 -9.5825000e-002
  7.2000000e-001 -9.2638000e-002
  7.3000000e-001 -8.9176000e-002
  7.4000000e-001 -9.0124000e-002
  7.5000000e-001 -9.1296000e-002
  7.6000000e-001 -9.0250000e-002
  7.7000000e-001 -9.0388000e-002
  7.8000000e-001 -9.2210000e-002
  7.9000000e-001 -8.8917000e-002
  8.0000000e-001 -7.2865000e-002
  8.1000000e-001 -4.2962000e-002
  8.2000000e-001 -6.3993000e-003
  8.3000000e-001  2.2776000e-002
  8.4000000e-001  3.1089000e-002
  8.5000000e-001  1.6668000e-002
  8.6000000e-001 -9.4159000e-003
  8.7000000e-001 -3.3921000e-002
  8.8000000e-001 -5.1566000e-002
  8.9000000e-001 -6.4165000e-002
  9.0000000e-001 -7.4422000e-002
  9.1000000e-001 -8.0701000e-002
  9.2000000e-001 -7.7661000e-002
  9.3000000e-001 -6.1679000e-002
  9.4000000e-001 -3.5334000e-002
  9.5000000e-001 -2.1661000e-003
  9.6000000e-001  3.7657000e-002
  9.7000000e-001  8.0333000e-002
  9.8000000e-001  1.1188000e-001
  9.9000000e-001  1.2265000e-001
  1.0000000e+000  1.2141000e-001
  1.0100000e+000  1.2273000e-001
  1.0200000e+000  1.2396000e-001
  1.0300000e+000  1.1313000e-001
  1.0400000e+000  9.2542000e-002
  1.0500000e+000  7.7471000e-002
  1.0600000e+000  7.2227000e-002
  1.0700000e+000  6.6448000e-002
  1.0800000e+000  5.4696000e-002
  1.0900000e+000  4.4365000e-002
  1.1000000e+000  4.2732000e-002
  1.1100000e+000  5.0616000e-002
  1.1200000e+000  7.1068000e-002
  1.1300000e+000  1.0899000e-001
  1.1400000e+000  1.5743000e-001
  1.1500000e+000  1.9544000e-001
  1.1600000e+000  2.0603000e-001
  1.1700000e+000  1.8824000e-001
  1.1800000e+000  1.5052000e-001
  1.1900000e+000  1.0118000e-001
  1.2000000e+000  4.8313000e-002
  1.2100000e+000  9.0427000e-004
  1.2200000e+000 -3.5234000e-002
  1.2300000e+000 -6.1300000e-002
  1.2400000e+000 -8.4293000e-002
  1.2500000e+000 -1.1181000e-001
  1.2600000e+000 -1.4745000e-001
  1.2700000e+000 -1.8765000e-001
  1.2800000e+000 -2.2194000e-001
  1.2900000e+000 -2.3689000e-001
  1.3000000e+000 -2.2320000e-001
  1.3100000e+000 -1.8357000e-001
  1.3200000e+000 -1.3384000e-001
  1.3300000e+000 -9.1906000e-002
  1.3400000e+000 -6.0175000e-002
  1.3500000e+000 -2.5764000e-002
  1.3600000e+000  1.9929000e-002
  1.3700000e+000  6.7910000e-002
  1.3800000e+000  1.0187000e-001
  1.3900000e+000  1.1254000e-001
  1.4000000e+000  9.8999000e-002
  1.4100000e+000  6.6697000e-002
  1.4200000e+000  2.5992000e-002
  1.4300000e+000 -1.3238000e-002
  1.4400000e+000 -4.7828000e-002
  1.4500000e+000 -7.4664000e-002
  1.4600000e+000 -8.6260000e-002
  1.4700000e+000 -8.0423000e-002
  1.4800000e+000 -6.9101000e-002
  1.4900000e+000 -6.3812000e-002
  1.5000000e+000 -6.1145000e-002
  1.5100000e+000 -5.1434000e-002
  1.5200000e+000 -3.5780000e-002
  1.5300000e+000 -2.2064000e-002
  1.5400000e+000 -1.3301000e-002
  1.5500000e+000 -9.0411000e-003
  1.5600000e+000 -1.2361000e-002
  1.5700000e+000 -2.5246000e-002
  1.5800000e+000 -4.4208000e-002
  1.5900000e+000 -6.5580000e-002
  1.6000000e+000 -8.7137000e-002
  1.6100000e+000 -1.0087000e-001
  1.6200000e+000 -9.4173000e-002
  1.6300000e+000 -6.2206000e-002
  1.6400000e+000 -1.1018000e-002
  1.6500000e+000  4.9520000e-002
  1.6600000e+000  1.0880000e-001
  1.6700000e+000  1.5360000e-001
  1.6800000e+000  1.7748000e-001
  1.6900000e+000  1.9072000e-001
  1.7000000e+000  2.0961000e-001
  1.7100000e+000  2.3436000e-001
  1.7200000e+000  2.4807000e-001
  1.7300000e+000  2.3550000e-001
  1.7400000e+000  1.9301000e-001
  1.7500000e+000  1.2678000e-001
  1.7600000e+000  5.3935000e-002
  1.7700000e+000  6.8314000e-004
  1.7800000e+000 -1.7385000e-002
  1.7900000e+000 -1.1497000e-002
  1.8000000e+000 -5.8281000e-003
  1.8100000e+000 -1.1000000e-002
  1.8200000e+000 -2.2544000e-002
  1.8300000e+000 -3.5413000e-002
  1.8400000e+000 -4.6267000e-002
  1.8500000e+000 -4.7451000e-002
  1.8600000e+000 -3.3321000e-002
  1.8700000e+000 -9.4978000e-003
  1.8800000e+000  1.1853000e-002
  1.8900000e+000  2.2508000e-002
  1.9000000e+000  2.0287000e-002
  1.9100000e+000  7.3531000e-003
  1.9200000e+000 -8.0579000e-003
  1.9300000e+000 -1.6509000e-002
  1.9400000e+000 -1.6016000e-002
  1.9500000e+000 -1.1010000e-002
  1.9600000e+000 -3.6770000e-003
  1.9700000e+000  4.8421000e-003
  1.9800000e+000  9.6952000e-003
  1.9900000e+000  7.2001000e-003
  2.0000000e+000  1.1228000e-003
  2.0100000e+000 -3.6907000e-003
  2.0200000e+000 -9.0804000e-003
  2.0300000e+000 -1.7069000e-002
  2.0400000e+000 -1.9199000e-002
  2.0500000e+000 -2.1594000e-003
  2.0600000e+000  3.5783000e-002
  2.0700000e+000  7.7717000e-002
  2.0800000e+000  9.9170000e-002
  2.0900000e+000  8.8077000e-002
  2.1000000e+000  5.3941000e-002
  2.1100000e+000  1.8537000e-002
  2.1200000e+000 -1.3468000e-003
  2.1300000e+000 -1.0900000e-003
  2.1400000e+000  9.3125000e-003
  2.1500000e+000  8.5039000e-003
  2.1600000e+000 -1.8182000e-002
  2.1700000e+000 -5.6619000e-002
  2.1800000e+000 -7.5475000e-002
  2.1900000e+000 -6.4686000e-002
  2.2000000e+000 -4.0693000e-002
  2.2100000e+000 -1.2904000e-002
  2.2200000e+000  2.4828000e-002
  2.2300000e+000  6.5682000e-002
  2.2400000e+000  9.1265000e-002
  2.2500000e+000  1.0306000e-001
  2.2600000e+000  1.1093000e-001
  2.2700000e+000  8.5991000e-002
  2.2800000e+000 -1.5725000e-002
  2.2900000e+000 -1.7378000e-001
  2.3000000e+000 -3.0424000e-001
  2.3100000e+000 -3.6111000e-001
  2.3200000e+000 -3.7491000e-001
  2.3300000e+000 -3.8097000e-001
  2.3400000e+000 -3.7055000e-001
  2.3500000e+000 -3.3321000e-001
  2.3600000e+000 -2.8636000e-001
  2.3700000e+000 -2.3868000e-001
  2.3800000e+000 -1.6920000e-001
  2.3900000e+000 -6.5214000e-002
  2.4000000e+000  5.3192000e-002
  2.4100000e+000  1.6148000e-001
  2.4200000e+000  2.5448000e-001
  2.4300000e+000  3.3276000e-001
  2.4400000e+000  3.9045000e-001
  2.4500000e+000  4.2235000e-001
  2.4600000e+000  4.2144000e-001
  2.4700000e+000  3.7732000e-001
  2.4800000e+000  2.9210000e-001
  2.4900000e+000  1.9130000e-001
  2.5000000e+000  9.9750000e-002
  2.5100000e+000  2.1640000e-002
  2.5200000e+000 -5.4135000e-002
  2.5300000e+000 -1.3482000e-001
  2.5400000e+000 -2.1605000e-001
  2.5500000e+000 -2.7991000e-001
  2.5600000e+000 -3.0587000e-001
  2.5700000e+000 -2.9174000e-001
  2.5800000e+000 -2.5979000e-001
  2.5900000e+000 -2.3126000e-001
  2.6000000e+000 -2.0403000e-001
  2.6100000e+000 -1.6914000e-001
  2.6200000e+000 -1.3276000e-001
  2.6300000e+000 -1.0669000e-001
  2.6400000e+000 -8.9642000e-002
  2.6500000e+000 -7.5294000e-002
  2.6600000e+000 -6.5844000e-002
  2.6700000e+000 -6.6803000e-002
  2.6800000e+000 -7.8951000e-002
  2.6900000e+000 -9.9199000e-002
  2.7000000e+000 -1.2002000e-001
  2.7100000e+000 -1.2808000e-001
  2.7200000e+000 -1.1783000e-001
  2.7300000e+000 -9.7595000e-002
  2.7400000e+000 -7.3490000e-002
  2.7500000e+000 -3.8179000e-002
  2.7600000e+000  7.4058000e-003
  2.7700000e+000  4.3490000e-002
  2.7800000e+000  5.8543000e-002
  2.7900000e+000  6.9592000e-002
  2.8000000e+000  9.5763000e-002
  2.8100000e+000  1.3383000e-001
  2.8200000e+000  1.7527000e-001
  2.8300000e+000  2.2170000e-001
  2.8400000e+000  2.6487000e-001
  2.8500000e+000  2.7837000e-001
  2.8600000e+000  2.5014000e-001
  2.8700000e+000  2.0019000e-001
  2.8800000e+000  1.5364000e-001
  2.8900000e+000  1.1847000e-001
  2.9000000e+000  9.7007000e-002
  2.9100000e+000  9.1770000e-002
  2.9200000e+000  9.4352000e-002
  2.9300000e+000  9.1347000e-002
  2.9400000e+000  8.5267000e-002
  2.9500000e+000  8.6474000e-002
  2.9600000e+000  9.0535000e-002
  2.9700000e+000  8.6307000e-002
  2.9800000e+000  8.2043000e-002
  2.9900000e+000  9.7357000e-002
  3.0000000e+000  1.3526000e-001
  3.0100000e+000  1.7824000e-001
  3.0200000e+000  2.0589000e-001
  3.0300000e+000  2.0536000e-001
  3.0400000e+000  1.7537000e-001
  3.0500000e+000  1.3024000e-001
  3.0600000e+000  9.0600000e-002
  3.0700000e+000  6.5308000e-002
  3.0800000e+000  4.9738000e-002
  3.0900000e+000  4.0434000e-002
  3.1000000e+000  3.9036000e-002
  3.1100000e+000  4.2203000e-002
  3.1200000e+000  4.3656000e-002
  3.1300000e+000  3.9692000e-002
  3.1400000e+000  2.6308000e-002
  3.1500000e+000 -1.2890000e-004
  3.1600000e+000 -2.9204000e-002
  3.1700000e+000 -4.0724000e-002
  3.1800000e+000 -3.1862000e-002
  3.1900000e+000 -2.5733000e-002
  3.2000000e+000 -4.4005000e-002
  3.2100000e+000 -8.2102000e-002
  3.2200000e+000 -1.2078000e-001
  3.2300000e+000 -1.5020000e-001
  3.2400000e+000 -1.7403000e-001
  3.2500000e+000 -1.9857000e-001
  3.2600000e+000 -2.2372000e-001
  3.2700000e+000 -2.3859000e-001
  3.2800000e+000 -2.2017000e-001
  3.2900000e+000 -1.5066000e-001
  3.3000000e+000 -4.2344000e-002
  3.3100000e+000  6.1338000e-002
  3.3200000e+000  1.2118000e-001
  3.3300000e+000  1.3140000e-001
  3.3400000e+000  1.1504000e-001
  3.3500000e+000  9.8969000e-002
  3.3600000e+000  9.7740000e-002
  3.3700000e+000  1.0821000e-001
  3.3800000e+000  1.1076000e-001
  3.3900000e+000  8.4111000e-002
  3.4000000e+000  2.6123000e-002
  3.4100000e+000 -4.5211000e-002
  3.4200000e+000 -1.1520000e-001
  3.4300000e+000 -1.7737000e-001
  3.4400000e+000 -2.1681000e-001
  3.4500000e+000 -2.1336000e-001
  3.4600000e+000 -1.7357000e-001
  3.4700000e+000 -1.3167000e-001
  3.4800000e+000 -1.0916000e-001
  3.4900000e+000 -9.2976000e-002
  3.5000000e+000 -6.4320000e-002
  3.5100000e+000 -2.3796000e-002
  3.5200000e+000  2.4239000e-002
  3.5300000e+000  8.4459000e-002
  3.5400000e+000  1.5078000e-001
  3.5500000e+000  1.9480000e-001
  3.5600000e+000  1.9322000e-001
  3.5700000e+000  1.5177000e-001
  3.5800000e+000  9.3559000e-002
  3.5900000e+000  3.6732000e-002
  3.6000000e+000 -7.5622000e-003
  3.6100000e+000 -3.0878000e-002
  3.6200000e+000 -3.5469000e-002
  3.6300000e+000 -3.8282000e-002
  3.6400000e+000 -5.7731000e-002
  3.6500000e+000 -9.8724000e-002
  3.6600000e+000 -1.5256000e-001
  3.6700000e+000 -2.0316000e-001
  3.6800000e+000 -2.3721000e-001
  3.6900000e+000 -2.5152000e-001
  3.7000000e+000 -2.5021000e-001
  3.7100000e+000 -2.3235000e-001
  3.7200000e+000 -1.9334000e-001
  3.7300000e+000 -1.3763000e-001
  3.7400000e+000 -7.9667000e-002
  3.7500000e+000 -2.8415000e-002
  3.7600000e+000  1.6350000e-002
  3.7700000e+000  5.2078000e-002
  3.7800000e+000  7.1505000e-002
  3.7900000e+000  7.4272000e-002
  3.8000000e+000  6.6326000e-002
  3.8100000e+000  4.7652000e-002
  3.8200000e+000  1.7014000e-002
  3.8300000e+000 -1.5642000e-002
  3.8400000e+000 -3.6120000e-002
  3.8500000e+000 -4.1497000e-002
  3.8600000e+000 -3.3372000e-002
  3.8700000e+000 -5.6488000e-003
  3.8800000e+000  4.6017000e-002
  3.8900000e+000  1.0741000e-001
  3.9000000e+000  1.5198000e-001
  3.9100000e+000  1.6258000e-001
  3.9200000e+000  1.4047000e-001
  3.9300000e+000  1.0203000e-001
  3.9400000e+000  6.9752000e-002
  3.9500000e+000  5.6768000e-002
  3.9600000e+000  5.5592000e-002
  3.9700000e+000  5.4148000e-002
  3.9800000e+000  5.3246000e-002
  3.9900000e+000  5.4924000e-002
  4.0000000e+000  4.3915000e-002
  4.0100000e+000  2.9824000e-003
  4.0200000e+000 -6.0393000e-002
  4.0300000e+000 -1.1913000e-001
  4.0400000e+000 -1.5345000e-001
  4.0500000e+000 -1.6096000e-001
  4.0600000e+000 -1.4558000e-001
  4.0700000e+000 -1.1380000e-001
  4.0800000e+000 -7.7712000e-002
  4.0900000e+000 -4.9526000e-002
  4.1000000e+000 -2.9671000e-002
  4.1100000e+000 -9.6859000e-003
  4.1200000e+000  1.4773000e-002
  4.1300000e+000  3.7220000e-002
  4.1400000e+000  4.6521000e-002
  4.1500000e+000  4.1205000e-002
  4.1600000e+000  3.7639000e-002
  4.1700000e+000  5.4832000e-002
  4.1800000e+000  9.1733000e-002
  4.1900000e+000  1.2978000e-001
  4.2000000e+000  1.5698000e-001
  4.2100000e+000  1.7504000e-001
  4.2200000e+000  1.8435000e-001
  4.2300000e+000  1.7778000e-001
  4.2400000e+000  1.5480000e-001
  4.2500000e+000  1.2529000e-001
  4.2600000e+000  9.4772000e-002
  4.2700000e+000  5.9586000e-002
  4.2800000e+000  1.8673000e-002
  4.2900000e+000 -2.1027000e-002
  4.3000000e+000 -5.2551000e-002
  4.3100000e+000 -7.2298000e-002
  4.3200000e+000 -7.4971000e-002
  4.3300000e+000 -5.3482000e-002
  4.3400000e+000 -9.9697000e-003
  4.3500000e+000  3.8959000e-002
  4.3600000e+000  6.9759000e-002
  4.3700000e+000  6.7301000e-002
  4.3800000e+000  3.4860000e-002
  4.3900000e+000 -1.1269000e-002
  4.4000000e+000 -5.5960000e-002
  4.4100000e+000 -8.6228000e-002
  4.4200000e+000 -8.5288000e-002
  4.4300000e+000 -4.3298000e-002
  4.4400000e+000  2.0684000e-002
  4.4500000e+000  6.6404000e-002
  4.4600000e+000  7.0806000e-002
  4.4700000e+000  4.4588000e-002
  4.4800000e+000  5.0292000e-003
  4.4900000e+000 -4.4142000e-002
  4.5000000e+000 -9.7524000e-002
  4.5100000e+000 -1.3654000e-001
  4.5200000e+000 -1.4567000e-001
  4.5300000e+000 -1.3026000e-001
  4.5400000e+000 -1.0727000e-001
  4.5500000e+000 -9.0768000e-002
  4.5600000e+000 -9.1172000e-002
  4.5700000e+000 -1.1798000e-001
  4.5800000e+000 -1.7004000e-001
  4.5900000e+000 -2.3114000e-001
  4.6000000e+000 -2.8044000e-001
  4.6100000e+000 -3.0383000e-001
  4.6200000e+000 -2.9398000e-001
  4.6300000e+000 -2.4901000e-001
  4.6400000e+000 -1.7774000e-001
  4.6500000e+000 -9.8194000e-002
  4.6600000e+000 -2.4801000e-002
  4.6700000e+000  3.9327000e-002
  4.6800000e+000  9.2108000e-002
  4.6900000e+000  1.2410000e-001
  4.7000000e+000  1.2542000e-001
  4.7100000e+000  9.4440000e-002
  4.7200000e+000  3.5680000e-002
  4.7300000e+000 -4.2868000e-002
  4.7400000e+000 -1.2653000e-001
  4.7500000e+000 -2.0060000e-001
  4.7600000e+000 -2.6087000e-001
  4.7700000e+000 -3.0985000e-001
  4.7800000e+000 -3.4154000e-001
  4.7900000e+000 -3.4134000e-001
  4.8000000e+000 -3.0206000e-001
  4.8100000e+000 -2.2652000e-001
  4.8200000e+000 -1.1925000e-001
  4.8300000e+000  1.3794000e-002
  4.8400000e+000  1.5982000e-001
  4.8500000e+000  3.1141000e-001
  4.8600000e+000  4.6448000e-001
  4.8700000e+000  5.9778000e-001
  4.8800000e+000  6.7064000e-001
  4.8900000e+000  6.6001000e-001
  4.9000000e+000  5.8067000e-001
  4.9100000e+000  4.6717000e-001
  4.9200000e+000  3.4706000e-001
  4.9300000e+000  2.3988000e-001
  4.9400000e+000  1.5691000e-001
  4.9500000e+000  9.1734000e-002
  4.9600000e+000  2.6439000e-002
  4.9700000e+000 -4.2476000e-002
  4.9800000e+000 -1.0210000e-001
  4.9900000e+000 -1.4394000e-001
  5.0000000e+000 -1.6712000e-001
  5.0100000e+000 -1.6496000e-001
  5.0200000e+000 -1.3033000e-001
  5.0300000e+000 -7.3345000e-002
  5.0400000e+000 -1.7861000e-002
  5.0500000e+000  2.1334000e-002
  5.0600000e+000  4.5718000e-002
  5.0700000e+000  6.0502000e-002
  5.0800000e+000  6.3127000e-002
  5.0900000e+000  4.8637000e-002
  5.1000000e+000  1.8251000e-002
  5.1100000e+000 -1.9807000e-002
  5.1200000e+000 -5.8541000e-002
  5.1300000e+000 -9.3827000e-002
  5.1400000e+000 -1.1759000e-001
  5.1500000e+000 -1.1834000e-001
  5.1600000e+000 -9.4775000e-002
  5.1700000e+000 -6.0757000e-002
  5.1800000e+000 -2.6744000e-002
  5.1900000e+000  1.4232000e-002
  5.2000000e+000  6.9771000e-002
  5.2100000e+000  1.2892000e-001
  5.2200000e+000  1.7425000e-001
  5.2300000e+000  2.0330000e-001
  5.2400000e+000  2.2284000e-001
  5.2500000e+000  2.3298000e-001
  5.2600000e+000  2.3016000e-001
  5.2700000e+000  2.1471000e-001
  5.2800000e+000  1.8264000e-001
  5.2900000e+000  1.2317000e-001
  5.3000000e+000  4.2169000e-002
  5.3100000e+000 -2.7512000e-002
  5.3200000e+000 -5.6146000e-002
  5.3300000e+000 -4.8785000e-002
  5.3400000e+000 -3.3946000e-002
  5.3500000e+000 -2.9754000e-002
  5.3600000e+000 -3.0240000e-002
  5.3700000e+000 -2.0494000e-002
  5.3800000e+000  5.4426000e-003
  5.3900000e+000  4.4780000e-002
  5.4000000e+000  9.1349000e-002
  5.4100000e+000  1.3340000e-001
  5.4200000e+000  1.5200000e-001
  5.4300000e+000  1.3176000e-001
  5.4400000e+000  7.5131000e-002
  5.4500000e+000  3.0923000e-003
  5.4600000e+000 -6.4096000e-002
  5.4700000e+000 -1.2149000e-001
  5.4800000e+000 -1.6843000e-001
  5.4900000e+000 -1.9789000e-001
  5.5000000e+000 -2.0711000e-001
  5.5100000e+000 -2.0390000e-001
  5.5200000e+000 -1.9126000e-001
  5.5300000e+000 -1.6240000e-001
  5.5400000e+000 -1.1731000e-001
  5.5500000e+000 -7.2612000e-002
  5.5600000e+000 -4.6434000e-002
  5.5700000e+000 -4.5531000e-002
  5.5800000e+000 -6.9100000e-002
  5.5900000e+000 -1.1142000e-001
  5.6000000e+000 -1.5353000e-001
  5.6100000e+000 -1.7337000e-001
  5.6200000e+000 -1.7062000e-001
  5.6300000e+000 -1.6054000e-001
  5.6400000e+000 -1.4805000e-001
  5.6500000e+000 -1.3005000e-001
  5.6600000e+000 -1.1566000e-001
  5.6700000e+000 -1.1688000e-001
  5.6800000e+000 -1.2537000e-001
  5.6900000e+000 -1.1756000e-001
  5.7000000e+000 -8.0629000e-002
  5.7100000e+000 -1.8828000e-002
  5.7200000e+000  5.7442000e-002
  5.7300000e+000  1.3357000e-001
  5.7400000e+000  1.9435000e-001
  5.7500000e+000  2.3788000e-001
  5.7600000e+000  2.6967000e-001
  5.7700000e+000  2.7951000e-001
  5.7800000e+000  2.5207000e-001
  5.7900000e+000  2.0022000e-001
  5.8000000e+000  1.5692000e-001
  5.8100000e+000  1.3006000e-001
  5.8200000e+000  9.9054000e-002
  5.8300000e+000  5.5495000e-002
  5.8400000e+000  1.4125000e-002
  5.8500000e+000 -1.7328000e-002
  5.8600000e+000 -4.6789000e-002
  5.8700000e+000 -7.6967000e-002
  5.8800000e+000 -1.0153000e-001
  5.8900000e+000 -1.1813000e-001
  5.9000000e+000 -1.2565000e-001
  5.9100000e+000 -1.1718000e-001
  5.9200000e+000 -9.5345000e-002
  5.9300000e+000 -7.9892000e-002
  5.9400000e+000 -8.2130000e-002
  5.9500000e+000 -8.7177000e-002
  5.9600000e+000 -7.8172000e-002
  5.9700000e+000 -6.0661000e-002
  5.9800000e+000 -4.9446000e-002
  5.9900000e+000 -4.7504000e-002
  6.0000000e+000 -4.8522000e-002
  6.0100000e+000 -4.9368000e-002
  6.0200000e+000 -4.9353000e-002
  6.0300000e+000 -4.5152000e-002
  6.0400000e+000 -3.2986000e-002
  6.0500000e+000 -1.2648000e-002
  6.0600000e+000  1.3368000e-002
  6.0700000e+000  4.1482000e-002
  6.0800000e+000  6.8065000e-002
  6.0900000e+000  9.3610000e-002
  6.1000000e+000  1.2226000e-001
  6.1100000e+000  1.5552000e-001
  6.1200000e+000  1.8785000e-001
  6.1300000e+000  2.0858000e-001
  6.1400000e+000  2.0869000e-001
  6.1500000e+000  1.8971000e-001
  6.1600000e+000  1.6473000e-001
  6.1700000e+000  1.4620000e-001
  6.1800000e+000  1.3657000e-001
  6.1900000e+000  1.3027000e-001
  6.2000000e+000  1.1849000e-001
  6.2100000e+000  9.0584000e-002
  6.2200000e+000  4.0469000e-002
  6.2300000e+000 -2.5369000e-002
  6.2400000e+000 -9.0455000e-002
  6.2500000e+000 -1.4070000e-001
  6.2600000e+000 -1.7125000e-001
  6.2700000e+000 -1.8316000e-001
  6.2800000e+000 -1.8064000e-001
  6.2900000e+000 -1.6809000e-001
  6.3000000e+000 -1.4603000e-001
  6.3100000e+000 -1.1324000e-001
  6.3200000e+000 -7.7564000e-002
  6.3300000e+000 -5.3377000e-002
  6.3400000e+000 -4.5235000e-002
  6.3500000e+000 -4.5791000e-002
  6.3600000e+000 -5.2720000e-002
  6.3700000e+000 -7.1838000e-002
  6.3800000e+000 -9.9565000e-002
  6.3900000e+000 -1.1837000e-001
  6.4000000e+000 -1.1553000e-001
  6.4100000e+000 -9.7383000e-002
  6.4200000e+000 -8.0436000e-002
  6.4300000e+000 -7.5111000e-002
  6.4400000e+000 -7.8833000e-002
  6.4500000e+000 -7.8344000e-002
  6.4600000e+000 -5.9295000e-002
  6.4700000e+000 -1.8996000e-002
  6.4800000e+000  2.8860000e-002
  6.4900000e+000  6.3650000e-002
  6.5000000e+000  6.9587000e-002
  6.5100000e+000  4.2296000e-002
  6.5200000e+000 -9.8885000e-003
  6.5300000e+000 -7.0376000e-002
  6.5400000e+000 -1.2512000e-001
  6.5500000e+000 -1.6920000e-001
  6.5600000e+000 -2.0120000e-001
  6.5700000e+000 -2.1386000e-001
  6.5800000e+000 -1.9693000e-001
  6.5900000e+000 -1.4814000e-001
  6.6000000e+000 -7.6662000e-002
  6.6100000e+000  4.4391000e-003
  6.6200000e+000  8.4214000e-002
  6.6300000e+000  1.5352000e-001
  6.6400000e+000  2.0566000e-001
  6.6500000e+000  2.3967000e-001
  6.6600000e+000  2.5767000e-001
  6.6700000e+000  2.5689000e-001
  6.6800000e+000  2.2845000e-001
  6.6900000e+000  1.6971000e-001
  6.7000000e+000  9.4233000e-002
  6.7100000e+000  2.3748000e-002
  6.7200000e+000 -2.9902000e-002
  6.7300000e+000 -6.3561000e-002
  6.7400000e+000 -7.1529000e-002
  6.7500000e+000 -4.8512000e-002
  6.7600000e+000 -1.7863000e-003
  6.7700000e+000  5.2333000e-002
  6.7800000e+000  1.0275000e-001
  6.7900000e+000  1.4540000e-001
  6.8000000e+000  1.7770000e-001
  6.8100000e+000  1.9899000e-001
  6.8200000e+000  2.1317000e-001
  6.8300000e+000  2.1688000e-001
  6.8400000e+000  1.9553000e-001
  6.8500000e+000  1.4399000e-001
  6.8600000e+000  8.2647000e-002
  6.8700000e+000  3.6751000e-002
  6.8800000e+000  9.2171000e-003
  6.8900000e+000 -1.0056000e-002
  6.9000000e+000 -2.0764000e-002
  6.9100000e+000 -1.5253000e-002
  6.9200000e+000  2.7546000e-003
  6.9300000e+000  2.2925000e-002
  6.9400000e+000  4.5793000e-002
  6.9500000e+000  8.0535000e-002
  6.9600000e+000  1.2697000e-001
  6.9700000e+000  1.7071000e-001
  6.9800000e+000  1.9562000e-001
  6.9900000e+000  1.9566000e-001
  7.0000000e+000  1.7629000e-001
  7.0100000e+000  1.4639000e-001
  7.0200000e+000  1.0963000e-001
  7.0300000e+000  6.5266000e-002
  7.0400000e+000  1.6008000e-002
  7.0500000e+000 -3.0020000e-002
  7.0600000e+000 -6.7790000e-002
  7.0700000e+000 -9.8395000e-002
  7.0800000e+000 -1.2406000e-001
  7.0900000e+000 -1.4286000e-001
  7.1000000e+000 -1.5146000e-001
  7.1100000e+000 -1.4771000e-001
  7.1200000e+000 -1.3383000e-001
  7.1300000e+000 -1.1761000e-001
  7.1400000e+000 -1.0796000e-001
  7.1500000e+000 -1.0592000e-001
  7.1600000e+000 -1.0456000e-001
  7.1700000e+000 -9.9623000e-002
  7.1800000e+000 -9.0046000e-002
  7.1900000e+000 -6.8494000e-002
  7.2000000e+000 -2.6628000e-002
  7.2100000e+000  2.5349000e-002
  7.2200000e+000  6.2753000e-002
  7.2300000e+000  7.4977000e-002
  7.2400000e+000  7.3607000e-002
  7.2500000e+000  6.9006000e-002
  7.2600000e+000  5.4632000e-002
  7.2700000e+000  2.3834000e-002
  7.2800000e+000 -1.4166000e-002
  7.2900000e+000 -4.4395000e-002
  7.3000000e+000 -6.3096000e-002
  7.3100000e+000 -7.2772000e-002
  7.3200000e+000 -7.1910000e-002
  7.3300000e+000 -5.8501000e-002
  7.3400000e+000 -3.6587000e-002
  7.3500000e+000 -1.5618000e-002
  7.3600000e+000 -7.8319000e-003
  7.3700000e+000 -2.4800000e-002
  7.3800000e+000 -6.6625000e-002
  7.3900000e+000 -1.1891000e-001
  7.4000000e+000 -1.6545000e-001
  7.4100000e+000 -2.0238000e-001
  7.4200000e+000 -2.3157000e-001
  7.4300000e+000 -2.4834000e-001
  7.4400000e+000 -2.4494000e-001
  7.4500000e+000 -2.2190000e-001
  7.4600000e+000 -1.8363000e-001
  7.4700000e+000 -1.2874000e-001
  7.4800000e+000 -5.3447000e-002
  7.4900000e+000  3.9921000e-002
  7.5000000e+000  1.4141000e-001
  7.5100000e+000  2.3517000e-001
  7.5200000e+000  3.0398000e-001
  7.5300000e+000  3.4049000e-001
  7.5400000e+000  3.4970000e-001
  7.5500000e+000  3.3614000e-001
  7.5600000e+000  2.9490000e-001
  7.5700000e+000  2.2584000e-001
  7.5800000e+000  1.4490000e-001
  7.5900000e+000  6.7830000e-002
  7.6000000e+000 -7.3765000e-003
  7.6100000e+000 -8.5961000e-002
  7.6200000e+000 -1.5726000e-001
  7.6300000e+000 -2.0531000e-001
  7.6400000e+000 -2.2947000e-001
  7.6500000e+000 -2.4028000e-001
  7.6600000e+000 -2.4280000e-001
  7.6700000e+000 -2.3541000e-001
  7.6800000e+000 -2.1907000e-001
  7.6900000e+000 -1.9517000e-001
  7.7000000e+000 -1.6118000e-001
  7.7100000e+000 -1.1791000e-001
  7.7200000e+000 -7.2896000e-002
  7.7300000e+000 -3.0475000e-002
  7.7400000e+000  1.2072000e-002
  7.7500000e+000  5.2157000e-002
  7.7600000e+000  7.5681000e-002
  7.7700000e+000  6.9988000e-002
  7.7800000e+000  3.9381000e-002
  7.7900000e+000  3.7690000e-004
  7.8000000e+000 -3.4683000e-002
  7.8100000e+000 -6.2555000e-002
  7.8200000e+000 -8.3761000e-002
  7.8300000e+000 -1.0005000e-001
  7.8400000e+000 -1.1407000e-001
  7.8500000e+000 -1.2638000e-001
  7.8600000e+000 -1.3801000e-001
  7.8700000e+000 -1.5400000e-001
  7.8800000e+000 -1.7799000e-001
  7.8900000e+000 -2.0187000e-001
  7.9000000e+000 -2.1102000e-001
  7.9100000e+000 -2.0203000e-001
  7.9200000e+000 -1.8824000e-001
  7.9300000e+000 -1.8258000e-001
  7.9400000e+000 -1.8371000e-001
  7.9500000e+000 -1.8363000e-001
  7.9600000e+000 -1.7966000e-001
  7.9700000e+000 -1.7278000e-001
  7.9800000e+000 -1.6057000e-001
  7.9900000e+000 -1.4116000e-001
  8.0000000e+000 -1.1813000e-001
  8.0100000e+000 -9.5561000e-002
  8.0200000e+000 -6.9107000e-002
  8.0300000e+000 -3.0811000e-002
  8.0400000e+000  2.0216000e-002
  8.0500000e+000  7.5538000e-002
  8.0600000e+000  1.2684000e-001
  8.0700000e+000  1.6925000e-001
  8.0800000e+000  1.9872000e-001
  8.0900000e+000  2.1179000e-001
  8.1000000e+000  2.1114000e-001
  8.1100000e+000  2.0334000e-001
  8.1200000e+000  1.9411000e-001
  8.1300000e+000  1.8717000e-001
  8.1400000e+000  1.8520000e-001
  8.1500000e+000  1.8505000e-001
  8.1600000e+000  1.7980000e-001
  8.1700000e+000  1.6903000e-001
  8.1800000e+000  1.6062000e-001
  8.1900000e+000  1.5839000e-001
  8.2000000e+000  1.5666000e-001
  8.2100000e+000  1.5110000e-001
  8.2200000e+000  1.4611000e-001
  8.2300000e+000  1.4724000e-001
  8.2400000e+000  1.5358000e-001
  8.2500000e+000  1.6089000e-001
  8.2600000e+000  1.6548000e-001
  8.2700000e+000  1.6510000e-001
  8.2800000e+000  1.6127000e-001
  8.2900000e+000  1.5926000e-001
  8.3000000e+000  1.5884000e-001
  8.3100000e+000  1.5290000e-001
  8.3200000e+000  1.3655000e-001
  8.3300000e+000  1.1363000e-001
  8.3400000e+000  8.8876000e-002
  8.3500000e+000  6.3804000e-002
  8.3600000e+000  3.8987000e-002
  8.3700000e+000  1.5656000e-002
  8.3800000e+000 -6.4469000e-003
  8.3900000e+000 -2.6241000e-002
  8.4000000e+000 -4.0279000e-002
  8.4100000e+000 -4.8514000e-002
  8.4200000e+000 -5.6042000e-002
  8.4300000e+000 -6.3531000e-002
  8.4400000e+000 -6.5312000e-002
  8.4500000e+000 -5.9662000e-002
  8.4600000e+000 -5.2186000e-002
  8.4700000e+000 -4.4600000e-002
  8.4800000e+000 -3.1820000e-002
  8.4900000e+000 -1.2149000e-002
  8.5000000e+000  9.1486000e-003
  8.5100000e+000  2.8833000e-002
  8.5200000e+000  4.8089000e-002
  8.5300000e+000  6.4910000e-002
  8.5400000e+000  7.4722000e-002
  8.5500000e+000  7.7302000e-002
  8.5600000e+000  7.5060000e-002
  8.5700000e+000  6.5011000e-002
  8.5800000e+000  4.3072000e-002
  8.5900000e+000  1.2775000e-002
  8.6000000e+000 -1.6240000e-002
  8.6100000e+000 -3.8652000e-002
  8.6200000e+000 -5.5123000e-002
  8.6300000e+000 -6.8477000e-002
  8.6400000e+000 -8.1133000e-002
  8.6500000e+000 -9.4333000e-002
  8.6600000e+000 -1.0572000e-001
  8.6700000e+000 -1.1311000e-001
  8.6800000e+000 -1.1880000e-001
  8.6900000e+000 -1.2620000e-001
  8.7000000e+000 -1.3371000e-001
  8.7100000e+000 -1.3855000e-001
  8.7200000e+000 -1.4123000e-001
  8.7300000e+000 -1.4102000e-001
  8.7400000e+000 -1.3159000e-001
  8.7500000e+000 -1.0955000e-001
  8.7600000e+000 -8.0891000e-002
  8.7700000e+000 -5.3042000e-002
  8.7800000e+000 -2.6420000e-002
  8.7900000e+000 -4.9829000e-004
  8.8000000e+000  2.0822000e-002
  8.8100000e+000  3.5823000e-002
  8.8200000e+000  4.9760000e-002
  8.8300000e+000  6.7772000e-002
  8.8400000e+000  8.8683000e-002
  8.8500000e+000  1.0703000e-001
  8.8600000e+000  1.1647000e-001
  8.8700000e+000  1.1230000e-001
  8.8800000e+000  9.7550000e-002
  8.8900000e+000  8.1824000e-002
  8.9000000e+000  6.8055000e-002
  8.9100000e+000  4.7086000e-002
  8.9200000e+000  1.3606000e-002
  8.9300000e+000 -2.2007000e-002
  8.9400000e+000 -4.6194000e-002
  8.9500000e+000 -5.7411000e-002
  8.9600000e+000 -6.0134000e-002
  8.9700000e+000 -5.2459000e-002
  8.9800000e+000 -3.0183000e-002
  8.9900000e+000  1.1047000e-003
  9.0000000e+000  2.8109000e-002
  9.0100000e+000  4.1507000e-002
  9.0200000e+000  4.2090000e-002
  9.0300000e+000  3.6844000e-002
  9.0400000e+000  3.3680000e-002
  9.0500000e+000  3.6223000e-002
  9.0600000e+000  4.2311000e-002
  9.0700000e+000  4.7246000e-002
  9.0800000e+000  4.8922000e-002
  9.0900000e+000  4.7862000e-002
  9.1000000e+000  4.3795000e-002
  9.1100000e+000  3.5290000e-002
  9.1200000e+000  2.2459000e-002
  9.1300000e+000  7.5195000e-003
  9.1400000e+000 -6.6695000e-003
  9.1500000e+000 -1.7065000e-002
  9.1600000e+000 -2.1077000e-002
  9.1700000e+000 -1.9433000e-002
  9.1800000e+000 -1.7322000e-002
  9.1900000e+000 -2.0516000e-002
  9.2000000e+000 -3.0955000e-002
  9.2100000e+000 -4.6582000e-002
  9.2200000e+000 -6.3357000e-002
  9.2300000e+000 -7.4575000e-002
  9.2400000e+000 -7.3372000e-002
  9.2500000e+000 -5.8517000e-002
  9.2600000e+000 -3.5566000e-002
  9.2700000e+000 -8.2285000e-003
  9.2800000e+000  2.5866000e-002
  9.2900000e+000  6.7100000e-002
  9.3000000e+000  1.0627000e-001
  9.3100000e+000  1.3104000e-001
  9.3200000e+000  1.3721000e-001
  9.3300000e+000  1.2928000e-001
  9.3400000e+000  1.1419000e-001
  9.3500000e+000  9.6455000e-002
  9.3600000e+000  7.8721000e-002
  9.3700000e+000  6.3042000e-002
  9.3800000e+000  5.3521000e-002
  9.3900000e+000  5.2779000e-002
  9.4000000e+000  5.7712000e-002
  9.4100000e+000  6.1091000e-002
  9.4200000e+000  6.1976000e-002
  9.4300000e+000  6.6039000e-002
  9.4400000e+000  7.5739000e-002
  9.4500000e+000  8.6465000e-002
  9.4600000e+000  9.5052000e-002
  9.4700000e+000  1.0419000e-001
  9.4800000e+000  1.1553000e-001
  9.4900000e+000  1.2616000e-001
  9.5000000e+000  1.3168000e-001
  9.5100000e+000  1.2776000e-001
  9.5200000e+000  1.0894000e-001
  9.5300000e+000  7.5073000e-002
  9.5400000e+000  3.4950000e-002
  9.5500000e+000 -2.1654000e-003
  9.5600000e+000 -3.6014000e-002
  9.5700000e+000 -6.9961000e-002
  9.5800000e+000 -1.0288000e-001
  9.5900000e+000 -1.3154000e-001
  9.6000000e+000 -1.5633000e-001
  9.6100000e+000 -1.7900000e-001
  9.6200000e+000 -2.0009000e-001
  9.6300000e+000 -2.2260000e-001
  9.6400000e+000 -2.5042000e-001
  9.6500000e+000 -2.8021000e-001
  9.6600000e+000 -3.0165000e-001
  9.6700000e+000 -3.0991000e-001
  9.6800000e+000 -3.0892000e-001
  9.6900000e+000 -3.0081000e-001
  9.7000000e+000 -2.8044000e-001
  9.7100000e+000 -2.4539000e-001
  9.7200000e+000 -2.0206000e-001
  9.7300000e+000 -1.5696000e-001
  9.7400000e+000 -1.1044000e-001
  9.7500000e+000 -6.5199000e-002
  9.7600000e+000 -3.1526000e-002
  9.7700000e+000 -1.4700000e-002
  9.7800000e+000 -5.3901000e-003
  9.7900000e+000  7.2333000e-003
  9.8000000e+000  1.8355000e-002
  9.8100000e+000  1.5399000e-002
  9.8200000e+000 -3.2630000e-003
  9.8300000e+000 -2.7844000e-002
  9.8400000e+000 -5.2114000e-002
  9.8500000e+000 -7.6412000e-002
  9.8600000e+000 -9.9012000e-002
  9.8700000e+000 -1.1401000e-001
  9.8800000e+000 -1.1916000e-001
  9.8900000e+000 -1.1783000e-001
  9.9000000e+000 -1.1410000e-001
  9.9100000e+000 -1.1021000e-001
  9.9200000e+000 -1.0616000e-001
  9.9300000e+000 -9.9073000e-002
  9.9400000e+000 -8.4753000e-002
  9.9500000e+000 -6.2622000e-002
  9.9600000e+000 -3.5039000e-002
  9.9700000e+000 -3.5871000e-003
  9.9800000e+000  3.2053000e-002
  9.9900000e+000  6.9914000e-002
  1.0000000e+001  1.0614000e-001
  1.0010000e+001  1.3897000e-001
  1.0020000e+001  1.6847000e-001
  1.0030000e+001  1.9301000e-001
  1.0040000e+001  2.1084000e-001
  1.0050000e+001  2.2363000e-001
  1.0060000e+001  2.3350000e-001
  1.0070000e+001  2.3863000e-001
  1.0080000e+001  2.3477000e-001
  1.0090000e+001  2.2028000e-001
  1.0100000e+001  1.9874000e-001
  1.0110000e+001  1.7548000e-001
  1.0120000e+001  1.5264000e-001
  1.0130000e+001  1.2822000e-001
  1.0140000e+001  1.0097000e-001
  1.0150000e+001  7.3608000e-002
  1.0160000e+001  5.0879000e-002
  1.0170000e+001  3.4754000e-002
  1.0180000e+001  2.4771000e-002
  1.0190000e+001  2.1695000e-002
  1.0200000e+001  2.5811000e-002
  1.0210000e+001  3.3342000e-002
  1.0220000e+001  4.0327000e-002
  1.0230000e+001  4.8161000e-002
  1.0240000e+001  5.7104000e-002
  1.0250000e+001  6.0170000e-002
  1.0260000e+001  5.0799000e-002
  1.0270000e+001  3.3995000e-002
  1.0280000e+001  1.9560000e-002
  1.0290000e+001  8.9289000e-003
  1.0300000e+001 -3.2566000e-003
  1.0310000e+001 -1.8152000e-002
  1.0320000e+001 -3.2608000e-002
  1.0330000e+001 -4.5807000e-002
  1.0340000e+001 -5.7923000e-002
  1.0350000e+001 -6.6878000e-002
  1.0360000e+001 -7.1642000e-002
  1.0370000e+001 -7.3417000e-002
  1.0380000e+001 -6.9017000e-002
  1.0390000e+001 -5.2875000e-002
  1.0400000e+001 -2.8495000e-002
  1.0410000e+001 -8.2688000e-003
  1.0420000e+001  3.1314000e-003
  1.0430000e+001  1.3438000e-002
  1.0440000e+001  2.9037000e-002
  1.0450000e+001  4.6689000e-002
  1.0460000e+001  6.2351000e-002
  1.0470000e+001  7.7883000e-002
  1.0480000e+001  9.4986000e-002
  1.0490000e+001  1.1019000e-001
  1.0500000e+001  1.1883000e-001
  1.0510000e+001  1.2007000e-001
  1.0520000e+001  1.1588000e-001
  1.0530000e+001  1.0925000e-001
  1.0540000e+001  1.0245000e-001
  1.0550000e+001  9.5588000e-002
  1.0560000e+001  8.7497000e-002
  1.0570000e+001  7.8470000e-002
  1.0580000e+001  6.8969000e-002
  1.0590000e+001  5.6032000e-002
  1.0600000e+001  3.4927000e-002
  1.0610000e+001  4.9912000e-003
  1.0620000e+001 -2.9974000e-002
  1.0630000e+001 -6.5624000e-002
  1.0640000e+001 -9.9452000e-002
  1.0650000e+001 -1.2948000e-001
  1.0660000e+001 -1.5434000e-001
  1.0670000e+001 -1.7260000e-001
  1.0680000e+001 -1.8148000e-001
  1.0690000e+001 -1.7802000e-001
  1.0700000e+001 -1.6311000e-001
  1.0710000e+001 -1.4107000e-001
  1.0720000e+001 -1.1335000e-001
  1.0730000e+001 -7.8081000e-002
  1.0740000e+001 -3.7376000e-002
  1.0750000e+001 -5.2891000e-004
  1.0760000e+001  2.5114000e-002
  1.0770000e+001  4.3664000e-002
  1.0780000e+001  6.5559000e-002
  1.0790000e+001  9.3662000e-002
  1.0800000e+001  1.1914000e-001
  1.0810000e+001  1.3139000e-001
  1.0820000e+001  1.2756000e-001
  1.0830000e+001  1.1208000e-001
  1.0840000e+001  9.0011000e-002
  1.0850000e+001  6.3694000e-002
  1.0860000e+001  3.4821000e-002
  1.0870000e+001  6.8408000e-003
  1.0880000e+001 -1.6333000e-002
  1.0890000e+001 -3.3416000e-002
  1.0900000e+001 -4.6733000e-002
  1.0910000e+001 -5.8124000e-002
  1.0920000e+001 -6.5057000e-002
  1.0930000e+001 -6.2648000e-002
  1.0940000e+001 -5.0411000e-002
  1.0950000e+001 -3.2889000e-002
  1.0960000e+001 -1.3882000e-002
  1.0970000e+001  7.4652000e-003
  1.0980000e+001  3.1677000e-002
  1.0990000e+001  5.4370000e-002
  1.1000000e+001  6.9839000e-002
  1.1010000e+001  7.7332000e-002
  1.1020000e+001  7.9196000e-002
  1.1030000e+001  7.5254000e-002
  1.1040000e+001  6.2650000e-002
  1.1050000e+001  3.9834000e-002
  1.1060000e+001  8.0303000e-003
  1.1070000e+001 -3.0821000e-002
  1.1080000e+001 -7.4061000e-002
  1.1090000e+001 -1.1787000e-001
  1.1100000e+001 -1.5759000e-001
  1.1110000e+001 -1.8988000e-001
  1.1120000e+001 -2.1325000e-001
  1.1130000e+001 -2.2848000e-001
  1.1140000e+001 -2.3707000e-001
  1.1150000e+001 -2.3967000e-001
  1.1160000e+001 -2.3578000e-001
  1.1170000e+001 -2.2541000e-001
  1.1180000e+001 -2.0824000e-001
  1.1190000e+001 -1.8314000e-001
  1.1200000e+001 -1.5073000e-001
  1.1210000e+001 -1.1527000e-001
  1.1220000e+001 -7.9951000e-002
  1.1230000e+001 -4.3314000e-002
  1.1240000e+001 -4.9175000e-003
  1.1250000e+001  2.8882000e-002
  1.1260000e+001  5.1943000e-002
  1.1270000e+001  6.7382000e-002
  1.1280000e+001  8.2302000e-002
  1.1290000e+001  9.6503000e-002
  1.1300000e+001  1.0537000e-001
  1.1310000e+001  1.0928000e-001
  1.1320000e+001  1.1289000e-001
  1.1330000e+001  1.1813000e-001
  1.1340000e+001  1.2368000e-001
  1.1350000e+001  1.2932000e-001
  1.1360000e+001  1.3513000e-001
  1.1370000e+001  1.3979000e-001
  1.1380000e+001  1.4123000e-001
  1.1390000e+001  1.3819000e-001
  1.1400000e+001  1.2809000e-001
  1.1410000e+001  1.1039000e-001
  1.1420000e+001  9.1001000e-002
  1.1430000e+001  7.7616000e-002
  1.1440000e+001  7.0628000e-002
  1.1450000e+001  6.4659000e-002
  1.1460000e+001  5.7354000e-002
  1.1470000e+001  5.0460000e-002
  1.1480000e+001  4.4403000e-002
  1.1490000e+001  3.7817000e-002
  1.1500000e+001  3.0771000e-002
  1.1510000e+001  2.3661000e-002
  1.1520000e+001  1.5546000e-002
  1.1530000e+001  7.3891000e-003
  1.1540000e+001  2.7914000e-003
  1.1550000e+001  2.2015000e-003
  1.1560000e+001  1.6670000e-003
  1.1570000e+001 -8.3413000e-004
  1.1580000e+001 -2.4830000e-003
  1.1590000e+001 -2.2674000e-003
  1.1600000e+001 -3.7175000e-003
  1.1610000e+001 -1.0342000e-002
  1.1620000e+001 -2.2307000e-002
  1.1630000e+001 -3.9599000e-002
  1.1640000e+001 -6.2022000e-002
  1.1650000e+001 -8.7062000e-002
  1.1660000e+001 -1.1056000e-001
  1.1670000e+001 -1.2997000e-001
  1.1680000e+001 -1.4360000e-001
  1.1690000e+001 -1.5033000e-001
  1.1700000e+001 -1.5024000e-001
  1.1710000e+001 -1.4326000e-001
  1.1720000e+001 -1.2794000e-001
  1.1730000e+001 -1.0512000e-001
  1.1740000e+001 -8.0403000e-002
  1.1750000e+001 -5.7759000e-002
  1.1760000e+001 -3.5173000e-002
  1.1770000e+001 -1.0213000e-002
  1.1780000e+001  1.3650000e-002
  1.1790000e+001  3.2062000e-002
  1.1800000e+001  4.4950000e-002
  1.1810000e+001  5.1922000e-002
  1.1820000e+001  5.0148000e-002
  1.1830000e+001  4.0170000e-002
  1.1840000e+001  2.7543000e-002
  1.1850000e+001  1.5291000e-002
  1.1860000e+001  4.1782000e-003
  1.1870000e+001 -5.2276000e-004
  1.1880000e+001  6.8531000e-003
  1.1890000e+001  2.0533000e-002
  1.1900000e+001  2.8726000e-002
  1.1910000e+001  3.1516000e-002
  1.1920000e+001  3.8935000e-002
  1.1930000e+001  5.2133000e-002
  1.1940000e+001  6.0205000e-002
  1.1950000e+001  5.7771000e-002
  1.1960000e+001  5.1263000e-002
  1.1970000e+001  4.6174000e-002
  1.1980000e+001  3.9690000e-002
  1.1990000e+001  2.9815000e-002
  1.2000000e+001  1.9667000e-002
  1.2010000e+001  1.0184000e-002
  1.2020000e+001 -2.1842000e-003
  1.2030000e+001 -1.6632000e-002
  1.2040000e+001 -2.7148000e-002
  1.2050000e+001 -3.0149000e-002
  1.2060000e+001 -2.7373000e-002
  1.2070000e+001 -1.9166000e-002
  1.2080000e+001 -5.2438000e-003
  1.2090000e+001  9.9102000e-003
  1.2100000e+001  1.8564000e-002
  1.2110000e+001  1.9289000e-002
  1.2120000e+001  1.7074000e-002
  1.2130000e+001  1.5270000e-002
  1.2140000e+001  1.2018000e-002
  1.2150000e+001  4.9567000e-003
  1.2160000e+001 -5.7857000e-003
  1.2170000e+001 -1.7575000e-002
  1.2180000e+001 -2.6531000e-002
  1.2190000e+001 -2.9561000e-002
  1.2200000e+001 -2.7595000e-002
  1.2210000e+001 -2.2550000e-002
  1.2220000e+001 -1.3320000e-002
  1.2230000e+001  1.5868000e-003
  1.2240000e+001  1.8125000e-002
  1.2250000e+001  3.1169000e-002
  1.2260000e+001  4.3271000e-002
  1.2270000e+001  6.1155000e-002
  1.2280000e+001  8.3760000e-002
  1.2290000e+001  1.0119000e-001
  1.2300000e+001  1.0719000e-001
  1.2310000e+001  1.0515000e-001
  1.2320000e+001  1.0010000e-001
  1.2330000e+001  9.0763000e-002
  1.2340000e+001  7.3415000e-002
  1.2350000e+001  4.9609000e-002
  1.2360000e+001  2.5255000e-002
  1.2370000e+001  4.6471000e-003
  1.2380000e+001 -1.3634000e-002
  1.2390000e+001 -3.2866000e-002
  1.2400000e+001 -5.3261000e-002
  1.2410000e+001 -7.1569000e-002
  1.2420000e+001 -8.6133000e-002
  1.2430000e+001 -9.7567000e-002
  1.2440000e+001 -1.0617000e-001
  1.2450000e+001 -1.1041000e-001
  1.2460000e+001 -1.0860000e-001
  1.2470000e+001 -1.0104000e-001
  1.2480000e+001 -8.9545000e-002
  1.2490000e+001 -7.5717000e-002
  1.2500000e+001 -6.1017000e-002
  1.2510000e+001 -4.7592000e-002
  1.2520000e+001 -3.6652000e-002
  1.2530000e+001 -2.7187000e-002
  1.2540000e+001 -1.8340000e-002
  1.2550000e+001 -1.1111000e-002
  1.2560000e+001 -6.3962000e-003
  1.2570000e+001 -1.4545000e-003
  1.2580000e+001  6.7274000e-003
  1.2590000e+001  1.6630000e-002
  1.2600000e+001  2.1768000e-002
  1.2610000e+001  1.7964000e-002
  1.2620000e+001  7.7228000e-003
  1.2630000e+001 -2.2557000e-003
  1.2640000e+001 -8.5823000e-003
  1.2650000e+001 -1.2533000e-002
  1.2660000e+001 -1.5535000e-002
  1.2670000e+001 -1.6082000e-002
  1.2680000e+001 -1.2900000e-002
  1.2690000e+001 -7.4597000e-003
  1.2700000e+001 -1.7877000e-003
  1.2710000e+001  4.2718000e-003
  1.2720000e+001  9.9966000e-003
  1.2730000e+001  1.1009000e-002
  1.2740000e+001  3.5183000e-003
  1.2750000e+001 -1.0103000e-002
  1.2760000e+001 -2.5005000e-002
  1.2770000e+001 -4.0426000e-002
  1.2780000e+001 -5.8789000e-002
  1.2790000e+001 -8.0090000e-002
  1.2800000e+001 -1.0077000e-001
  1.2810000e+001 -1.1652000e-001
  1.2820000e+001 -1.2599000e-001
  1.2830000e+001 -1.3012000e-001
  1.2840000e+001 -1.2812000e-001
  1.2850000e+001 -1.1468000e-001
  1.2860000e+001 -8.5663000e-002
  1.2870000e+001 -4.5869000e-002
  1.2880000e+001 -7.2997000e-003
  1.2890000e+001  2.3315000e-002
  1.2900000e+001  4.9370000e-002
  1.2910000e+001  7.4878000e-002
  1.2920000e+001  9.6754000e-002
  1.2930000e+001  1.0976000e-001
  1.2940000e+001  1.1222000e-001
  1.2950000e+001  1.0484000e-001
  1.2960000e+001  8.9259000e-002
  1.2970000e+001  7.0141000e-002
  1.2980000e+001  5.3734000e-002
  1.2990000e+001  4.1587000e-002
  1.3000000e+001  2.8844000e-002
  1.3010000e+001  1.1284000e-002
  1.3020000e+001 -7.9784000e-003
  1.3030000e+001 -2.2767000e-002
  1.3040000e+001 -3.1874000e-002
  1.3050000e+001 -3.8778000e-002
  1.3060000e+001 -4.3702000e-002
  1.3070000e+001 -4.2283000e-002
  1.3080000e+001 -3.2273000e-002
  1.3090000e+001 -1.6937000e-002
  1.3100000e+001  1.4780000e-005
  1.3110000e+001  1.9401000e-002
  1.3120000e+001  4.2201000e-002
  1.3130000e+001  6.4800000e-002
  1.3140000e+001  8.2328000e-002
  1.3150000e+001  9.4842000e-002
  1.3160000e+001  1.0567000e-001
  1.3170000e+001  1.1686000e-001
  1.3180000e+001  1.2762000e-001
  1.3190000e+001  1.3474000e-001
  1.3200000e+001  1.3544000e-001
  1.3210000e+001  1.2987000e-001
  1.3220000e+001  1.1925000e-001
  1.3230000e+001  1.0185000e-001
  1.3240000e+001  7.5992000e-002
  1.3250000e+001  4.7018000e-002
  1.3260000e+001  2.4302000e-002
  1.3270000e+001  1.1393000e-002
  1.3280000e+001  3.6526000e-003
  1.3290000e+001 -2.0282000e-003
  1.3300000e+001 -5.1183000e-003
  1.3310000e+001 -6.6680000e-003
  1.3320000e+001 -9.4302000e-003
  1.3330000e+001 -1.2140000e-002
  1.3340000e+001 -1.3083000e-002
  1.3350000e+001 -1.5435000e-002
  1.3360000e+001 -2.0856000e-002
  1.3370000e+001 -2.3005000e-002
  1.3380000e+001 -1.7100000e-002
  1.3390000e+001 -9.0133000e-003
  1.3400000e+001 -5.5022000e-003
  1.3410000e+001 -2.4116000e-003
  1.3420000e+001  6.8997000e-003
  1.3430000e+001  1.9341000e-002
  1.3440000e+001  2.6921000e-002
  1.3450000e+001  2.8004000e-002
  1.3460000e+001  2.5548000e-002
  1.3470000e+001  2.0286000e-002
  1.3480000e+001  1.2519000e-002
  1.3490000e+001  4.2340000e-003
  1.3500000e+001 -3.7281000e-003
  1.3510000e+001 -1.2459000e-002
  1.3520000e+001 -2.0798000e-002
  1.3530000e+001 -2.7682000e-002
  1.3540000e+001 -3.5411000e-002
  1.3550000e+001 -4.6235000e-002
  1.3560000e+001 -5.7420000e-002
  1.3570000e+001 -6.6396000e-002
  1.3580000e+001 -7.5695000e-002
  1.3590000e+001 -8.8076000e-002
  1.3600000e+001 -1.0060000e-001
  1.3610000e+001 -1.0929000e-001
  1.3620000e+001 -1.1416000e-001
  1.3630000e+001 -1.1447000e-001
  1.3640000e+001 -1.0647000e-001
  1.3650000e+001 -9.0526000e-002
  1.3660000e+001 -7.3214000e-002
  1.3670000e+001 -5.7218000e-002
  1.3680000e+001 -3.9345000e-002
  1.3690000e+001 -2.1191000e-002
  1.3700000e+001 -1.1086000e-002
  1.3710000e+001 -9.7859000e-003
  1.3720000e+001 -7.1512000e-003
  1.3730000e+001  1.5369000e-003
  1.3740000e+001  7.0806000e-003
  1.3750000e+001  2.5499000e-003
  1.3760000e+001 -4.7055000e-003
  1.3770000e+001 -5.6645000e-003
  1.3780000e+001 -3.7878000e-003
  1.3790000e+001 -6.3861000e-003
  1.3800000e+001 -1.2069000e-002
  1.3810000e+001 -1.5162000e-002
  1.3820000e+001 -1.4948000e-002
  1.3830000e+001 -1.3799000e-002
  1.3840000e+001 -1.2138000e-002
  1.3850000e+001 -9.0047000e-003
  1.3860000e+001 -2.1218000e-003
  1.3870000e+001  1.2841000e-002
  1.3880000e+001  3.7147000e-002
  1.3890000e+001  6.3169000e-002
  1.3900000e+001  8.1784000e-002
  1.3910000e+001  9.3595000e-002
  1.3920000e+001  1.0609000e-001
  1.3930000e+001  1.2068000e-001
  1.3940000e+001  1.3105000e-001
  1.3950000e+001  1.3381000e-001
  1.3960000e+001  1.3378000e-001
  1.3970000e+001  1.3657000e-001
  1.3980000e+001  1.4096000e-001
  1.3990000e+001  1.4100000e-001
  1.4000000e+001  1.3342000e-001
  1.4010000e+001  1.1958000e-001
  1.4020000e+001  1.0169000e-001
  1.4030000e+001  8.0106000e-002
  1.4040000e+001  5.5996000e-002
  1.4050000e+001  3.2942000e-002
  1.4060000e+001  1.3488000e-002
  1.4070000e+001 -3.0287000e-003
  1.4080000e+001 -1.7640000e-002
  1.4090000e+001 -2.8387000e-002
  1.4100000e+001 -3.2580000e-002
  1.4110000e+001 -2.9244000e-002
  1.4120000e+001 -1.9674000e-002
  1.4130000e+001 -6.2126000e-003
  1.4140000e+001  7.8780000e-003
  1.4150000e+001  1.9897000e-002
  1.4160000e+001  2.8534000e-002
  1.4170000e+001  3.3785000e-002
  1.4180000e+001  3.6201000e-002
  1.4190000e+001  3.6475000e-002
  1.4200000e+001  3.4497000e-002
  1.4210000e+001  3.0064000e-002
  1.4220000e+001  2.4635000e-002
  1.4230000e+001  2.0405000e-002
  1.4240000e+001  1.6249000e-002
  1.4250000e+001  9.1107000e-003
  1.4260000e+001  2.9008000e-005
  1.4270000e+001 -5.6476000e-003
  1.4280000e+001 -6.7698000e-003
  1.4290000e+001 -8.0066000e-003
  1.4300000e+001 -1.2836000e-002
  1.4310000e+001 -1.9786000e-002
  1.4320000e+001 -2.7399000e-002
  1.4330000e+001 -3.5579000e-002
  1.4340000e+001 -4.3532000e-002
  1.4350000e+001 -4.9812000e-002
  1.4360000e+001 -5.4388000e-002
  1.4370000e+001 -5.5575000e-002
  1.4380000e+001 -5.0934000e-002
  1.4390000e+001 -4.2971000e-002
  1.4400000e+001 -3.9229000e-002
  1.4410000e+001 -4.1186000e-002
  1.4420000e+001 -4.1037000e-002
  1.4430000e+001 -3.3203000e-002
  1.4440000e+001 -2.2878000e-002
  1.4450000e+001 -1.8223000e-002
  1.4460000e+001 -2.0908000e-002
  1.4470000e+001 -2.9103000e-002
  1.4480000e+001 -4.1920000e-002
  1.4490000e+001 -5.6720000e-002
  1.4500000e+001 -6.8564000e-002
  1.4510000e+001 -7.6017000e-002
  1.4520000e+001 -8.3030000e-002
  1.4530000e+001 -9.1717000e-002
  1.4540000e+001 -9.9533000e-002
  1.4550000e+001 -1.0389000e-001
  1.4560000e+001 -1.0654000e-001
  1.4570000e+001 -1.0864000e-001
  1.4580000e+001 -1.0804000e-001
  1.4590000e+001 -1.0197000e-001
  1.4600000e+001 -9.0870000e-002
  1.4610000e+001 -7.6347000e-002
  1.4620000e+001 -5.9788000e-002
  1.4630000e+001 -4.2823000e-002
  1.4640000e+001 -2.7659000e-002
  1.4650000e+001 -1.5289000e-002
  1.4660000e+001 -5.8182000e-003
  1.4670000e+001  9.3079000e-004
  1.4680000e+001  6.2675000e-003
  1.4690000e+001  1.2734000e-002
  1.4700000e+001  2.0967000e-002
  1.4710000e+001  2.9422000e-002
  1.4720000e+001  3.7639000e-002
  1.4730000e+001  4.6637000e-002
  1.4740000e+001  5.4782000e-002
  1.4750000e+001  5.8900000e-002
  1.4760000e+001  6.0159000e-002
  1.4770000e+001  6.3425000e-002
  1.4780000e+001  6.7215000e-002
  1.4790000e+001  6.2592000e-002
  1.4800000e+001  4.5102000e-002
  1.4810000e+001  2.1769000e-002
  1.4820000e+001  1.2691000e-003
  1.4830000e+001 -1.5889000e-002
  1.4840000e+001 -3.4073000e-002
  1.4850000e+001 -5.3211000e-002
  1.4860000e+001 -6.7681000e-002
  1.4870000e+001 -7.3667000e-002
  1.4880000e+001 -7.3905000e-002
  1.4890000e+001 -7.4272000e-002
  1.4900000e+001 -7.6965000e-002
  1.4910000e+001 -7.8579000e-002
  1.4920000e+001 -7.4313000e-002
  1.4930000e+001 -6.2233000e-002
  1.4940000e+001 -4.3807000e-002
  1.4950000e+001 -2.2677000e-002
  1.4960000e+001 -4.3082000e-003
  1.4970000e+001  7.7994000e-003
  1.4980000e+001  1.4808000e-002
  1.4990000e+001  2.0369000e-002
  1.5000000e+001  2.4708000e-002
  1.5010000e+001  2.5389000e-002
  1.5020000e+001  2.1937000e-002
  1.5030000e+001  1.6994000e-002
  1.5040000e+001  1.2477000e-002
  1.5050000e+001  9.4258000e-003
  1.5060000e+001  9.2044000e-003
  1.5070000e+001  1.2107000e-002
  1.5080000e+001  1.5854000e-002
  1.5090000e+001  1.9015000e-002
  1.5100000e+001  2.2678000e-002
  1.5110000e+001  2.7751000e-002
  1.5120000e+001  3.2723000e-002
  1.5130000e+001  3.6849000e-002
  1.5140000e+001  4.1483000e-002
  1.5150000e+001  4.6600000e-002
  1.5160000e+001  4.9715000e-002
  1.5170000e+001  4.9587000e-002
  1.5180000e+001  4.6734000e-002
  1.5190000e+001  4.0410000e-002
  1.5200000e+001  3.0016000e-002
  1.5210000e+001  1.9447000e-002
  1.5220000e+001  1.4475000e-002
  1.5230000e+001  1.5384000e-002
  1.5240000e+001  1.6154000e-002
  1.5250000e+001  1.3223000e-002
  1.5260000e+001  1.0950000e-002
  1.5270000e+001  1.6589000e-002
  1.5280000e+001  3.1978000e-002
  1.5290000e+001  5.2010000e-002
  1.5300000e+001  6.9629000e-002
  1.5310000e+001  8.1495000e-002
  1.5320000e+001  8.9702000e-002
  1.5330000e+001  9.7043000e-002
  1.5340000e+001  1.0199000e-001
  1.5350000e+001  1.0170000e-001
  1.5360000e+001  9.7702000e-002
  1.5370000e+001  9.4438000e-002
  1.5380000e+001  9.2252000e-002
  1.5390000e+001  8.6567000e-002
  1.5400000e+001  7.3807000e-002
  1.5410000e+001  5.6230000e-002
  1.5420000e+001  3.9085000e-002
  1.5430000e+001  2.5100000e-002
  1.5440000e+001  1.2927000e-002
  1.5450000e+001 -1.1650000e-004
  1.5460000e+001 -1.3357000e-002
  1.5470000e+001 -2.2702000e-002
  1.5480000e+001 -2.5968000e-002
  1.5490000e+001 -2.5664000e-002
  1.5500000e+001 -2.4226000e-002
  1.5510000e+001 -2.0601000e-002
  1.5520000e+001 -1.4434000e-002
  1.5530000e+001 -8.2606000e-003
  1.5540000e+001 -4.1288000e-003
  1.5550000e+001 -9.5511000e-004
  1.5560000e+001  9.8303000e-004
  1.5570000e+001  2.5449000e-004
  1.5580000e+001 -1.6018000e-003
  1.5590000e+001 -5.5919000e-004
  1.5600000e+001  3.3757000e-003
  1.5610000e+001  7.7228000e-003
  1.5620000e+001  1.1995000e-002
  1.5630000e+001  1.6446000e-002
  1.5640000e+001  1.8312000e-002
  1.5650000e+001  1.5409000e-002
  1.5660000e+001  9.5036000e-003
  1.5670000e+001  2.5924000e-003
  1.5680000e+001 -6.2808000e-003
  1.5690000e+001 -1.8043000e-002
  1.5700000e+001 -3.1447000e-002
  1.5710000e+001 -4.5164000e-002
  1.5720000e+001 -5.7263000e-002
  1.5730000e+001 -6.4960000e-002
  1.5740000e+001 -6.9490000e-002
  1.5750000e+001 -7.6145000e-002
  1.5760000e+001 -8.4162000e-002
  1.5770000e+001 -8.4238000e-002
  1.5780000e+001 -7.3151000e-002
  1.5790000e+001 -5.9446000e-002
  1.5800000e+001 -4.9892000e-002
  1.5810000e+001 -4.0567000e-002
  1.5820000e+001 -2.8256000e-002
  1.5830000e+001 -1.7080000e-002
  1.5840000e+001 -1.0158000e-002
  1.5850000e+001 -4.3495000e-003
  1.5860000e+001  8.6294000e-004
  1.5870000e+001  1.5433000e-003
  1.5880000e+001 -2.2974000e-003
  1.5890000e+001 -6.3928000e-003
  1.5900000e+001 -1.2023000e-002
  1.5910000e+001 -2.3972000e-002
  1.5920000e+001 -4.0530000e-002
  1.5930000e+001 -5.4637000e-002
  1.5940000e+001 -6.4162000e-002
  1.5950000e+001 -7.2114000e-002
  1.5960000e+001 -7.9473000e-002
  1.5970000e+001 -8.4228000e-002
  1.5980000e+001 -8.6151000e-002
  1.5990000e+001 -8.5789000e-002
  1.6000000e+001 -8.2184000e-002
  1.6010000e+001 -7.5101000e-002
  1.6020000e+001 -6.6931000e-002
  1.6030000e+001 -5.8681000e-002
  1.6040000e+001 -4.9503000e-002
  1.6050000e+001 -3.9864000e-002
  1.6060000e+001 -3.1805000e-002
  1.6070000e+001 -2.5286000e-002
  1.6080000e+001 -1.8056000e-002
  1.6090000e+001 -9.3305000e-003
  1.6100000e+001 -8.6073000e-004
  1.6110000e+001  5.5190000e-003
  1.6120000e+001  1.0233000e-002
  1.6130000e+001  1.4609000e-002
  1.6140000e+001  1.9340000e-002
  1.6150000e+001  2.3731000e-002
  1.6160000e+001  2.6738000e-002
  1.6170000e+001  2.8700000e-002
  1.6180000e+001  3.1592000e-002
  1.6190000e+001  3.6403000e-002
  1.6200000e+001  4.1517000e-002
  1.6210000e+001  4.4546000e-002
  1.6220000e+001  4.5090000e-002
  1.6230000e+001  4.4991000e-002
  1.6240000e+001  4.5710000e-002
  1.6250000e+001  4.5297000e-002
  1.6260000e+001  3.9438000e-002
  1.6270000e+001  2.8147000e-002
  1.6280000e+001  1.8576000e-002
  1.6290000e+001  1.7113000e-002
  1.6300000e+001  2.0817000e-002
  1.6310000e+001  2.2835000e-002
  1.6320000e+001  2.2706000e-002
  1.6330000e+001  2.5506000e-002
  1.6340000e+001  3.3141000e-002
  1.6350000e+001  4.2632000e-002
  1.6360000e+001  5.0940000e-002
  1.6370000e+001  5.7071000e-002
  1.6380000e+001  6.0828000e-002
  1.6390000e+001  6.3343000e-002
  1.6400000e+001  6.5936000e-002
  1.6410000e+001  6.6443000e-002
  1.6420000e+001  6.0797000e-002
  1.6430000e+001  4.9929000e-002
  1.6440000e+001  3.8885000e-002
  1.6450000e+001  2.9004000e-002
  1.6460000e+001  1.7545000e-002
  1.6470000e+001  4.8727000e-003
  1.6480000e+001 -4.9357000e-003
  1.6490000e+001 -1.1088000e-002
  1.6500000e+001 -1.6987000e-002
  1.6510000e+001 -2.3693000e-002
  1.6520000e+001 -2.8192000e-002
  1.6530000e+001 -3.0126000e-002
  1.6540000e+001 -3.3816000e-002
  1.6550000e+001 -4.1692000e-002
  1.6560000e+001 -5.0937000e-002
  1.6570000e+001 -5.8745000e-002
  1.6580000e+001 -6.6631000e-002
  1.6590000e+001 -7.5621000e-002
  1.6600000e+001 -8.2765000e-002
  1.6610000e+001 -8.4738000e-002
  1.6620000e+001 -8.4372000e-002
  1.6630000e+001 -8.6971000e-002
  1.6640000e+001 -9.3144000e-002
  1.6650000e+001 -9.7650000e-002
  1.6660000e+001 -9.6300000e-002
  1.6670000e+001 -9.0414000e-002
  1.6680000e+001 -8.5325000e-002
  1.6690000e+001 -8.4885000e-002
  1.6700000e+001 -8.6111000e-002
  1.6710000e+001 -8.2204000e-002
  1.6720000e+001 -7.1916000e-002
  1.6730000e+001 -6.1711000e-002
  1.6740000e+001 -5.4684000e-002
  1.6750000e+001 -4.5249000e-002
  1.6760000e+001 -2.9801000e-002
  1.6770000e+001 -1.4117000e-002
  1.6780000e+001 -3.2787000e-003
  1.6790000e+001  8.3350000e-003
  1.6800000e+001  2.6757000e-002
  1.6810000e+001  4.7056000e-002
  1.6820000e+001  5.9851000e-002
  1.6830000e+001  6.4334000e-002
  1.6840000e+001  6.5079000e-002
  1.6850000e+001  6.3192000e-002
  1.6860000e+001  5.6735000e-002
  1.6870000e+001  4.6557000e-002
  1.6880000e+001  3.6385000e-002
  1.6890000e+001  2.9580000e-002
  1.6900000e+001  2.6134000e-002
  1.6910000e+001  2.1350000e-002
  1.6920000e+001  9.9025000e-003
  1.6930000e+001 -5.7734000e-003
  1.6940000e+001 -1.6716000e-002
  1.6950000e+001 -1.8892000e-002
  1.6960000e+001 -1.7407000e-002
  1.6970000e+001 -1.6207000e-002
  1.6980000e+001 -1.1928000e-002
  1.6990000e+001 -2.5364000e-003
  1.7000000e+001  7.4230000e-003
  1.7010000e+001  1.3901000e-002
  1.7020000e+001  1.9748000e-002
  1.7030000e+001  2.7357000e-002
  1.7040000e+001  3.3970000e-002
  1.7050000e+001  3.6301000e-002
  1.7060000e+001  3.6685000e-002
  1.7070000e+001  3.8579000e-002
  1.7080000e+001  4.2017000e-002
  1.7090000e+001  4.5368000e-002
  1.7100000e+001  4.9629000e-002
  1.7110000e+001  5.6571000e-002
  1.7120000e+001  6.6112000e-002
  1.7130000e+001  7.6469000e-002
  1.7140000e+001  8.6249000e-002
  1.7150000e+001  9.5018000e-002
  1.7160000e+001  1.0337000e-001
  1.7170000e+001  1.1127000e-001
  1.7180000e+001  1.1692000e-001
  1.7190000e+001  1.1861000e-001
  1.7200000e+001  1.1764000e-001
  1.7210000e+001  1.1582000e-001
  1.7220000e+001  1.1119000e-001
  1.7230000e+001  1.0126000e-001
  1.7240000e+001  8.9163000e-002
  1.7250000e+001  7.9832000e-002
  1.7260000e+001  7.1129000e-002
  1.7270000e+001  5.7472000e-002
  1.7280000e+001  4.1857000e-002
  1.7290000e+001  3.3513000e-002
  1.7300000e+001  3.4061000e-002
  1.7310000e+001  3.6004000e-002
  1.7320000e+001  3.6302000e-002
  1.7330000e+001  3.8013000e-002
  1.7340000e+001  4.0828000e-002
  1.7350000e+001  4.0108000e-002
  1.7360000e+001  3.6039000e-002
  1.7370000e+001  3.1877000e-002
  1.7380000e+001  2.7506000e-002
  1.7390000e+001  2.2837000e-002
  1.7400000e+001  2.3119000e-002
  1.7410000e+001  2.9410000e-002
  1.7420000e+001  3.2248000e-002
  1.7430000e+001  2.4674000e-002
  1.7440000e+001  1.3663000e-002
  1.7450000e+001  7.5107000e-003
  1.7460000e+001  2.6636000e-003
  1.7470000e+001 -7.0282000e-003
  1.7480000e+001 -1.8388000e-002
  1.7490000e+001 -2.6090000e-002
  1.7500000e+001 -3.2413000e-002
  1.7510000e+001 -4.0141000e-002
  1.7520000e+001 -4.5965000e-002
  1.7530000e+001 -4.7406000e-002
  1.7540000e+001 -4.7664000e-002
  1.7550000e+001 -4.8638000e-002
  1.7560000e+001 -4.8818000e-002
  1.7570000e+001 -4.9763000e-002
  1.7580000e+001 -5.4250000e-002
  1.7590000e+001 -5.9269000e-002
  1.7600000e+001 -5.9865000e-002
  1.7610000e+001 -5.9369000e-002
  1.7620000e+001 -6.4009000e-002
  1.7630000e+001 -7.1482000e-002
  1.7640000e+001 -7.4652000e-002
  1.7650000e+001 -7.4811000e-002
  1.7660000e+001 -7.8202000e-002
  1.7670000e+001 -8.5355000e-002
  1.7680000e+001 -9.1814000e-002
  1.7690000e+001 -9.7396000e-002
  1.7700000e+001 -1.0436000e-001
  1.7710000e+001 -1.1296000e-001
  1.7720000e+001 -1.2117000e-001
  1.7730000e+001 -1.2777000e-001
  1.7740000e+001 -1.2998000e-001
  1.7750000e+001 -1.2515000e-001
  1.7760000e+001 -1.1561000e-001
  1.7770000e+001 -1.0642000e-001
  1.7780000e+001 -9.6765000e-002
  1.7790000e+001 -8.0787000e-002
  1.7800000e+001 -5.8437000e-002
  1.7810000e+001 -3.5735000e-002
  1.7820000e+001 -1.7618000e-002
  1.7830000e+001 -3.2874000e-003
  1.7840000e+001  8.5160000e-003
  1.7850000e+001  1.7220000e-002
  1.7860000e+001  2.1014000e-002
  1.7870000e+001  2.0277000e-002
  1.7880000e+001  1.6999000e-002
  1.7890000e+001  1.3634000e-002
  1.7900000e+001  9.2724000e-003
  1.7910000e+001 -4.3774000e-004
  1.7920000e+001 -1.7845000e-002
  1.7930000e+001 -3.7804000e-002
  1.7940000e+001 -5.2778000e-002
  1.7950000e+001 -6.0034000e-002
  1.7960000e+001 -6.2001000e-002
  1.7970000e+001 -6.1088000e-002
  1.7980000e+001 -5.6887000e-002
  1.7990000e+001 -4.7942000e-002
  1.8000000e+001 -3.4232000e-002
  1.8010000e+001 -1.8349000e-002
  1.8020000e+001 -3.1636000e-003
  1.8030000e+001  1.0294000e-002
  1.8040000e+001  2.3262000e-002
  1.8050000e+001  3.5686000e-002
  1.8060000e+001  4.6095000e-002
  1.8070000e+001  5.4046000e-002
  1.8080000e+001  6.0069000e-002
  1.8090000e+001  6.3323000e-002
  1.8100000e+001  6.3399000e-002
  1.8110000e+001  6.3349000e-002
  1.8120000e+001  6.5698000e-002
  1.8130000e+001  6.7689000e-002
  1.8140000e+001  6.5198000e-002
  1.8150000e+001  6.0604000e-002
  1.8160000e+001  5.9123000e-002
  1.8170000e+001  5.9215000e-002
  1.8180000e+001  5.4374000e-002
  1.8190000e+001  4.3981000e-002
  1.8200000e+001  3.3531000e-002
  1.8210000e+001  2.5434000e-002
  1.8220000e+001  1.7960000e-002
  1.8230000e+001  1.2143000e-002
  1.8240000e+001  1.0521000e-002
  1.8250000e+001  1.0230000e-002
  1.8260000e+001  6.9100000e-003
  1.8270000e+001  4.6354000e-003
  1.8280000e+001  1.2211000e-002
  1.8290000e+001  2.9266000e-002
  1.8300000e+001  4.5032000e-002
  1.8310000e+001  5.2240000e-002
  1.8320000e+001  5.4363000e-002
  1.8330000e+001  5.7947000e-002
  1.8340000e+001  6.3904000e-002
  1.8350000e+001  6.8606000e-002
  1.8360000e+001  6.9830000e-002
  1.8370000e+001  6.9716000e-002
  1.8380000e+001  7.2603000e-002
  1.8390000e+001  7.8689000e-002
  1.8400000e+001  8.2292000e-002
  1.8410000e+001  7.9226000e-002
  1.8420000e+001  7.2941000e-002
  1.8430000e+001  6.8489000e-002
  1.8440000e+001  6.5056000e-002
  1.8450000e+001  5.9471000e-002
  1.8460000e+001  5.2493000e-002
  1.8470000e+001  4.5604000e-002
  1.8480000e+001  3.6350000e-002
  1.8490000e+001  2.3490000e-002
  1.8500000e+001  1.2382000e-002
  1.8510000e+001  7.3280000e-003
  1.8520000e+001  4.2260000e-003
  1.8530000e+001 -1.6801000e-003
  1.8540000e+001 -6.9449000e-003
  1.8550000e+001 -6.3607000e-003
  1.8560000e+001 -1.9114000e-003
  1.8570000e+001  1.2846000e-003
  1.8580000e+001  2.9726000e-003
  1.8590000e+001  5.5311000e-003
  1.8600000e+001  7.7928000e-003
  1.8610000e+001  7.2367000e-003
  1.8620000e+001  4.9953000e-003
  1.8630000e+001  3.2305000e-003
  1.8640000e+001  9.1180000e-004
  1.8650000e+001 -3.7273000e-003
  1.8660000e+001 -1.0152000e-002
  1.8670000e+001 -1.7157000e-002
  1.8680000e+001 -2.4301000e-002
  1.8690000e+001 -3.1283000e-002
  1.8700000e+001 -3.8406000e-002
  1.8710000e+001 -4.5887000e-002
  1.8720000e+001 -5.1766000e-002
  1.8730000e+001 -5.3206000e-002
  1.8740000e+001 -5.2458000e-002
  1.8750000e+001 -5.5172000e-002
  1.8760000e+001 -6.1263000e-002
  1.8770000e+001 -6.2353000e-002
  1.8780000e+001 -5.3194000e-002
  1.8790000e+001 -3.8609000e-002
  1.8800000e+001 -2.6598000e-002
  1.8810000e+001 -1.8705000e-002
  1.8820000e+001 -1.0860000e-002
  1.8830000e+001 -4.5350000e-004
  1.8840000e+001  1.0055000e-002
  1.8850000e+001  1.6119000e-002
  1.8860000e+001  1.7618000e-002
  1.8870000e+001  2.0747000e-002
  1.8880000e+001  3.0011000e-002
  1.8890000e+001  3.9262000e-002
  1.8900000e+001  3.8948000e-002
  1.8910000e+001  3.0688000e-002
  1.8920000e+001  2.5274000e-002
  1.8930000e+001  2.6358000e-002
  1.8940000e+001  2.7503000e-002
  1.8950000e+001  2.4273000e-002
  1.8960000e+001  1.9769000e-002
  1.8970000e+001  1.6733000e-002
  1.8980000e+001  1.3150000e-002
  1.8990000e+001  6.8938000e-003
  1.9000000e+001 -8.1308000e-004
  1.9010000e+001 -7.6762000e-003
  1.9020000e+001 -1.2748000e-002
  1.9030000e+001 -1.6572000e-002
  1.9040000e+001 -2.0216000e-002
  1.9050000e+001 -2.2765000e-002
  1.9060000e+001 -2.1734000e-002
  1.9070000e+001 -1.7585000e-002
  1.9080000e+001 -1.4790000e-002
  1.9090000e+001 -1.4849000e-002
  1.9100000e+001 -1.3365000e-002
  1.9110000e+001 -7.8370000e-003
  1.9120000e+001 -2.4437000e-003
  1.9130000e+001 -5.0041000e-004
  1.9140000e+001  7.7041000e-004
  1.9150000e+001  3.3143000e-003
  1.9160000e+001  4.0939000e-003
  1.9170000e+001  1.1719000e-003
  1.9180000e+001 -3.0473000e-003
  1.9190000e+001 -8.0458000e-003
  1.9200000e+001 -1.6257000e-002
  1.9210000e+001 -2.7023000e-002
  1.9220000e+001 -3.6095000e-002
  1.9230000e+001 -4.3656000e-002
  1.9240000e+001 -5.4445000e-002
  1.9250000e+001 -6.9755000e-002
  1.9260000e+001 -8.4599000e-002
  1.9270000e+001 -9.4058000e-002
  1.9280000e+001 -9.7271000e-002
  1.9290000e+001 -9.6670000e-002
  1.9300000e+001 -9.5869000e-002
  1.9310000e+001 -9.6636000e-002
  1.9320000e+001 -9.6108000e-002
  1.9330000e+001 -9.0039000e-002
  1.9340000e+001 -7.9395000e-002
  1.9350000e+001 -6.8444000e-002
  1.9360000e+001 -5.7342000e-002
  1.9370000e+001 -4.2421000e-002
  1.9380000e+001 -2.4626000e-002
  1.9390000e+001 -1.0403000e-002
  1.9400000e+001 -3.0667000e-003
  1.9410000e+001  6.7988000e-004
  1.9420000e+001  5.7284000e-003
  1.9430000e+001  1.3449000e-002
  1.9440000e+001  2.2807000e-002
  1.9450000e+001  3.1003000e-002
  1.9460000e+001  3.5663000e-002
  1.9470000e+001  3.7167000e-002
  1.9480000e+001  3.8653000e-002
  1.9490000e+001  4.1493000e-002
  1.9500000e+001  4.3908000e-002
  1.9510000e+001  4.4444000e-002
  1.9520000e+001  4.3543000e-002
  1.9530000e+001  4.1746000e-002
  1.9540000e+001  3.8398000e-002
  1.9550000e+001  3.3331000e-002
  1.9560000e+001  2.6711000e-002
  1.9570000e+001  1.8738000e-002
  1.9580000e+001  9.9701000e-003
  1.9590000e+001  2.6008000e-003
  1.9600000e+001 -2.4556000e-003
  1.9610000e+001 -6.9224000e-003
  1.9620000e+001 -1.3059000e-002
  1.9630000e+001 -1.9912000e-002
  1.9640000e+001 -2.6458000e-002
  1.9650000e+001 -3.4430000e-002
  1.9660000e+001 -4.5471000e-002
  1.9670000e+001 -5.5599000e-002
  1.9680000e+001 -5.9215000e-002
  1.9690000e+001 -5.7817000e-002
  1.9700000e+001 -5.8094000e-002
  1.9710000e+001 -6.0393000e-002
  1.9720000e+001 -5.8139000e-002
  1.9730000e+001 -5.0681000e-002
  1.9740000e+001 -4.6162000e-002
  1.9750000e+001 -4.6832000e-002
  1.9760000e+001 -4.2940000e-002
  1.9770000e+001 -2.8344000e-002
  1.9780000e+001 -1.1506000e-002
  1.9790000e+001 -2.3678000e-003
  1.9800000e+001  1.7977000e-003
  1.9810000e+001  8.0973000e-003
  1.9820000e+001  1.4826000e-002
  1.9830000e+001  1.5447000e-002
  1.9840000e+001  1.0510000e-002
  1.9850000e+001  6.4687000e-003
  1.9860000e+001  6.9803000e-003
  1.9870000e+001  1.0514000e-002
  1.9880000e+001  1.3837000e-002
  1.9890000e+001  1.4022000e-002
  1.9900000e+001  1.0503000e-002
  1.9910000e+001  6.5023000e-003
  1.9920000e+001  6.1440000e-003
  1.9930000e+001  1.0078000e-002
  1.9940000e+001  1.5324000e-002
  1.9950000e+001  1.9561000e-002
  1.9960000e+001  2.3002000e-002
  1.9970000e+001  2.6793000e-002
  1.9980000e+001  3.0574000e-002
  1.9990000e+001  3.3415000e-002
  2.0000000e+001  3.4660000e-002
  2.0010000e+001  3.4739000e-002
  2.0020000e+001  3.4386000e-002
  2.0030000e+001  3.4162000e-002
  2.0040000e+001  3.4195000e-002
  2.0050000e+001  3.4604000e-002
  2.0060000e+001  3.4604000e-002
  2.0070000e+001  3.2888000e-002
  2.0080000e+001  2.9758000e-002
  2.0090000e+001  2.7712000e-002
  2.0100000e+001  2.7902000e-002
  2.0110000e+001  2.8437000e-002
  2.0120000e+001  2.8042000e-002
  2.0130000e+001  2.8765000e-002
  2.0140000e+001  3.2176000e-002
  2.0150000e+001  3.5541000e-002
  2.0160000e+001  3.6209000e-002
  2.0170000e+001  3.6408000e-002
  2.0180000e+001  3.8683000e-002
  2.0190000e+001  3.9739000e-002
  2.0200000e+001  3.6107000e-002
  2.0210000e+001  3.2124000e-002
  2.0220000e+001  3.3408000e-002
  2.0230000e+001  3.5703000e-002
  2.0240000e+001  3.0137000e-002
  2.0250000e+001  1.8742000e-002
  2.0260000e+001  1.2816000e-002
  2.0270000e+001  1.6274000e-002
  2.0280000e+001  2.0731000e-002
  2.0290000e+001  1.9526000e-002
  2.0300000e+001  1.5233000e-002
  2.0310000e+001  1.2964000e-002
  2.0320000e+001  1.3262000e-002
  2.0330000e+001  1.4070000e-002
  2.0340000e+001  1.3723000e-002
  2.0350000e+001  1.2382000e-002
  2.0360000e+001  1.2941000e-002
  2.0370000e+001  1.8255000e-002
  2.0380000e+001  2.5301000e-002
  2.0390000e+001  2.6489000e-002
  2.0400000e+001  2.0082000e-002
  2.0410000e+001  1.3176000e-002
  2.0420000e+001  1.1793000e-002
  2.0430000e+001  1.3706000e-002
  2.0440000e+001  1.4074000e-002
  2.0450000e+001  1.2099000e-002
  2.0460000e+001  9.1231000e-003
  2.0470000e+001  5.4440000e-003
  2.0480000e+001  7.6289000e-004
  2.0490000e+001 -4.4201000e-003
  2.0500000e+001 -1.0191000e-002
  2.0510000e+001 -1.6207000e-002
  2.0520000e+001 -2.1062000e-002
  2.0530000e+001 -2.2539000e-002
  2.0540000e+001 -2.0413000e-002
  2.0550000e+001 -1.6021000e-002
  2.0560000e+001 -1.1524000e-002
  2.0570000e+001 -8.5735000e-003
  2.0580000e+001 -7.8505000e-003
  2.0590000e+001 -8.2443000e-003
  2.0600000e+001 -8.6373000e-003
  2.0610000e+001 -8.5631000e-003
  2.0620000e+001 -7.1559000e-003
  2.0630000e+001 -3.5191000e-003
  2.0640000e+001 -2.5896000e-004
  2.0650000e+001 -1.8220000e-003
  2.0660000e+001 -8.5724000e-003
  2.0670000e+001 -1.5967000e-002
  2.0680000e+001 -2.1612000e-002
  2.0690000e+001 -2.6813000e-002
  2.0700000e+001 -3.0354000e-002
  2.0710000e+001 -2.8378000e-002
  2.0720000e+001 -2.2591000e-002
  2.0730000e+001 -2.1105000e-002
  2.0740000e+001 -2.6804000e-002
  2.0750000e+001 -3.3071000e-002
  2.0760000e+001 -3.3730000e-002
  2.0770000e+001 -3.1751000e-002
  2.0780000e+001 -3.2133000e-002
  2.0790000e+001 -3.4013000e-002
  2.0800000e+001 -3.3225000e-002
  2.0810000e+001 -2.8269000e-002
  2.0820000e+001 -2.0480000e-002
  2.0830000e+001 -1.2454000e-002
  2.0840000e+001 -6.9174000e-003
  2.0850000e+001 -3.5910000e-003
  2.0860000e+001 -3.4909000e-004
  2.0870000e+001  1.9982000e-003
  2.0880000e+001 -9.5618000e-004
  2.0890000e+001 -8.6970000e-003
  2.0900000e+001 -1.3157000e-002
  2.0910000e+001 -7.6192000e-003
  2.0920000e+001  4.4420000e-003
  2.0930000e+001  1.5176000e-002
  2.0940000e+001  2.2488000e-002
  2.0950000e+001  2.9753000e-002
  2.0960000e+001  3.8422000e-002
  2.0970000e+001  4.6771000e-002
  2.0980000e+001  5.3167000e-002
  2.0990000e+001  5.7021000e-002
  2.1000000e+001  5.8471000e-002
  2.1010000e+001  5.8223000e-002
  2.1020000e+001  5.6041000e-002
  2.1030000e+001  5.0241000e-002
  2.1040000e+001  3.9818000e-002
  2.1050000e+001  2.5943000e-002
  2.1060000e+001  9.8440000e-003
  2.1070000e+001 -8.6067000e-003
  2.1080000e+001 -2.9102000e-002
  2.1090000e+001 -4.7928000e-002
  2.1100000e+001 -6.0795000e-002
  2.1110000e+001 -6.6775000e-002
  2.1120000e+001 -6.8232000e-002
  2.1130000e+001 -6.6312000e-002
  2.1140000e+001 -6.1516000e-002
  2.1150000e+001 -5.4659000e-002
  2.1160000e+001 -4.7340000e-002
  2.1170000e+001 -3.9566000e-002
  2.1180000e+001 -3.1905000e-002
  2.1190000e+001 -2.5307000e-002
  2.1200000e+001 -2.1396000e-002
  2.1210000e+001 -2.0292000e-002
  2.1220000e+001 -2.1467000e-002
  2.1230000e+001 -2.3866000e-002
  2.1240000e+001 -2.6466000e-002
  2.1250000e+001 -2.7608000e-002
  2.1260000e+001 -2.6180000e-002
  2.1270000e+001 -2.3589000e-002
  2.1280000e+001 -2.2644000e-002
  2.1290000e+001 -2.4201000e-002
  2.1300000e+001 -2.5217000e-002
  2.1310000e+001 -2.2377000e-002
  2.1320000e+001 -1.6887000e-002
  2.1330000e+001 -1.2464000e-002
  2.1340000e+001 -8.0803000e-003
  2.1350000e+001  1.9909000e-003
  2.1360000e+001  1.7758000e-002
  2.1370000e+001  2.9907000e-002
  2.1380000e+001  3.0805000e-002
  2.1390000e+001  2.5069000e-002
  2.1400000e+001  2.2928000e-002
  2.1410000e+001  2.6660000e-002
  2.1420000e+001  3.0055000e-002
  2.1430000e+001  2.8894000e-002
  2.1440000e+001  2.5044000e-002
  2.1450000e+001  2.1125000e-002
  2.1460000e+001  1.7713000e-002
  2.1470000e+001  1.5791000e-002
  2.1480000e+001  1.6540000e-002
  2.1490000e+001  1.8624000e-002
  2.1500000e+001  1.9519000e-002
  2.1510000e+001  1.8797000e-002
  2.1520000e+001  1.7622000e-002
  2.1530000e+001  1.6459000e-002
  2.1540000e+001  1.6052000e-002
  2.1550000e+001  1.7144000e-002
  2.1560000e+001  1.7475000e-002
  2.1570000e+001  1.2773000e-002
  2.1580000e+001  3.1387000e-003
  2.1590000e+001 -6.9868000e-003
  2.1600000e+001 -1.6332000e-002
  2.1610000e+001 -2.8931000e-002
  2.1620000e+001 -4.5503000e-002
  2.1630000e+001 -6.0942000e-002
  2.1640000e+001 -7.1066000e-002
  2.1650000e+001 -7.6247000e-002
  2.1660000e+001 -7.5963000e-002
  2.1670000e+001 -6.9101000e-002
  2.1680000e+001 -5.8167000e-002
  2.1690000e+001 -4.6933000e-002
  2.1700000e+001 -3.5133000e-002
  2.1710000e+001 -2.1985000e-002
  2.1720000e+001 -1.1112000e-002
  2.1730000e+001 -4.7593000e-003
  2.1740000e+001  2.8579000e-003
  2.1750000e+001  1.8022000e-002
  2.1760000e+001  3.7267000e-002
  2.1770000e+001  5.1679000e-002
  2.1780000e+001  5.7859000e-002
  2.1790000e+001  5.7668000e-002
  2.1800000e+001  5.3153000e-002
  2.1810000e+001  4.5993000e-002
  2.1820000e+001  3.7714000e-002
  2.1830000e+001  2.7675000e-002
  2.1840000e+001  1.6911000e-002
  2.1850000e+001  1.1282000e-002
  2.1860000e+001  1.4399000e-002
  2.1870000e+001  2.0386000e-002
  2.1880000e+001  2.2461000e-002
  2.1890000e+001  2.3672000e-002
  2.1900000e+001  3.0817000e-002
  2.1910000e+001  4.1880000e-002
  2.1920000e+001  5.0278000e-002
  2.1930000e+001  5.7259000e-002
  2.1940000e+001  6.8650000e-002
  2.1950000e+001  8.2813000e-002
  2.1960000e+001  9.2493000e-002
  2.1970000e+001  9.5983000e-002
  2.1980000e+001  9.6490000e-002
  2.1990000e+001  9.3846000e-002
  2.2000000e+001  8.4468000e-002
  2.2010000e+001  6.9010000e-002
  2.2020000e+001  5.1819000e-002
  2.2030000e+001  3.4761000e-002
  2.2040000e+001  1.6916000e-002
  2.2050000e+001  3.6443000e-004
  2.2060000e+001 -1.1304000e-002
  2.2070000e+001 -1.7568000e-002
  2.2080000e+001 -2.0614000e-002
  2.2090000e+001 -2.1109000e-002
  2.2100000e+001 -1.9587000e-002
  2.2110000e+001 -1.8382000e-002
  2.2120000e+001 -1.9843000e-002
  2.2130000e+001 -2.3700000e-002
  2.2140000e+001 -3.0228000e-002
  2.2150000e+001 -4.0262000e-002
  2.2160000e+001 -4.9954000e-002
  2.2170000e+001 -5.1520000e-002
  2.2180000e+001 -4.4406000e-002
  2.2190000e+001 -3.7656000e-002
  2.2200000e+001 -3.8308000e-002
  2.2210000e+001 -4.3666000e-002
  2.2220000e+001 -4.9115000e-002
  2.2230000e+001 -5.4877000e-002
  2.2240000e+001 -6.2018000e-002
  2.2250000e+001 -6.6334000e-002
  2.2260000e+001 -6.3700000e-002
  2.2270000e+001 -5.5267000e-002
  2.2280000e+001 -4.6580000e-002
  2.2290000e+001 -4.0330000e-002
  2.2300000e+001 -3.4223000e-002
  2.2310000e+001 -2.3696000e-002
  2.2320000e+001 -9.8130000e-003
  2.2330000e+001  1.2934000e-003
  2.2340000e+001  7.8490000e-003
  2.2350000e+001  1.6559000e-002
  2.2360000e+001  3.0560000e-002
  2.2370000e+001  4.1074000e-002
  2.2380000e+001  3.9580000e-002
  2.2390000e+001  3.1626000e-002
  2.2400000e+001  2.7915000e-002
  2.2410000e+001  2.8030000e-002
  2.2420000e+001  2.4272000e-002
  2.2430000e+001  1.5739000e-002
  2.2440000e+001  7.5973000e-003
  2.2450000e+001  1.1470000e-003
  2.2460000e+001 -5.5020000e-003
  2.2470000e+001 -1.0738000e-002
  2.2480000e+001 -1.1862000e-002
  2.2490000e+001 -1.0370000e-002
  2.2500000e+001 -8.6221000e-003
  2.2510000e+001 -4.2924000e-003
  2.2520000e+001  4.4188000e-003
  2.2530000e+001  1.3668000e-002
  2.2540000e+001  1.8160000e-002
  2.2550000e+001  1.8689000e-002
  2.2560000e+001  1.8378000e-002
  2.2570000e+001  1.7187000e-002
  2.2580000e+001  1.3642000e-002
  2.2590000e+001  9.3499000e-003
  2.2600000e+001  6.3593000e-003
  2.2610000e+001  3.5841000e-003
  2.2620000e+001 -3.1680000e-004
  2.2630000e+001 -4.4738000e-003
  2.2640000e+001 -8.3703000e-003
  2.2650000e+001 -1.3462000e-002
  2.2660000e+001 -1.9549000e-002
  2.2670000e+001 -2.3127000e-002
  2.2680000e+001 -2.1847000e-002
  2.2690000e+001 -1.6264000e-002
  2.2700000e+001 -7.3971000e-003
  2.2710000e+001  3.7925000e-003
  2.2720000e+001  1.2707000e-002
  2.2730000e+001  1.5022000e-002
  2.2740000e+001  1.2793000e-002
  2.2750000e+001  1.2650000e-002
  2.2760000e+001  1.7048000e-002
  2.2770000e+001  2.3037000e-002
  2.2780000e+001  2.6719000e-002
  2.2790000e+001  2.7275000e-002
  2.2800000e+001  2.5727000e-002
  2.2810000e+001  2.2548000e-002
  2.2820000e+001  1.6329000e-002
  2.2830000e+001  7.4134000e-003
  2.2840000e+001  1.5292000e-003
  2.2850000e+001  5.0816000e-003
  2.2860000e+001  1.4011000e-002
  2.2870000e+001  1.5143000e-002
  2.2880000e+001  3.6861000e-003
  2.2890000e+001 -8.7993000e-003
  2.2900000e+001 -1.0735000e-002
  2.2910000e+001 -5.6390000e-003
  2.2920000e+001 -3.3418000e-003
  2.2930000e+001 -5.1107000e-003
  2.2940000e+001 -6.7583000e-003
  2.2950000e+001 -8.2809000e-003
  2.2960000e+001 -1.1290000e-002
  2.2970000e+001 -1.2514000e-002
  2.2980000e+001 -8.4223000e-003
  2.2990000e+001 -2.1902000e-003
  2.3000000e+001  1.1729000e-003
  2.3010000e+001  3.2456000e-003
  2.3020000e+001  8.3404000e-003
  2.3030000e+001  1.4840000e-002
  2.3040000e+001  1.7130000e-002
  2.3050000e+001  1.3892000e-002
  2.3060000e+001  8.5147000e-003
  2.3070000e+001  3.2725000e-003
  2.3080000e+001 -2.1885000e-003
  2.3090000e+001 -7.4403000e-003
  2.3100000e+001 -1.0494000e-002
  2.3110000e+001 -1.0964000e-002
  2.3120000e+001 -1.0589000e-002
  2.3130000e+001 -1.0740000e-002
  2.3140000e+001 -1.0839000e-002
  2.3150000e+001 -9.5986000e-003
  2.3160000e+001 -6.6757000e-003
  2.3170000e+001 -3.6289000e-003
  2.3180000e+001 -1.6061000e-003
  2.3190000e+001  9.7794000e-004
  2.3200000e+001  6.0284000e-003
  2.3210000e+001  1.0352000e-002
  2.3220000e+001  8.1597000e-003
  2.3230000e+001  6.7414000e-004
  2.3240000e+001 -3.0514000e-003
  2.3250000e+001  1.5257000e-003
  2.3260000e+001  8.0809000e-003
  2.3270000e+001  9.3526000e-003
  2.3280000e+001  6.2402000e-003
  2.3290000e+001  2.8563000e-003
  2.3300000e+001 -5.5709000e-006
  2.3310000e+001 -2.9711000e-003
  2.3320000e+001 -5.1069000e-003
  2.3330000e+001 -5.7276000e-003
  2.3340000e+001 -3.9416000e-003
  2.3350000e+001  1.8016000e-003
  2.3360000e+001  9.0067000e-003
  2.3370000e+001  9.5390000e-003
  2.3380000e+001  6.4013000e-004
  2.3390000e+001 -8.6170000e-003
  2.3400000e+001 -8.9668000e-003
  2.3410000e+001 -3.5048000e-003
  2.3420000e+001  7.1178000e-005
  2.3430000e+001  1.4517000e-003
  2.3440000e+001  4.2625000e-003
  2.3450000e+001  7.1430000e-003
  2.3460000e+001  7.1751000e-003
  2.3470000e+001  6.2324000e-003
  2.3480000e+001  7.6218000e-003
  2.3490000e+001  1.1378000e-002
  2.3500000e+001  1.6702000e-002
  2.3510000e+001  2.3314000e-002
  2.3520000e+001  2.8400000e-002
  2.3530000e+001  2.8440000e-002
  2.3540000e+001  2.4860000e-002
  2.3550000e+001  2.2157000e-002
  2.3560000e+001  2.0592000e-002
  2.3570000e+001  1.6894000e-002
  2.3580000e+001  1.0941000e-002
  2.3590000e+001  6.1054000e-003
  2.3600000e+001  2.6231000e-003
  2.3610000e+001 -2.5290000e-003
  2.3620000e+001 -9.7181000e-003
  2.3630000e+001 -1.4306000e-002
  2.3640000e+001 -1.3708000e-002
  2.3650000e+001 -1.1210000e-002
  2.3660000e+001 -1.1083000e-002
  2.3670000e+001 -1.1364000e-002
  2.3680000e+001 -8.4512000e-003
  2.3690000e+001 -4.4509000e-003
  2.3700000e+001 -4.4971000e-003
  2.3710000e+001 -7.6503000e-003
  2.3720000e+001 -9.5658000e-003
  2.3730000e+001 -1.1438000e-002
  2.3740000e+001 -1.7542000e-002
  2.3750000e+001 -2.4081000e-002
  2.3760000e+001 -2.2509000e-002
  2.3770000e+001 -1.3410000e-002
  2.3780000e+001 -7.8314000e-003
  2.3790000e+001 -1.1839000e-002
  2.3800000e+001 -2.0086000e-002
  2.3810000e+001 -2.4664000e-002
  2.3820000e+001 -2.4690000e-002
  2.3830000e+001 -2.3314000e-002
  2.3840000e+001 -2.2754000e-002
  2.3850000e+001 -2.2011000e-002
  2.3860000e+001 -1.8460000e-002
  2.3870000e+001 -1.1411000e-002
  2.3880000e+001 -6.0083000e-003
  2.3890000e+001 -7.6002000e-003
  2.3900000e+001 -1.4217000e-002
  2.3910000e+001 -1.9345000e-002
  2.3920000e+001 -2.1779000e-002
  2.3930000e+001 -2.5155000e-002
  2.3940000e+001 -2.9908000e-002
  2.3950000e+001 -3.1719000e-002
  2.3960000e+001 -2.9494000e-002
  2.3970000e+001 -2.5756000e-002
  2.3980000e+001 -2.1254000e-002
  2.3990000e+001 -1.4107000e-002
  2.4000000e+001 -6.2570000e-003
  2.4010000e+001 -4.8252000e-004
  2.4020000e+001  3.9670000e-003
  2.4030000e+001  9.2184000e-003
  2.4040000e+001  1.1845000e-002
  2.4050000e+001  8.5945000e-003
  2.4060000e+001  3.1960000e-003
  2.4070000e+001  1.8326000e-003
  2.4080000e+001  3.2012000e-003
  2.4090000e+001  2.3076000e-003
  2.4100000e+001 -1.4725000e-003
  2.4110000e+001 -6.5324000e-003
  2.4120000e+001 -1.4628000e-002
  2.4130000e+001 -2.5962000e-002
  2.4140000e+001 -3.5020000e-002
  2.4150000e+001 -3.7772000e-002
  2.4160000e+001 -3.7495000e-002
  2.4170000e+001 -3.7548000e-002
  2.4180000e+001 -3.7008000e-002
  2.4190000e+001 -3.6273000e-002
  2.4200000e+001 -3.7901000e-002
  2.4210000e+001 -3.8824000e-002
  2.4220000e+001 -3.3727000e-002
  2.4230000e+001 -2.5773000e-002
  2.4240000e+001 -2.3169000e-002
  2.4250000e+001 -2.4144000e-002
  2.4260000e+001 -2.0557000e-002
  2.4270000e+001 -1.2767000e-002
  2.4280000e+001 -9.0164000e-003
  2.4290000e+001 -9.5750000e-003
  2.4300000e+001 -7.6328000e-003
  2.4310000e+001 -1.2000000e-003
  2.4320000e+001  5.4310000e-003
  2.4330000e+001  1.0620000e-002
  2.4340000e+001  1.4558000e-002
  2.4350000e+001  1.6580000e-002
  2.4360000e+001  1.8471000e-002
  2.4370000e+001  2.4615000e-002
  2.4380000e+001  3.3019000e-002
  2.4390000e+001  3.6064000e-002
  2.4400000e+001  3.2527000e-002
  2.4410000e+001  2.9576000e-002
  2.4420000e+001  2.9380000e-002
  2.4430000e+001  2.6027000e-002
  2.4440000e+001  1.7315000e-002
  2.4450000e+001  9.1790000e-003
  2.4460000e+001  5.0045000e-003
  2.4470000e+001  1.3062000e-003
  2.4480000e+001 -4.4354000e-003
  2.4490000e+001 -9.3177000e-003
  2.4500000e+001 -1.0163000e-002
  2.4510000e+001 -7.2219000e-003
  2.4520000e+001 -1.2818000e-003
  2.4530000e+001  6.7356000e-003
  2.4540000e+001  1.4172000e-002
  2.4550000e+001  1.7874000e-002
  2.4560000e+001  1.9135000e-002
  2.4570000e+001  2.1776000e-002
  2.4580000e+001  2.5678000e-002
  2.4590000e+001  2.5268000e-002
  2.4600000e+001  1.7362000e-002
  2.4610000e+001  6.3350000e-003
  2.4620000e+001 -1.3762000e-003
  2.4630000e+001 -6.1371000e-003
  2.4640000e+001 -1.2477000e-002
  2.4650000e+001 -2.0456000e-002
  2.4660000e+001 -2.3919000e-002
  2.4670000e+001 -2.0220000e-002
  2.4680000e+001 -1.2953000e-002
  2.4690000e+001 -5.7918000e-003
  2.4700000e+001  3.4842000e-003
  2.4710000e+001  1.6317000e-002
  2.4720000e+001  2.8731000e-002
  2.4730000e+001  3.4716000e-002
  2.4740000e+001  3.4125000e-002
  2.4750000e+001  3.2168000e-002
  2.4760000e+001  3.2996000e-002
  2.4770000e+001  3.5070000e-002
  2.4780000e+001  3.3915000e-002
  2.4790000e+001  2.8341000e-002
  2.4800000e+001  2.0826000e-002
  2.4810000e+001  1.4638000e-002
  2.4820000e+001  9.3840000e-003
  2.4830000e+001  2.7675000e-003
  2.4840000e+001 -6.3862000e-003
  2.4850000e+001 -1.6060000e-002
  2.4860000e+001 -2.4364000e-002
  2.4870000e+001 -3.1579000e-002
  2.4880000e+001 -3.9092000e-002
  2.4890000e+001 -4.5563000e-002
  2.4900000e+001 -4.6257000e-002
  2.4910000e+001 -3.9072000e-002
  2.4920000e+001 -2.8279000e-002
  2.4930000e+001 -1.9493000e-002
  2.4940000e+001 -1.2514000e-002
  2.4950000e+001 -4.5532000e-003
  2.4960000e+001  3.0746000e-003
  2.4970000e+001  5.9825000e-003
  2.4980000e+001  5.4581000e-003
  2.4990000e+001  7.4325000e-003
  2.5000000e+001  1.2813000e-002
  2.5010000e+001  1.5412000e-002
  2.5020000e+001  1.1137000e-002
  2.5030000e+001  3.2099000e-003
  2.5040000e+001 -4.1182000e-003
  2.5050000e+001 -1.0975000e-002
  2.5060000e+001 -2.0791000e-002
  2.5070000e+001 -3.4868000e-002
  2.5080000e+001 -5.0330000e-002
  2.5090000e+001 -6.1097000e-002
  2.5100000e+001 -6.3646000e-002
  2.5110000e+001 -6.1741000e-002
  2.5120000e+001 -6.1959000e-002
  2.5130000e+001 -6.3890000e-002
  2.5140000e+001 -6.0644000e-002
  2.5150000e+001 -4.9454000e-002
  2.5160000e+001 -3.5010000e-002
  2.5170000e+001 -2.1231000e-002
  2.5180000e+001 -7.5821000e-003
  2.5190000e+001  6.3221000e-003
  2.5200000e+001  1.9437000e-002
  2.5210000e+001  3.2780000e-002
  2.5220000e+001  4.7637000e-002
  2.5230000e+001  6.1005000e-002
  2.5240000e+001  6.9691000e-002
  2.5250000e+001  7.6477000e-002
  2.5260000e+001  8.6748000e-002
  2.5270000e+001  9.9299000e-002
  2.5280000e+001  1.0756000e-001
  2.5290000e+001  1.0715000e-001
  2.5300000e+001  9.9631000e-002
  2.5310000e+001  8.9446000e-002
  2.5320000e+001  7.9252000e-002
  2.5330000e+001  6.8053000e-002
  2.5340000e+001  5.4743000e-002
  2.5350000e+001  4.2993000e-002
  2.5360000e+001  3.7550000e-002
  2.5370000e+001  3.5607000e-002
  2.5380000e+001  2.7689000e-002
  2.5390000e+001  1.0976000e-002
  2.5400000e+001 -5.4399000e-003
  2.5410000e+001 -1.1726000e-002
  2.5420000e+001 -5.8841000e-003
  2.5430000e+001  9.3499000e-003
  2.5440000e+001  2.9331000e-002
  2.5450000e+001  4.6741000e-002
  2.5460000e+001  5.6175000e-002
  2.5470000e+001  5.9348000e-002
  2.5480000e+001  6.0218000e-002
  2.5490000e+001  5.7581000e-002
  2.5500000e+001  4.8612000e-002
  2.5510000e+001  3.6729000e-002
  2.5520000e+001  2.7877000e-002
  2.5530000e+001  2.1994000e-002
  2.5540000e+001  1.4954000e-002
  2.5550000e+001  5.3729000e-003
  2.5560000e+001 -6.0908000e-003
  2.5570000e+001 -1.9861000e-002
  2.5580000e+001 -3.4919000e-002
  2.5590000e+001 -4.7488000e-002
  2.5600000e+001 -5.6199000e-002
  2.5610000e+001 -6.4312000e-002
  2.5620000e+001 -7.3889000e-002
  2.5630000e+001 -8.2279000e-002
  2.5640000e+001 -8.6945000e-002
  2.5650000e+001 -8.8310000e-002
  2.5660000e+001 -8.6639000e-002
  2.5670000e+001 -8.0931000e-002
  2.5680000e+001 -7.3003000e-002
  2.5690000e+001 -6.6147000e-002
  2.5700000e+001 -5.9466000e-002
  2.5710000e+001 -4.8438000e-002
  2.5720000e+001 -3.3287000e-002
  2.5730000e+001 -1.9733000e-002
  2.5740000e+001 -9.8181000e-003
  2.5750000e+001  1.7703000e-003
  2.5760000e+001  1.9029000e-002
  2.5770000e+001  3.7076000e-002
  2.5780000e+001  4.7706000e-002
  2.5790000e+001  4.8201000e-002
  2.5800000e+001  4.1805000e-002
  2.5810000e+001  3.2512000e-002
  2.5820000e+001  2.3409000e-002
  2.5830000e+001  1.8902000e-002
  2.5840000e+001  2.2436000e-002
  2.5850000e+001  3.2628000e-002
  2.5860000e+001  4.2995000e-002
  2.5870000e+001  4.7639000e-002
  2.5880000e+001  4.5124000e-002
  2.5890000e+001  3.8711000e-002
  2.5900000e+001  3.2557000e-002
  2.5910000e+001  2.7361000e-002
  2.5920000e+001  1.9791000e-002
  2.5930000e+001  6.9147000e-003
  2.5940000e+001 -7.8197000e-003
  2.5950000e+001 -1.6374000e-002
  2.5960000e+001 -1.4172000e-002
  2.5970000e+001 -4.7900000e-003
  2.5980000e+001  5.9810000e-003
  2.5990000e+001  1.4813000e-002
  2.6000000e+001  2.0320000e-002
  2.6010000e+001  2.1502000e-002
  2.6020000e+001  2.1209000e-002
  2.6030000e+001  2.3927000e-002
  2.6040000e+001  3.1072000e-002
  2.6050000e+001  3.9370000e-002
  2.6060000e+001  4.6154000e-002
  2.6070000e+001  5.0259000e-002
  2.6080000e+001  5.0773000e-002
  2.6090000e+001  4.6285000e-002
  2.6100000e+001  3.6712000e-002
  2.6110000e+001  2.3099000e-002
  2.6120000e+001  6.5752000e-003
  2.6130000e+001 -1.1319000e-002
  2.6140000e+001 -2.9266000e-002
  2.6150000e+001 -4.7437000e-002
  2.6160000e+001 -6.6499000e-002
  2.6170000e+001 -8.4718000e-002
  2.6180000e+001 -9.9442000e-002
  2.6190000e+001 -1.0907000e-001
  2.6200000e+001 -1.1333000e-001
  2.6210000e+001 -1.1319000e-001
  2.6220000e+001 -1.1094000e-001
  2.6230000e+001 -1.0576000e-001
  2.6240000e+001 -9.1913000e-002
  2.6250000e+001 -6.4857000e-002
  2.6260000e+001 -2.8425000e-002
  2.6270000e+001  8.7852000e-003
  2.6280000e+001  4.0327000e-002
  2.6290000e+001  6.2800000e-002
  2.6300000e+001  7.4222000e-002
  2.6310000e+001  7.5001000e-002
  2.6320000e+001  6.6177000e-002
  2.6330000e+001  4.7489000e-002
  2.6340000e+001  2.1655000e-002
  2.6350000e+001 -1.6741000e-003
  2.6360000e+001 -1.5010000e-002
  2.6370000e+001 -2.2080000e-002
  2.6380000e+001 -3.0630000e-002
  2.6390000e+001 -4.0536000e-002
  2.6400000e+001 -4.7707000e-002
  2.6410000e+001 -5.2668000e-002
  2.6420000e+001 -5.6415000e-002
  2.6430000e+001 -5.5972000e-002
  2.6440000e+001 -4.9732000e-002
  2.6450000e+001 -4.1306000e-002
  2.6460000e+001 -3.1219000e-002
  2.6470000e+001 -1.5431000e-002
  2.6480000e+001  6.1804000e-003
  2.6490000e+001  2.5656000e-002
  2.6500000e+001  3.6898000e-002
  2.6510000e+001  4.1123000e-002
  2.6520000e+001  4.1231000e-002
  2.6530000e+001  3.6271000e-002
  2.6540000e+001  2.4922000e-002
  2.6550000e+001  9.7352000e-003
  2.6560000e+001 -4.1805000e-003
  2.6570000e+001 -1.3987000e-002
  2.6580000e+001 -2.0621000e-002
  2.6590000e+001 -2.6857000e-002
  2.6600000e+001 -3.3099000e-002
  2.6610000e+001 -3.8494000e-002
  2.6620000e+001 -4.3537000e-002
  2.6630000e+001 -5.0237000e-002
  2.6640000e+001 -5.6495000e-002
  2.6650000e+001 -5.6102000e-002
  2.6660000e+001 -4.5929000e-002
  2.6670000e+001 -3.0270000e-002
  2.6680000e+001 -1.4230000e-002
  2.6690000e+001  2.3463000e-003
  2.6700000e+001  2.1186000e-002
  2.6710000e+001  3.9944000e-002
  2.6720000e+001  5.2941000e-002
  2.6730000e+001  5.7351000e-002
  2.6740000e+001  5.6323000e-002
  2.6750000e+001  5.6451000e-002
  2.6760000e+001  6.0707000e-002
  2.6770000e+001  6.5519000e-002
  2.6780000e+001  6.4452000e-002
  2.6790000e+001  5.7020000e-002
  2.6800000e+001  5.0722000e-002
  2.6810000e+001  5.1260000e-002
  2.6820000e+001  5.3103000e-002
  2.6830000e+001  4.8237000e-002
  2.6840000e+001  3.9603000e-002
  2.6850000e+001  3.6769000e-002
  2.6860000e+001  3.9022000e-002
  2.6870000e+001  3.5937000e-002
  2.6880000e+001  2.4018000e-002
  2.6890000e+001  1.2432000e-002
  2.6900000e+001  8.7848000e-003
  2.6910000e+001  1.0274000e-002
  2.6920000e+001  1.1449000e-002
  2.6930000e+001  1.1178000e-002
  2.6940000e+001  9.3852000e-003
  2.6950000e+001  4.9876000e-003
  2.6960000e+001 -5.7860000e-004
  2.6970000e+001 -3.4111000e-003
  2.6980000e+001 -1.6007000e-003
  2.6990000e+001  4.4727000e-003
  2.7000000e+001  1.3234000e-002
  2.7010000e+001  2.1747000e-002
  2.7020000e+001  2.5898000e-002
  2.7030000e+001  2.4278000e-002
  2.7040000e+001  1.8986000e-002
  2.7050000e+001  1.2711000e-002
  2.7060000e+001  6.8793000e-003
  2.7070000e+001  2.0006000e-003
  2.7080000e+001 -2.3899000e-003
  2.7090000e+001 -7.6621000e-003
  2.7100000e+001 -1.2974000e-002
  2.7110000e+001 -1.5376000e-002
  2.7120000e+001 -1.5424000e-002
  2.7130000e+001 -1.7961000e-002
  2.7140000e+001 -2.4765000e-002
  2.7150000e+001 -3.0430000e-002
  2.7160000e+001 -3.0806000e-002
  2.7170000e+001 -2.8114000e-002
  2.7180000e+001 -2.5469000e-002
  2.7190000e+001 -2.0188000e-002
  2.7200000e+001 -9.6985000e-003
  2.7210000e+001  1.8938000e-003
  2.7220000e+001  8.2982000e-003
  2.7230000e+001  1.0173000e-002
  2.7240000e+001  1.3107000e-002
  2.7250000e+001  1.8247000e-002
  2.7260000e+001  2.1138000e-002
  2.7270000e+001  1.8857000e-002
  2.7280000e+001  1.3563000e-002
  2.7290000e+001  8.6180000e-003
  2.7300000e+001  5.3442000e-003
  2.7310000e+001  2.5463000e-003
  2.7320000e+001 -2.0888000e-003
  2.7330000e+001 -8.9576000e-003
  2.7340000e+001 -1.3727000e-002
  2.7350000e+001 -1.1919000e-002
  2.7360000e+001 -5.4590000e-003
  2.7370000e+001 -4.7522000e-004
  2.7380000e+001  1.1947000e-003
  2.7390000e+001  2.6785000e-003
  2.7400000e+001  6.5067000e-003
  2.7410000e+001  1.2239000e-002
  2.7420000e+001  1.8216000e-002
  2.7430000e+001  2.2562000e-002
  2.7440000e+001  2.4438000e-002
  2.7450000e+001  2.5501000e-002
  2.7460000e+001  2.6493000e-002
  2.7470000e+001  2.3359000e-002
  2.7480000e+001  1.2511000e-002
  2.7490000e+001 -1.0042000e-003
  2.7500000e+001 -1.0156000e-002
  2.7510000e+001 -1.6487000e-002
  2.7520000e+001 -2.5579000e-002
  2.7530000e+001 -3.4982000e-002
  2.7540000e+001 -3.9733000e-002
  2.7550000e+001 -4.2769000e-002
  2.7560000e+001 -4.9128000e-002
  2.7570000e+001 -5.3966000e-002
  2.7580000e+001 -5.0085000e-002
  2.7590000e+001 -4.0899000e-002
  2.7600000e+001 -3.3546000e-002
  2.7610000e+001 -2.6780000e-002
  2.7620000e+001 -1.6451000e-002
  2.7630000e+001 -5.6265000e-003
  2.7640000e+001  2.4768000e-003
  2.7650000e+001  1.1222000e-002
  2.7660000e+001  2.0935000e-002
  2.7670000e+001  2.3148000e-002
  2.7680000e+001  1.4413000e-002
  2.7690000e+001  4.4483000e-003
  2.7700000e+001  2.5599000e-005
  2.7710000e+001 -6.0777000e-003
  2.7720000e+001 -2.0510000e-002
  2.7730000e+001 -3.5893000e-002
  2.7740000e+001 -4.2370000e-002
  2.7750000e+001 -4.2001000e-002
  2.7760000e+001 -4.1346000e-002
  2.7770000e+001 -4.0212000e-002
  2.7780000e+001 -3.5321000e-002
  2.7790000e+001 -2.8045000e-002
  2.7800000e+001 -2.0563000e-002
  2.7810000e+001 -1.2322000e-002
  2.7820000e+001 -3.1129000e-003
  2.7830000e+001  5.2671000e-003
  2.7840000e+001  1.2782000e-002
  2.7850000e+001  1.8761000e-002
  2.7860000e+001  1.8797000e-002
  2.7870000e+001  9.9471000e-003
  2.7880000e+001 -2.0807000e-003
  2.7890000e+001 -9.4366000e-003
  2.7900000e+001 -1.1708000e-002
  2.7910000e+001 -1.4260000e-002
  2.7920000e+001 -1.8866000e-002
  2.7930000e+001 -2.3823000e-002
  2.7940000e+001 -3.0067000e-002
  2.7950000e+001 -4.0083000e-002
  2.7960000e+001 -5.1318000e-002
  2.7970000e+001 -5.8003000e-002
  2.7980000e+001 -5.8291000e-002
  2.7990000e+001 -5.4458000e-002
  2.8000000e+001 -4.8352000e-002
  2.8010000e+001 -4.0220000e-002
  2.8020000e+001 -3.2439000e-002
  2.8030000e+001 -2.8754000e-002
  2.8040000e+001 -2.9352000e-002
  2.8050000e+001 -2.9501000e-002
  2.8060000e+001 -2.6699000e-002
  2.8070000e+001 -2.5000000e-002
  2.8080000e+001 -2.9129000e-002
  2.8090000e+001 -3.6767000e-002
  2.8100000e+001 -4.1024000e-002
  2.8110000e+001 -4.0451000e-002
  2.8120000e+001 -3.9737000e-002
  2.8130000e+001 -3.9937000e-002
  2.8140000e+001 -3.5219000e-002
  2.8150000e+001 -2.2829000e-002
  2.8160000e+001 -9.5992000e-003
  2.8170000e+001 -1.9407000e-003
  2.8180000e+001  3.3645000e-003
  2.8190000e+001  1.2634000e-002
  2.8200000e+001  2.2948000e-002
  2.8210000e+001  2.7099000e-002
  2.8220000e+001  2.6266000e-002
  2.8230000e+001  2.9693000e-002
  2.8240000e+001  4.0741000e-002
  2.8250000e+001  5.2801000e-002
  2.8260000e+001  5.8742000e-002
  2.8270000e+001  5.8873000e-002
  2.8280000e+001  5.6755000e-002
  2.8290000e+001  5.3951000e-002
  2.8300000e+001  4.8566000e-002
  2.8310000e+001  3.9598000e-002
  2.8320000e+001  2.9776000e-002
  2.8330000e+001  2.5882000e-002
  2.8340000e+001  3.0820000e-002
  2.8350000e+001  3.9306000e-002
  2.8360000e+001  4.3127000e-002
  2.8370000e+001  4.1916000e-002
  2.8380000e+001  4.0997000e-002
  2.8390000e+001  4.2150000e-002
  2.8400000e+001  4.2454000e-002
  2.8410000e+001  4.1623000e-002
  2.8420000e+001  4.1904000e-002
  2.8430000e+001  4.2661000e-002
  2.8440000e+001  4.1985000e-002
  2.8450000e+001  4.1619000e-002
  2.8460000e+001  4.3040000e-002
  2.8470000e+001  4.2139000e-002
  2.8480000e+001  3.5810000e-002
  2.8490000e+001  2.9316000e-002
  2.8500000e+001  2.8470000e-002
  2.8510000e+001  2.9096000e-002
  2.8520000e+001  2.4320000e-002
  2.8530000e+001  1.6729000e-002
  2.8540000e+001  1.4032000e-002
  2.8550000e+001  1.5770000e-002
  2.8560000e+001  1.4913000e-002
  2.8570000e+001  9.4738000e-003
  2.8580000e+001  3.9324000e-003
  2.8590000e+001  3.0304000e-004
  2.8600000e+001 -3.9071000e-003
  2.8610000e+001 -1.0037000e-002
  2.8620000e+001 -1.6719000e-002
  2.8630000e+001 -2.2209000e-002
  2.8640000e+001 -2.4369000e-002
  2.8650000e+001 -2.1298000e-002
  2.8660000e+001 -1.4989000e-002
  2.8670000e+001 -1.0798000e-002
  2.8680000e+001 -1.0774000e-002
  2.8690000e+001 -1.1225000e-002
  2.8700000e+001 -9.6727000e-003
  2.8710000e+001 -1.0054000e-002
  2.8720000e+001 -1.6107000e-002
  2.8730000e+001 -2.3940000e-002
  2.8740000e+001 -2.6313000e-002
  2.8750000e+001 -2.3716000e-002
  2.8760000e+001 -2.3901000e-002
  2.8770000e+001 -3.0807000e-002
  2.8780000e+001 -3.8084000e-002
  2.8790000e+001 -3.8368000e-002
  2.8800000e+001 -3.4335000e-002
  2.8810000e+001 -3.3994000e-002
  2.8820000e+001 -3.7156000e-002
  2.8830000e+001 -3.4866000e-002
  2.8840000e+001 -2.4137000e-002
  2.8850000e+001 -1.3599000e-002
  2.8860000e+001 -1.1105000e-002
  2.8870000e+001 -1.3186000e-002
  2.8880000e+001 -1.2843000e-002
  2.8890000e+001 -1.0010000e-002
  2.8900000e+001 -7.6769000e-003
  2.8910000e+001 -4.8013000e-003
  2.8920000e+001  1.8671000e-004
  2.8930000e+001  4.2998000e-003
  2.8940000e+001  4.3317000e-003
  2.8950000e+001  2.8706000e-003
  2.8960000e+001  4.8472000e-003
  2.8970000e+001  1.0695000e-002
  2.8980000e+001  1.6377000e-002
  2.8990000e+001  1.8965000e-002
  2.9000000e+001  1.8604000e-002
  2.9010000e+001  1.6233000e-002
  2.9020000e+001  1.2093000e-002
  2.9030000e+001  5.9760000e-003
  2.9040000e+001 -1.2328000e-003
  2.9050000e+001 -7.0797000e-003
  2.9060000e+001 -9.3638000e-003
  2.9070000e+001 -9.2462000e-003
  2.9080000e+001 -9.2955000e-003
  2.9090000e+001 -8.9774000e-003
  2.9100000e+001 -5.5413000e-003
  2.9110000e+001  1.1681000e-003
  2.9120000e+001  7.9780000e-003
  2.9130000e+001  1.3833000e-002
  2.9140000e+001  1.9515000e-002
  2.9150000e+001  2.3569000e-002
  2.9160000e+001  2.2470000e-002
  2.9170000e+001  1.8298000e-002
  2.9180000e+001  1.7249000e-002
  2.9190000e+001  1.9895000e-002
  2.9200000e+001  1.9037000e-002
  2.9210000e+001  1.1872000e-002
  2.9220000e+001  5.5338000e-003
  2.9230000e+001  6.7564000e-003
  2.9240000e+001  1.2355000e-002
  2.9250000e+001  1.6143000e-002
  2.9260000e+001  1.7312000e-002
  2.9270000e+001  1.8152000e-002
  2.9280000e+001  1.8786000e-002
  2.9290000e+001  1.9489000e-002
  2.9300000e+001  2.0792000e-002
  2.9310000e+001  1.9804000e-002
  2.9320000e+001  1.3554000e-002
  2.9330000e+001  6.2749000e-003
  2.9340000e+001  4.4594000e-003
  2.9350000e+001  4.9829000e-003
  2.9360000e+001  2.3869000e-004
  2.9370000e+001 -7.4564000e-003
  2.9380000e+001 -8.1542000e-003
  2.9390000e+001 -7.3474000e-004
  2.9400000e+001  5.6703000e-003
  2.9410000e+001  5.8376000e-003
  2.9420000e+001  2.5987000e-003
  2.9430000e+001 -1.4166000e-003
  2.9440000e+001 -5.9277000e-003
  2.9450000e+001 -8.3297000e-003
  2.9460000e+001 -7.0098000e-003
  2.9470000e+001 -5.9757000e-003
  2.9480000e+001 -8.8156000e-003
  2.9490000e+001 -1.2436000e-002
  2.9500000e+001 -1.3640000e-002
  2.9510000e+001 -1.5166000e-002
  2.9520000e+001 -1.8845000e-002
  2.9530000e+001 -2.1073000e-002
  2.9540000e+001 -2.0815000e-002
  2.9550000e+001 -2.2998000e-002
  2.9560000e+001 -2.9010000e-002
  2.9570000e+001 -3.3418000e-002
  2.9580000e+001 -3.3648000e-002
  2.9590000e+001 -3.3680000e-002
  2.9600000e+001 -3.4675000e-002
  2.9610000e+001 -3.2328000e-002
  2.9620000e+001 -2.6066000e-002
  2.9630000e+001 -2.0991000e-002
  2.9640000e+001 -1.8341000e-002
  2.9650000e+001 -1.3884000e-002
  2.9660000e+001 -7.0482000e-003
  2.9670000e+001 -1.4380000e-003
  2.9680000e+001  2.3520000e-003
  2.9690000e+001  6.7093000e-003
  2.9700000e+001  9.1623000e-003
  2.9710000e+001  5.3358000e-003
  2.9720000e+001 -2.7022000e-003
  2.9730000e+001 -7.2699000e-003
  2.9740000e+001 -6.1762000e-003
  2.9750000e+001 -4.5842000e-003
  2.9760000e+001 -7.0673000e-003
  2.9770000e+001 -1.1663000e-002
  2.9780000e+001 -1.3251000e-002
  2.9790000e+001 -1.0186000e-002
  2.9800000e+001 -6.2930000e-003
  2.9810000e+001 -5.3735000e-003
  2.9820000e+001 -4.7227000e-003
  2.9830000e+001  1.5450000e-003
  2.9840000e+001  1.2840000e-002
  2.9850000e+001  2.1319000e-002
  2.9860000e+001  2.2931000e-002
  2.9870000e+001  2.3092000e-002
  2.9880000e+001  2.8022000e-002
  2.9890000e+001  3.6470000e-002
  2.9900000e+001  4.3656000e-002
  2.9910000e+001  4.8803000e-002
  2.9920000e+001  5.3493000e-002
  2.9930000e+001  5.7486000e-002
  2.9940000e+001  5.9268000e-002
  2.9950000e+001  5.9051000e-002
  2.9960000e+001  5.7041000e-002
  2.9970000e+001  5.3220000e-002
  2.9980000e+001  4.9515000e-002
  2.9990000e+001  4.9179000e-002
  3.0000000e+001  5.1061000e-002
  3.0010000e+001  4.9437000e-002
  3.0020000e+001  4.2675000e-002
  3.0030000e+001  3.6852000e-002
  3.0040000e+001  3.6545000e-002
  3.0050000e+001  3.8012000e-002
  3.0060000e+001  3.6523000e-002
  3.0070000e+001  3.4186000e-002
  3.0080000e+001  3.4602000e-002
  3.0090000e+001  3.5541000e-002
  3.0100000e+001  3.2843000e-002
  3.0110000e+001  2.7758000e-002
  3.0120000e+001  2.3394000e-002
  3.0130000e+001  1.9297000e-002
  3.0140000e+001  1.4055000e-002
  3.0150000e+001  8.6537000e-003
  3.0160000e+001  2.9887000e-003
  3.0170000e+001 -3.9448000e-003
  3.0180000e+001 -1.0396000e-002
  3.0190000e+001 -1.4914000e-002
  3.0200000e+001 -2.1416000e-002
  3.0210000e+001 -3.3014000e-002
  3.0220000e+001 -4.3156000e-002
  3.0230000e+001 -4.4158000e-002
  3.0240000e+001 -4.0390000e-002
  3.0250000e+001 -4.2213000e-002
  3.0260000e+001 -4.8591000e-002
  3.0270000e+001 -4.9870000e-002
  3.0280000e+001 -4.4526000e-002
  3.0290000e+001 -4.1534000e-002
  3.0300000e+001 -4.4871000e-002
  3.0310000e+001 -4.8322000e-002
  3.0320000e+001 -4.6298000e-002
  3.0330000e+001 -4.2336000e-002
  3.0340000e+001 -4.2735000e-002
  3.0350000e+001 -4.9335000e-002
  3.0360000e+001 -5.8526000e-002
  3.0370000e+001 -6.5420000e-002
  3.0380000e+001 -6.6590000e-002
  3.0390000e+001 -6.2683000e-002
  3.0400000e+001 -5.6133000e-002
  3.0410000e+001 -4.8349000e-002
  3.0420000e+001 -3.8484000e-002
  3.0430000e+001 -2.6669000e-002
  3.0440000e+001 -1.5204000e-002
  3.0450000e+001 -6.8937000e-003
  3.0460000e+001 -1.3948000e-003
  3.0470000e+001  3.7082000e-003
  3.0480000e+001  8.9484000e-003
  3.0490000e+001  1.2007000e-002
  3.0500000e+001  1.1813000e-002
  3.0510000e+001  1.0706000e-002
  3.0520000e+001  1.1155000e-002
  3.0530000e+001  1.2104000e-002
  3.0540000e+001  1.1371000e-002
  3.0550000e+001  1.0551000e-002
  3.0560000e+001  1.2937000e-002
  3.0570000e+001  1.7347000e-002
  3.0580000e+001  1.9074000e-002
  3.0590000e+001  1.8170000e-002
  3.0600000e+001  1.9256000e-002
  3.0610000e+001  2.3746000e-002
  3.0620000e+001  2.7841000e-002
  3.0630000e+001  3.0298000e-002
  3.0640000e+001  3.3001000e-002
  3.0650000e+001  3.5244000e-002
  3.0660000e+001  3.3621000e-002
  3.0670000e+001  2.9803000e-002
  3.0680000e+001  2.7921000e-002
  3.0690000e+001  2.5802000e-002
  3.0700000e+001  1.7591000e-002
  3.0710000e+001  5.9124000e-003
  3.0720000e+001 -4.1356000e-004
  3.0730000e+001  2.5340000e-004
  3.0740000e+001  1.3250000e-003
  3.0750000e+001 -7.0370000e-004
  3.0760000e+001 -3.1554000e-003
  3.0770000e+001 -3.6249000e-003
  3.0780000e+001 -1.9115000e-003
  3.0790000e+001  2.1486000e-003
  3.0800000e+001  6.5169000e-003
  3.0810000e+001  7.8956000e-003
  3.0820000e+001  8.5299000e-003
  3.0830000e+001  1.4557000e-002
  3.0840000e+001  2.3666000e-002
  3.0850000e+001  2.6400000e-002
  3.0860000e+001  2.1465000e-002
  3.0870000e+001  1.7935000e-002
  3.0880000e+001  1.9292000e-002
  3.0890000e+001  1.9240000e-002
  3.0900000e+001  1.5020000e-002
  3.0910000e+001  1.2388000e-002
  3.0920000e+001  1.3357000e-002
  3.0930000e+001  1.1905000e-002
  3.0940000e+001  5.4659000e-003
  3.0950000e+001 -3.6908000e-005
  3.0960000e+001 -4.4885000e-004
  3.0970000e+001  8.3186000e-004
  3.0980000e+001 -3.2917000e-004
  3.0990000e+001 -2.8212000e-003
  3.1000000e+001 -3.9450000e-003
  3.1010000e+001 -2.4814000e-003
  3.1020000e+001  1.6843000e-003
  3.1030000e+001  7.9629000e-003
  3.1040000e+001  1.3461000e-002
  3.1050000e+001  1.5688000e-002
  3.1060000e+001  1.5377000e-002
  3.1070000e+001  1.4727000e-002
  3.1080000e+001  1.4394000e-002
  3.1090000e+001  1.3618000e-002
  3.1100000e+001  1.2037000e-002
  3.1110000e+001  8.8873000e-003
  3.1120000e+001  4.2083000e-003
  3.1130000e+001  3.2839000e-004
  3.1140000e+001  1.2889000e-004
  3.1150000e+001  1.2650000e-003
  3.1160000e+001 -1.1417000e-003
  3.1170000e+001 -5.6609000e-003
  3.1180000e+001 -5.8622000e-003
  3.1190000e+001 -2.5216000e-003
  3.1200000e+001 -5.1487000e-003
  3.1210000e+001 -1.6103000e-002
  3.1220000e+001 -2.4604000e-002
  3.1230000e+001 -2.1680000e-002
  3.1240000e+001 -1.3821000e-002
  3.1250000e+001 -1.2109000e-002
  3.1260000e+001 -1.6756000e-002
  3.1270000e+001 -2.0015000e-002
  3.1280000e+001 -1.9936000e-002
  3.1290000e+001 -2.1209000e-002
  3.1300000e+001 -2.5527000e-002
  3.1310000e+001 -2.8594000e-002
  3.1320000e+001 -2.7017000e-002
  3.1330000e+001 -2.3168000e-002
  3.1340000e+001 -2.2190000e-002
  3.1350000e+001 -2.6044000e-002
  3.1360000e+001 -3.1389000e-002
  3.1370000e+001 -3.4102000e-002
  3.1380000e+001 -3.4166000e-002
  3.1390000e+001 -3.3865000e-002
  3.1400000e+001 -3.2913000e-002
  3.1410000e+001 -2.9122000e-002
  3.1420000e+001 -2.3229000e-002
  3.1430000e+001 -1.8878000e-002
  3.1440000e+001 -1.7841000e-002
  3.1450000e+001 -1.7817000e-002
  3.1460000e+001 -1.6800000e-002
  3.1470000e+001 -1.5693000e-002
  3.1480000e+001 -1.5785000e-002
  3.1490000e+001 -1.5527000e-002
  3.1500000e+001 -1.3043000e-002
  3.1510000e+001 -8.6046000e-003
  3.1520000e+001 -4.8783000e-003
  3.1530000e+001 -3.0840000e-003
  3.1540000e+001 -1.8924000e-003
  3.1550000e+001  6.1480000e-004
  3.1560000e+001  3.2578000e-003
  3.1570000e+001  4.8379000e-003
  3.1580000e+001  7.3835000e-003
  3.1590000e+001  1.3096000e-002
  3.1600000e+001  1.8901000e-002
  3.1610000e+001  2.0342000e-002
  3.1620000e+001  1.8980000e-002
  3.1630000e+001  1.9754000e-002
  3.1640000e+001  2.1943000e-002
  3.1650000e+001  1.9844000e-002
  3.1660000e+001  1.3102000e-002
  3.1670000e+001  6.9680000e-003
  3.1680000e+001  3.2279000e-003
  3.1690000e+001 -2.4093000e-003
  3.1700000e+001 -1.1015000e-002
  3.1710000e+001 -1.8325000e-002
  3.1720000e+001 -2.0648000e-002
  3.1730000e+001 -1.9486000e-002
  3.1740000e+001 -1.7643000e-002
  3.1750000e+001 -1.6640000e-002
  3.1760000e+001 -1.6434000e-002
  3.1770000e+001 -1.5426000e-002
  3.1780000e+001 -1.2079000e-002
  3.1790000e+001 -8.2229000e-003
  3.1800000e+001 -7.4570000e-003
  3.1810000e+001 -7.9974000e-003
  3.1820000e+001 -3.7858000e-003
  3.1830000e+001  5.5603000e-003
  3.1840000e+001  1.1718000e-002
  3.1850000e+001  8.8347000e-003
  3.1860000e+001  1.6712000e-003
  3.1870000e+001 -1.6150000e-003
  3.1880000e+001 -5.9061000e-005
  3.1890000e+001  7.4317000e-004
  3.1900000e+001 -2.2033000e-003
  3.1910000e+001 -6.0842000e-003
  3.1920000e+001 -7.5431000e-003
  3.1930000e+001 -7.2211000e-003
  3.1940000e+001 -7.0473000e-003
  3.1950000e+001 -6.4495000e-003
  3.1960000e+001 -4.4218000e-003
  3.1970000e+001 -2.3316000e-003
  3.1980000e+001 -1.5666000e-003
  3.1990000e+001  4.2186000e-004
  3.2000000e+001  5.9097000e-003
  3.2010000e+001  1.1787000e-002
  3.2020000e+001  1.3542000e-002
  3.2030000e+001  1.2432000e-002
  3.2040000e+001  1.2503000e-002
  3.2050000e+001  1.3388000e-002
  3.2060000e+001  1.1371000e-002
  3.2070000e+001  6.0303000e-003
  3.2080000e+001  5.9819000e-004
  3.2090000e+001 -3.4719000e-003
  3.2100000e+001 -7.8308000e-003
  3.2110000e+001 -1.2911000e-002
  3.2120000e+001 -1.6227000e-002
  3.2130000e+001 -1.5984000e-002
  3.2140000e+001 -1.3981000e-002
  3.2150000e+001 -1.3311000e-002
  3.2160000e+001 -1.3960000e-002
  3.2170000e+001 -1.3139000e-002
  3.2180000e+001 -1.0930000e-002
  3.2190000e+001 -1.1566000e-002
  3.2200000e+001 -1.6232000e-002
  3.2210000e+001 -1.9162000e-002
  3.2220000e+001 -1.5465000e-002
  3.2230000e+001 -8.0240000e-003
  3.2240000e+001 -2.1807000e-003
  3.2250000e+001  9.3268000e-004
  3.2260000e+001  3.0264000e-003
  3.2270000e+001  4.6631000e-003
  3.2280000e+001  5.6728000e-003
  3.2290000e+001  5.5154000e-003
  3.2300000e+001  4.0619000e-003
  3.2310000e+001  3.5391000e-003
  3.2320000e+001  6.7796000e-003
  3.2330000e+001  1.1276000e-002
  3.2340000e+001  1.0499000e-002
  3.2350000e+001  4.2071000e-003
  3.2360000e+001 -2.5790000e-004
  3.2370000e+001  7.7139000e-004
  3.2380000e+001  2.6052000e-003
  3.2390000e+001  1.1541000e-003
  3.2400000e+001 -1.8456000e-003
