  0.0000000e+000 -2.8447000e-003
  1.0000000e-002 -7.8086000e-003
  2.0000000e-002 -1.1240000e-002
  3.0000000e-002 -1.1441000e-002
  4.0000000e-002 -1.0974000e-002
  5.0000000e-002 -1.0323000e-002
  6.0000000e-002 -1.1202000e-002
  7.0000000e-002 -1.7766000e-002
  8.0000000e-002 -2.7369000e-002
  9.0000000e-002 -2.5914000e-002
  1.0000000e-001 -3.1221000e-003
  1.1000000e-001  2.7986000e-002
  1.2000000e-001  4.3755000e-002
  1.3000000e-001  4.0083000e-002
  1.4000000e-001  3.1955000e-002
  1.5000000e-001  2.3805000e-002
  1.6000000e-001  5.7113000e-003
  1.7000000e-001 -2.0689000e-002
  1.8000000e-001 -3.6145000e-002
  1.9000000e-001 -3.0123000e-002
  2.0000000e-001 -1.3079000e-002
  2.1000000e-001  2.7486000e-003
  2.2000000e-001  1.8007000e-002
  2.3000000e-001  3.5943000e-002
  2.4000000e-001  4.9691000e-002
  2.5000000e-001  4.8725000e-002
  2.6000000e-001  3.1080000e-002
  2.7000000e-001  4.3621000e-003
  2.8000000e-001 -2.1413000e-002
  2.9000000e-001 -3.7595000e-002
  3.0000000e-001 -3.9331000e-002
  3.1000000e-001 -2.8071000e-002
  3.2000000e-001 -1.1632000e-002
  3.3000000e-001  3.0628000e-003
  3.4000000e-001  1.4426000e-002
  3.5000000e-001  2.4218000e-002
  3.6000000e-001  3.1375000e-002
  3.7000000e-001  3.2663000e-002
  3.8000000e-001  2.5196000e-002
  3.9000000e-001  9.3555000e-003
  4.0000000e-001 -1.0480000e-002
  4.1000000e-001 -2.4528000e-002
  4.2000000e-001 -2.3585000e-002
  4.3000000e-001 -8.7662000e-003
  4.4000000e-001  6.1020000e-003
  4.5000000e-001  1.0513000e-002
  4.6000000e-001  8.1860000e-003
  4.7000000e-001  7.7787000e-003
  4.8000000e-001  9.3365000e-003
  4.9000000e-001  8.9638000e-003
  5.0000000e-001  8.0239000e-003
  5.1000000e-001  9.7066000e-003
  5.2000000e-001  1.0898000e-002
  5.3000000e-001  6.2787000e-003
  5.4000000e-001 -2.8295000e-003
  5.5000000e-001 -1.1120000e-002
  5.6000000e-001 -1.6566000e-002
  5.7000000e-001 -1.7671000e-002
  5.8000000e-001 -1.0642000e-002
  5.9000000e-001  2.9631000e-003
  6.0000000e-001  1.3233000e-002
  6.1000000e-001  1.3269000e-002
  6.2000000e-001  6.3667000e-003
  6.3000000e-001 -1.0113000e-003
  6.4000000e-001 -6.2201000e-003
  6.5000000e-001 -6.7977000e-003
  6.6000000e-001  1.1973000e-003
  6.7000000e-001  1.6962000e-002
  6.8000000e-001  3.2348000e-002
  6.9000000e-001  3.9349000e-002
  7.0000000e-001  3.6883000e-002
  7.1000000e-001  2.7313000e-002
  7.2000000e-001  1.2205000e-002
  7.3000000e-001 -6.6610000e-003
  7.4000000e-001 -2.5641000e-002
  7.5000000e-001 -4.0064000e-002
  7.6000000e-001 -4.6077000e-002
  7.7000000e-001 -4.2277000e-002
  7.8000000e-001 -3.3495000e-002
  7.9000000e-001 -2.7342000e-002
  8.0000000e-001 -2.6868000e-002
  8.1000000e-001 -2.6264000e-002
  8.2000000e-001 -1.7485000e-002
  8.3000000e-001  1.9561000e-004
  8.4000000e-001  1.7965000e-002
  8.5000000e-001  2.4636000e-002
  8.6000000e-001  1.7605000e-002
  8.7000000e-001  5.1529000e-003
  8.8000000e-001 -1.2355000e-003
  8.9000000e-001 -2.4062000e-004
  9.0000000e-001 -9.9498000e-004
  9.1000000e-001 -9.9553000e-003
  9.2000000e-001 -2.1313000e-002
  9.3000000e-001 -2.4674000e-002
  9.4000000e-001 -1.7503000e-002
  9.5000000e-001 -5.7396000e-003
  9.6000000e-001  3.0234000e-003
  9.7000000e-001  3.8263000e-003
  9.8000000e-001 -4.4724000e-003
  9.9000000e-001 -1.6735000e-002
  1.0000000e+000 -2.2594000e-002
  1.0100000e+000 -1.4577000e-002
  1.0200000e+000  5.0193000e-003
  1.0300000e+000  2.5366000e-002
  1.0400000e+000  3.3956000e-002
  1.0500000e+000  2.4149000e-002
  1.0600000e+000  1.6518000e-003
  1.0700000e+000 -1.5859000e-002
  1.0800000e+000 -1.3035000e-002
  1.0900000e+000  8.0455000e-003
  1.1000000e+000  2.9338000e-002
  1.1100000e+000  3.3581000e-002
  1.1200000e+000  1.8999000e-002
  1.1300000e+000 -3.6186000e-004
  1.1400000e+000 -8.3292000e-003
  1.1500000e+000 -3.4780000e-003
  1.1600000e+000  8.9076000e-004
  1.1700000e+000 -4.3109000e-003
  1.1800000e+000 -1.0311000e-002
  1.1900000e+000 -4.7878000e-003
  1.2000000e+000  7.8576000e-003
  1.2100000e+000  1.4029000e-002
  1.2200000e+000  1.2607000e-002
  1.2300000e+000  1.1680000e-002
  1.2400000e+000  1.1920000e-002
  1.2500000e+000  9.1320000e-003
  1.2600000e+000  8.7023000e-003
  1.2700000e+000  1.8327000e-002
  1.2800000e+000  3.1306000e-002
  1.2900000e+000  3.2739000e-002
  1.3000000e+000  2.0604000e-002
  1.3100000e+000  5.4528000e-003
  1.3200000e+000 -7.4086000e-003
  1.3300000e+000 -2.0276000e-002
  1.3400000e+000 -3.1887000e-002
  1.3500000e+000 -3.7271000e-002
  1.3600000e+000 -3.4627000e-002
  1.3700000e+000 -2.4247000e-002
  1.3800000e+000 -5.9717000e-003
  1.3900000e+000  1.3956000e-002
  1.4000000e+000  2.2761000e-002
  1.4100000e+000  1.5263000e-002
  1.4200000e+000  1.7539000e-003
  1.4300000e+000 -4.5712000e-003
  1.4400000e+000 -3.4807000e-003
  1.4500000e+000 -4.4287000e-003
  1.4600000e+000 -1.4155000e-002
  1.4700000e+000 -3.0656000e-002
  1.4800000e+000 -4.5646000e-002
  1.4900000e+000 -4.8344000e-002
  1.5000000e+000 -3.2942000e-002
  1.5100000e+000 -4.7829000e-003
  1.5200000e+000  2.4240000e-002
  1.5300000e+000  4.4680000e-002
  1.5400000e+000  5.1656000e-002
  1.5500000e+000  4.3530000e-002
  1.5600000e+000  2.5691000e-002
  1.5700000e+000  8.4922000e-003
  1.5800000e+000 -4.2109000e-003
  1.5900000e+000 -1.8442000e-002
  1.6000000e+000 -3.6787000e-002
  1.6100000e+000 -4.9551000e-002
  1.6200000e+000 -4.8946000e-002
  1.6300000e+000 -4.2635000e-002
  1.6400000e+000 -4.4183000e-002
  1.6500000e+000 -5.3198000e-002
  1.6600000e+000 -5.8216000e-002
  1.6700000e+000 -5.1340000e-002
  1.6800000e+000 -3.2240000e-002
  1.6900000e+000 -3.9179000e-003
  1.7000000e+000  2.6693000e-002
  1.7100000e+000  5.0493000e-002
  1.7200000e+000  6.5063000e-002
  1.7300000e+000  7.5850000e-002
  1.7400000e+000  8.5046000e-002
  1.7500000e+000  8.3078000e-002
  1.7600000e+000  5.8305000e-002
  1.7700000e+000  1.3012000e-002
  1.7800000e+000 -3.3945000e-002
  1.7900000e+000 -6.1920000e-002
  1.8000000e+000 -6.2592000e-002
  1.8100000e+000 -4.3561000e-002
  1.8200000e+000 -1.9527000e-002
  1.8300000e+000 -1.4917000e-003
  1.8400000e+000  8.0018000e-003
  1.8500000e+000  1.1915000e-002
  1.8600000e+000  1.4270000e-002
  1.8700000e+000  1.6778000e-002
  1.8800000e+000  1.7273000e-002
  1.8900000e+000  1.3095000e-002
  1.9000000e+000  5.0069000e-003
  1.9100000e+000 -2.6224000e-003
  1.9200000e+000 -4.2691000e-003
  1.9300000e+000  5.3786000e-003
  1.9400000e+000  2.6717000e-002
  1.9500000e+000  4.9195000e-002
  1.9600000e+000  5.4677000e-002
  1.9700000e+000  3.5731000e-002
  1.9800000e+000  5.3983000e-003
  1.9900000e+000 -1.7363000e-002
  2.0000000e+000 -2.7528000e-002
  2.0100000e+000 -3.0234000e-002
  2.0200000e+000 -2.7324000e-002
  2.0300000e+000 -1.8497000e-002
  2.0400000e+000 -7.8437000e-003
  2.0500000e+000  2.2472000e-003
  2.0600000e+000  1.7004000e-002
  2.0700000e+000  3.7148000e-002
  2.0800000e+000  4.7759000e-002
  2.0900000e+000  3.3800000e-002
  2.1000000e+000  2.5261000e-003
  2.1100000e+000 -2.4875000e-002
  2.1200000e+000 -3.7699000e-002
  2.1300000e+000 -3.9458000e-002
  2.1400000e+000 -3.5057000e-002
  2.1500000e+000 -2.9911000e-002
  2.1600000e+000 -3.0855000e-002
  2.1700000e+000 -3.5018000e-002
  2.1800000e+000 -2.5488000e-002
  2.1900000e+000  6.6813000e-003
  2.2000000e+000  4.5236000e-002
  2.2100000e+000  6.5329000e-002
  2.2200000e+000  5.8547000e-002
  2.2300000e+000  3.2220000e-002
  2.2400000e+000 -1.0654000e-003
  2.2500000e+000 -2.5217000e-002
  2.2600000e+000 -2.8086000e-002
  2.2700000e+000 -1.7630000e-002
  2.2800000e+000 -1.5578000e-002
  2.2900000e+000 -2.9516000e-002
  2.3000000e+000 -4.4237000e-002
  2.3100000e+000 -4.5643000e-002
  2.3200000e+000 -3.5103000e-002
  2.3300000e+000 -2.0749000e-002
  2.3400000e+000 -8.2448000e-003
  2.3500000e+000 -3.4415000e-003
  2.3600000e+000 -5.4144000e-003
  2.3700000e+000 -2.8640000e-003
  2.3800000e+000  1.2351000e-002
  2.3900000e+000  3.1632000e-002
  2.4000000e+000  4.2762000e-002
  2.4100000e+000  4.4851000e-002
  2.4200000e+000  4.0613000e-002
  2.4300000e+000  2.7228000e-002
  2.4400000e+000  5.7531000e-003
  2.4500000e+000 -1.4884000e-002
  2.4600000e+000 -3.0497000e-002
  2.4700000e+000 -4.4268000e-002
  2.4800000e+000 -5.2113000e-002
  2.4900000e+000 -4.4878000e-002
  2.5000000e+000 -2.6441000e-002
  2.5100000e+000 -1.3421000e-002
  2.5200000e+000 -1.2156000e-002
  2.5300000e+000 -1.4052000e-002
  2.5400000e+000 -1.1457000e-002
  2.5500000e+000 -2.5223000e-003
  2.5600000e+000  1.6928000e-002
  2.5700000e+000  4.8050000e-002
  2.5800000e+000  7.8402000e-002
  2.5900000e+000  9.0402000e-002
  2.6000000e+000  7.7564000e-002
  2.6100000e+000  4.7182000e-002
  2.6200000e+000  1.2900000e-002
  2.6300000e+000 -1.0277000e-002
  2.6400000e+000 -1.7032000e-002
  2.6500000e+000 -1.7534000e-002
  2.6600000e+000 -2.3780000e-002
  2.6700000e+000 -3.0222000e-002
  2.6800000e+000 -2.4837000e-002
  2.6900000e+000 -1.0776000e-002
  2.7000000e+000 -1.3521000e-003
  2.7100000e+000  5.9889000e-004
  2.7200000e+000  5.5997000e-004
  2.7300000e+000 -2.1748000e-003
  2.7400000e+000 -1.1005000e-002
  2.7500000e+000 -2.0106000e-002
  2.7600000e+000 -2.0774000e-002
  2.7700000e+000 -1.2049000e-002
  2.7800000e+000  3.1178000e-003
  2.7900000e+000  2.4847000e-002
  2.8000000e+000  4.9363000e-002
  2.8100000e+000  6.6796000e-002
  2.8200000e+000  7.0368000e-002
  2.8300000e+000  6.1483000e-002
  2.8400000e+000  4.4036000e-002
  2.8500000e+000  2.3213000e-002
  2.8600000e+000  6.1100000e-003
  2.8700000e+000 -3.6778000e-003
  2.8800000e+000 -9.4339000e-003
  2.8900000e+000 -1.2439000e-002
  2.9000000e+000 -9.1825000e-003
  2.9100000e+000 -1.2919000e-003
  2.9200000e+000  6.7979000e-004
  2.9300000e+000 -8.5779000e-003
  2.9400000e+000 -2.2730000e-002
  2.9500000e+000 -3.4290000e-002
  2.9600000e+000 -4.1991000e-002
  2.9700000e+000 -4.5323000e-002
  2.9800000e+000 -4.4008000e-002
  2.9900000e+000 -4.2876000e-002
  3.0000000e+000 -4.5048000e-002
  3.0100000e+000 -4.0868000e-002
  3.0200000e+000 -1.6501000e-002
  3.0300000e+000  2.4642000e-002
  3.0400000e+000  6.1329000e-002
  3.0500000e+000  7.7542000e-002
  3.0600000e+000  7.5497000e-002
  3.0700000e+000  6.3759000e-002
  3.0800000e+000  4.4167000e-002
  3.0900000e+000  1.6519000e-002
  3.1000000e+000 -1.2588000e-002
  3.1100000e+000 -3.4585000e-002
  3.1200000e+000 -4.6488000e-002
  3.1300000e+000 -4.8673000e-002
  3.1400000e+000 -3.7554000e-002
  3.1500000e+000 -1.2665000e-002
  3.1600000e+000  1.3623000e-002
  3.1700000e+000  2.2440000e-002
  3.1800000e+000  9.0467000e-003
  3.1900000e+000 -1.2928000e-002
  3.2000000e+000 -2.9641000e-002
  3.2100000e+000 -4.3350000e-002
  3.2200000e+000 -6.4403000e-002
  3.2300000e+000 -9.1257000e-002
  3.2400000e+000 -1.0364000e-001
  3.2500000e+000 -8.3050000e-002
  3.2600000e+000 -3.4512000e-002
  3.2700000e+000  1.5472000e-002
  3.2800000e+000  4.6663000e-002
  3.2900000e+000  5.8055000e-002
  3.3000000e+000  5.5963000e-002
  3.3100000e+000  3.9620000e-002
  3.3200000e+000  9.2388000e-003
  3.3300000e+000 -2.5690000e-002
  3.3400000e+000 -5.2124000e-002
  3.3500000e+000 -6.2618000e-002
  3.3600000e+000 -5.3799000e-002
  3.3700000e+000 -2.7121000e-002
  3.3800000e+000  8.4541000e-003
  3.3900000e+000  4.0507000e-002
  3.4000000e+000  6.2124000e-002
  3.4100000e+000  6.8688000e-002
  3.4200000e+000  5.3547000e-002
  3.4300000e+000  1.6449000e-002
  3.4400000e+000 -2.6925000e-002
  3.4500000e+000 -5.5940000e-002
  3.4600000e+000 -5.9221000e-002
  3.4700000e+000 -3.7893000e-002
  3.4800000e+000 -2.0947000e-003
  3.4900000e+000  2.8363000e-002
  3.5000000e+000  3.5322000e-002
  3.5100000e+000  1.6946000e-002
  3.5200000e+000 -1.0273000e-002
  3.5300000e+000 -2.9438000e-002
  3.5400000e+000 -3.1613000e-002
  3.5500000e+000 -1.4396000e-002
  3.5600000e+000  1.9717000e-002
  3.5700000e+000  5.9867000e-002
  3.5800000e+000  9.1496000e-002
  3.5900000e+000  1.0008000e-001
  3.6000000e+000  7.4551000e-002
  3.6100000e+000  1.7444000e-002
  3.6200000e+000 -4.5810000e-002
  3.6300000e+000 -8.1989000e-002
  3.6400000e+000 -7.9210000e-002
  3.6500000e+000 -5.0780000e-002
  3.6600000e+000 -1.3131000e-002
  3.6700000e+000  2.3892000e-002
  3.6800000e+000  4.9674000e-002
  3.6900000e+000  5.9985000e-002
  3.7000000e+000  6.9211000e-002
  3.7100000e+000  9.0308000e-002
  3.7200000e+000  1.0503000e-001
  3.7300000e+000  8.1824000e-002
  3.7400000e+000  2.4618000e-002
  3.7500000e+000 -2.7948000e-002
  3.7600000e+000 -5.3627000e-002
  3.7700000e+000 -6.6454000e-002
  3.7800000e+000 -7.9547000e-002
  3.7900000e+000 -8.3630000e-002
  3.8000000e+000 -6.9461000e-002
  3.8100000e+000 -4.3236000e-002
  3.8200000e+000 -8.9185000e-003
  3.8300000e+000  3.4461000e-002
  3.8400000e+000  7.2469000e-002
  3.8500000e+000  8.1447000e-002
  3.8600000e+000  6.3090000e-002
  3.8700000e+000  4.3386000e-002
  3.8800000e+000  3.4053000e-002
  3.8900000e+000  2.6198000e-002
  3.9000000e+000  2.3084000e-002
  3.9100000e+000  4.3930000e-002
  3.9200000e+000  8.5850000e-002
  3.9300000e+000  1.1569000e-001
  3.9400000e+000  1.1010000e-001
  3.9500000e+000  7.8993000e-002
  3.9600000e+000  3.8619000e-002
  3.9700000e+000 -9.1615000e-003
  3.9800000e+000 -6.0014000e-002
  3.9900000e+000 -9.4291000e-002
  4.0000000e+000 -9.6195000e-002
  4.0100000e+000 -7.2657000e-002
  4.0200000e+000 -4.2774000e-002
  4.0300000e+000 -2.0736000e-002
  4.0400000e+000 -1.3245000e-002
  4.0500000e+000 -2.3988000e-002
  4.0600000e+000 -4.6993000e-002
  4.0700000e+000 -6.5371000e-002
  4.0800000e+000 -6.5987000e-002
  4.0900000e+000 -5.4138000e-002
  4.1000000e+000 -4.4123000e-002
  4.1100000e+000 -3.9769000e-002
  4.1200000e+000 -3.1382000e-002
  4.1300000e+000 -1.4223000e-002
  4.1400000e+000  3.5648000e-003
  4.1500000e+000  1.5323000e-002
  4.1600000e+000  2.6559000e-002
  4.1700000e+000  4.1592000e-002
  4.1800000e+000  5.3638000e-002
  4.1900000e+000  5.3612000e-002
  4.2000000e+000  4.1904000e-002
  4.2100000e+000  2.3320000e-002
  4.2200000e+000  7.6199000e-004
  4.2300000e+000 -2.1765000e-002
  4.2400000e+000 -3.4644000e-002
  4.2500000e+000 -3.2255000e-002
  4.2600000e+000 -1.9956000e-002
  4.2700000e+000 -5.4660000e-003
  4.2800000e+000  8.6470000e-003
  4.2900000e+000  2.0021000e-002
  4.3000000e+000  2.2743000e-002
  4.3100000e+000  1.4208000e-002
  4.3200000e+000 -1.0770000e-003
  4.3300000e+000 -1.4348000e-002
  4.3400000e+000 -1.8417000e-002
  4.3500000e+000 -1.0526000e-002
  4.3600000e+000  5.5813000e-003
  4.3700000e+000  1.9084000e-002
  4.3800000e+000  1.8044000e-002
  4.3900000e+000  1.7001000e-003
  4.4000000e+000 -1.8187000e-002
  4.4100000e+000 -3.1172000e-002
  4.4200000e+000 -3.9430000e-002
  4.4300000e+000 -4.6327000e-002
  4.4400000e+000 -4.0593000e-002
  4.4500000e+000 -3.6112000e-003
  4.4600000e+000  5.8058000e-002
  4.4700000e+000  1.0362000e-001
  4.4800000e+000  9.3517000e-002
  4.4900000e+000  3.3603000e-002
  4.5000000e+000 -3.0684000e-002
  4.5100000e+000 -6.0717000e-002
  4.5200000e+000 -5.5545000e-002
  4.5300000e+000 -3.8072000e-002
  4.5400000e+000 -2.6314000e-002
  4.5500000e+000 -2.5553000e-002
  4.5600000e+000 -3.3370000e-002
  4.5700000e+000 -4.2361000e-002
  4.5800000e+000 -4.2185000e-002
  4.5900000e+000 -3.0300000e-002
  4.6000000e+000 -1.4801000e-002
  4.6100000e+000 -1.9004000e-003
  4.6200000e+000  1.2318000e-002
  4.6300000e+000  3.0706000e-002
  4.6400000e+000  4.4217000e-002
  4.6500000e+000  4.2503000e-002
  4.6600000e+000  2.8807000e-002
  4.6700000e+000  1.2739000e-002
  4.6800000e+000 -2.7496000e-003
  4.6900000e+000 -1.6189000e-002
  4.7000000e+000 -1.8381000e-002
  4.7100000e+000 -3.0338000e-003
  4.7200000e+000  2.0606000e-002
  4.7300000e+000  3.6196000e-002
  4.7400000e+000  3.6628000e-002
  4.7500000e+000  2.6624000e-002
  4.7600000e+000  1.4082000e-002
  4.7700000e+000  5.7219000e-003
  4.7800000e+000  4.0440000e-003
  4.7900000e+000  3.4762000e-003
  4.8000000e+000 -4.9833000e-003
  4.8100000e+000 -2.0532000e-002
  4.8200000e+000 -3.4207000e-002
  4.8300000e+000 -4.4295000e-002
  4.8400000e+000 -6.0604000e-002
  4.8500000e+000 -8.6157000e-002
  4.8600000e+000 -1.0692000e-001
  4.8700000e+000 -1.0451000e-001
  4.8800000e+000 -7.6922000e-002
  4.8900000e+000 -3.6022000e-002
  4.9000000e+000  5.7069000e-003
  4.9100000e+000  4.1142000e-002
  4.9200000e+000  6.2964000e-002
  4.9300000e+000  7.0433000e-002
  4.9400000e+000  7.4904000e-002
  4.9500000e+000  8.8722000e-002
  4.9600000e+000  1.0100000e-001
  4.9700000e+000  8.3434000e-002
  4.9800000e+000  2.6051000e-002
  4.9900000e+000 -4.1832000e-002
  5.0000000e+000 -7.7445000e-002
  5.0100000e+000 -6.2629000e-002
  5.0200000e+000 -1.3929000e-002
  5.0300000e+000  3.2850000e-002
  5.0400000e+000  4.4860000e-002
  5.0500000e+000  1.5650000e-002
  5.0600000e+000 -2.7095000e-002
  5.0700000e+000 -4.7781000e-002
  5.0800000e+000 -4.1041000e-002
  5.0900000e+000 -2.9585000e-002
  5.1000000e+000 -2.5008000e-002
  5.1100000e+000 -1.1843000e-002
  5.1200000e+000  2.4204000e-002
  5.1300000e+000  7.0107000e-002
  5.1400000e+000  9.8600000e-002
  5.1500000e+000  9.4237000e-002
  5.1600000e+000  5.9764000e-002
  5.1700000e+000  6.1611000e-003
  5.1800000e+000 -5.0351000e-002
  5.1900000e+000 -8.9094000e-002
  5.2000000e+000 -9.6919000e-002
  5.2100000e+000 -7.8742000e-002
  5.2200000e+000 -4.8813000e-002
  5.2300000e+000 -1.6295000e-002
  5.2400000e+000  1.2751000e-002
  5.2500000e+000  2.9433000e-002
  5.2600000e+000  3.3624000e-002
  5.2700000e+000  4.4222000e-002
  5.2800000e+000  7.4451000e-002
  5.2900000e+000  1.0110000e-001
  5.3000000e+000  8.7855000e-002
  5.3100000e+000  3.7480000e-002
  5.3200000e+000 -1.2141000e-002
  5.3300000e+000 -4.3852000e-002
  5.3400000e+000 -7.4662000e-002
  5.3500000e+000 -1.0881000e-001
  5.3600000e+000 -1.1823000e-001
  5.3700000e+000 -8.0863000e-002
  5.3800000e+000 -8.6617000e-003
  5.3900000e+000  7.0148000e-002
  5.4000000e+000  1.2627000e-001
  5.4100000e+000  1.2833000e-001
  5.4200000e+000  6.3115000e-002
  5.4300000e+000 -3.5923000e-002
  5.4400000e+000 -1.0767000e-001
  5.4500000e+000 -1.2043000e-001
  5.4600000e+000 -9.0146000e-002
  5.4700000e+000 -4.7763000e-002
  5.4800000e+000 -1.1137000e-002
  5.4900000e+000  1.1412000e-002
  5.5000000e+000  1.6937000e-002
  5.5100000e+000  1.3643000e-002
  5.5200000e+000  1.5011000e-002
  5.5300000e+000  2.2333000e-002
  5.5400000e+000  2.2989000e-002
  5.5500000e+000  1.0010000e-002
  5.5600000e+000 -3.8931000e-003
  5.5700000e+000 -4.8182000e-004
  5.5800000e+000  2.1079000e-002
  5.5900000e+000  3.9399000e-002
  5.6000000e+000  3.1865000e-002
  5.6100000e+000 -4.9524000e-003
  5.6200000e+000 -5.3421000e-002
  5.6300000e+000 -8.7150000e-002
  5.6400000e+000 -8.5474000e-002
  5.6500000e+000 -4.6297000e-002
  5.6600000e+000  9.8591000e-003
  5.6700000e+000  5.6294000e-002
  5.6800000e+000  7.8416000e-002
  5.6900000e+000  7.4641000e-002
  5.7000000e+000  4.6985000e-002
  5.7100000e+000  6.6243000e-003
  5.7200000e+000 -2.2197000e-002
  5.7300000e+000 -2.0009000e-002
  5.7400000e+000  2.3691000e-003
  5.7500000e+000  1.4622000e-002
  5.7600000e+000  2.3119000e-003
  5.7700000e+000 -1.9527000e-002
  5.7800000e+000 -2.9100000e-002
  5.7900000e+000 -1.9962000e-002
  5.8000000e+000 -5.3281000e-004
  5.8100000e+000  1.6116000e-002
  5.8200000e+000  2.3045000e-002
  5.8300000e+000  2.4857000e-002
  5.8400000e+000  2.9844000e-002
  5.8500000e+000  3.3497000e-002
  5.8600000e+000  2.1868000e-002
  5.8700000e+000 -4.2141000e-003
  5.8800000e+000 -2.3241000e-002
  5.8900000e+000 -2.0880000e-002
  5.9000000e+000 -1.0038000e-002
  5.9100000e+000 -1.1758000e-002
  5.9200000e+000 -2.8365000e-002
  5.9300000e+000 -4.7682000e-002
  5.9400000e+000 -6.0380000e-002
  5.9500000e+000 -6.1436000e-002
  5.9600000e+000 -4.2503000e-002
  5.9700000e+000  2.6800000e-004
  5.9800000e+000  5.8185000e-002
  5.9900000e+000  1.1252000e-001
  6.0000000e+000  1.4068000e-001
  6.0100000e+000  1.2388000e-001
  6.0200000e+000  6.4935000e-002
  6.0300000e+000 -3.6348000e-003
  6.0400000e+000 -4.6070000e-002
  6.0500000e+000 -5.4817000e-002
  6.0600000e+000 -4.5733000e-002
  6.0700000e+000 -2.6125000e-002
  6.0800000e+000  9.8988000e-003
  6.0900000e+000  5.6240000e-002
  6.1000000e+000  8.6646000e-002
  6.1100000e+000  7.8101000e-002
  6.1200000e+000  3.1828000e-002
  6.1300000e+000 -2.9473000e-002
  6.1400000e+000 -7.5030000e-002
  6.1500000e+000 -8.5502000e-002
  6.1600000e+000 -6.6743000e-002
  6.1700000e+000 -4.1207000e-002
  6.1800000e+000 -1.8701000e-002
  6.1900000e+000  1.0812000e-002
  6.2000000e+000  5.0384000e-002
  6.2100000e+000  7.7127000e-002
  6.2200000e+000  6.7621000e-002
  6.2300000e+000  3.3017000e-002
  6.2400000e+000  1.1007000e-002
  6.2500000e+000  2.4358000e-002
  6.2600000e+000  5.6887000e-002
  6.2700000e+000  7.2748000e-002
  6.2800000e+000  5.3498000e-002
  6.2900000e+000  1.9101000e-002
  6.3000000e+000  8.0088000e-003
  6.3100000e+000  3.5656000e-002
  6.3200000e+000  7.6843000e-002
  6.3300000e+000  9.7621000e-002
  6.3400000e+000  9.4852000e-002
  6.3500000e+000  9.1345000e-002
  6.3600000e+000  9.7171000e-002
  6.3700000e+000  9.5068000e-002
  6.3800000e+000  6.5931000e-002
  6.3900000e+000  1.2646000e-002
  6.4000000e+000 -4.4145000e-002
  6.4100000e+000 -8.2653000e-002
  6.4200000e+000 -8.7418000e-002
  6.4300000e+000 -5.5230000e-002
  6.4400000e+000 -4.8807000e-003
  6.4500000e+000  2.4897000e-002
  6.4600000e+000  2.2184000e-003
  6.4700000e+000 -6.9994000e-002
  6.4800000e+000 -1.5697000e-001
  6.4900000e+000 -2.1955000e-001
  6.5000000e+000 -2.3690000e-001
  6.5100000e+000 -2.0789000e-001
  6.5200000e+000 -1.4631000e-001
  6.5300000e+000 -7.8828000e-002
  6.5400000e+000 -3.6915000e-002
  6.5500000e+000 -3.6462000e-002
  6.5600000e+000 -6.2927000e-002
  6.5700000e+000 -7.9234000e-002
  6.5800000e+000 -5.2264000e-002
  6.5900000e+000  1.9212000e-002
  6.6000000e+000  1.0146000e-001
  6.6100000e+000  1.5548000e-001
  6.6200000e+000  1.7145000e-001
  6.6300000e+000  1.6872000e-001
  6.6400000e+000  1.6606000e-001
  6.6500000e+000  1.6149000e-001
  6.6600000e+000  1.4383000e-001
  6.6700000e+000  1.0999000e-001
  6.6800000e+000  6.7072000e-002
  6.6900000e+000  2.4358000e-002
  6.7000000e+000 -1.0768000e-002
  6.7100000e+000 -3.7489000e-002
  6.7200000e+000 -6.0632000e-002
  6.7300000e+000 -8.4037000e-002
  6.7400000e+000 -1.0330000e-001
  6.7500000e+000 -1.1002000e-001
  6.7600000e+000 -1.0108000e-001
  6.7700000e+000 -8.3869000e-002
  6.7800000e+000 -6.9672000e-002
  6.7900000e+000 -6.2733000e-002
  6.8000000e+000 -5.6044000e-002
  6.8100000e+000 -4.4223000e-002
  6.8200000e+000 -3.6851000e-002
  6.8300000e+000 -4.7208000e-002
  6.8400000e+000 -6.5964000e-002
  6.8500000e+000 -6.3942000e-002
  6.8600000e+000 -2.6716000e-002
  6.8700000e+000  2.5326000e-002
  6.8800000e+000  6.0974000e-002
  6.8900000e+000  6.9896000e-002
  6.9000000e+000  6.5838000e-002
  6.9100000e+000  6.2948000e-002
  6.9200000e+000  5.7517000e-002
  6.9300000e+000  3.2134000e-002
  6.9400000e+000 -1.7099000e-002
  6.9500000e+000 -6.4049000e-002
  6.9600000e+000 -7.2244000e-002
  6.9700000e+000 -3.4967000e-002
  6.9800000e+000  1.8430000e-002
  6.9900000e+000  5.6245000e-002
  7.0000000e+000  7.3526000e-002
  7.0100000e+000  8.1871000e-002
  7.0200000e+000  8.8600000e-002
  7.0300000e+000  9.3185000e-002
  7.0400000e+000  8.9305000e-002
  7.0500000e+000  6.7110000e-002
  7.0600000e+000  2.5418000e-002
  7.0700000e+000 -1.3897000e-002
  7.0800000e+000 -2.3563000e-002
  7.0900000e+000  5.0318000e-004
  7.1000000e+000  3.6849000e-002
  7.1100000e+000  6.5653000e-002
  7.1200000e+000  7.6862000e-002
  7.1300000e+000  6.1041000e-002
  7.1400000e+000  1.0968000e-002
  7.1500000e+000 -5.9666000e-002
  7.1600000e+000 -1.2328000e-001
  7.1700000e+000 -1.6445000e-001
  7.1800000e+000 -1.8831000e-001
  7.1900000e+000 -1.9828000e-001
  7.2000000e+000 -1.8830000e-001
  7.2100000e+000 -1.5630000e-001
  7.2200000e+000 -1.1367000e-001
  7.2300000e+000 -7.4873000e-002
  7.2400000e+000 -4.9183000e-002
  7.2500000e+000 -3.9140000e-002
  7.2600000e+000 -3.9531000e-002
  7.2700000e+000 -3.7337000e-002
  7.2800000e+000 -2.0402000e-002
  7.2900000e+000  1.1773000e-002
  7.3000000e+000  4.6329000e-002
  7.3100000e+000  6.4940000e-002
  7.3200000e+000  5.9379000e-002
  7.3300000e+000  4.2123000e-002
  7.3400000e+000  3.7756000e-002
  7.3500000e+000  5.7657000e-002
  7.3600000e+000  9.0006000e-002
  7.3700000e+000  1.1683000e-001
  7.3800000e+000  1.3252000e-001
  7.3900000e+000  1.4053000e-001
  7.4000000e+000  1.4247000e-001
  7.4100000e+000  1.3559000e-001
  7.4200000e+000  1.1415000e-001
  7.4300000e+000  7.2517000e-002
  7.4400000e+000  1.9883000e-002
  7.4500000e+000 -1.5573000e-002
  7.4600000e+000 -1.0958000e-002
  7.4700000e+000  2.1247000e-002
  7.4800000e+000  4.5079000e-002
  7.4900000e+000  3.6279000e-002
  7.5000000e+000 -2.7240000e-003
  7.5100000e+000 -5.4644000e-002
  7.5200000e+000 -9.8552000e-002
  7.5300000e+000 -1.1886000e-001
  7.5400000e+000 -1.1852000e-001
  7.5500000e+000 -1.1460000e-001
  7.5600000e+000 -1.1402000e-001
  7.5700000e+000 -1.0458000e-001
  7.5800000e+000 -8.0723000e-002
  7.5900000e+000 -5.8221000e-002
  7.6000000e+000 -5.2633000e-002
  7.6100000e+000 -5.9334000e-002
  7.6200000e+000 -6.8044000e-002
  7.6300000e+000 -7.4384000e-002
  7.6400000e+000 -6.5835000e-002
  7.6500000e+000 -1.9956000e-002
  7.6600000e+000  6.4516000e-002
  7.6700000e+000  1.5513000e-001
  7.6800000e+000  2.1802000e-001
  7.6900000e+000  2.4607000e-001
  7.7000000e+000  2.4411000e-001
  7.7100000e+000  2.1127000e-001
  7.7200000e+000  1.5376000e-001
  7.7300000e+000  9.3850000e-002
  7.7400000e+000  4.5831000e-002
  7.7500000e+000  1.1628000e-003
  7.7600000e+000 -4.7072000e-002
  7.7700000e+000 -8.1749000e-002
  7.7800000e+000 -8.2657000e-002
  7.7900000e+000 -5.7399000e-002
  7.8000000e+000 -3.8557000e-002
  7.8100000e+000 -5.1988000e-002
  7.8200000e+000 -9.7759000e-002
  7.8300000e+000 -1.5346000e-001
  7.8400000e+000 -1.9221000e-001
  7.8500000e+000 -1.9816000e-001
  7.8600000e+000 -1.7346000e-001
  7.8700000e+000 -1.2935000e-001
  7.8800000e+000 -7.2574000e-002
  7.8900000e+000 -3.4331000e-003
  7.9000000e+000  7.3215000e-002
  7.9100000e+000  1.4062000e-001
  7.9200000e+000  1.7991000e-001
  7.9300000e+000  1.8651000e-001
  7.9400000e+000  1.7253000e-001
  7.9500000e+000  1.5244000e-001
  7.9600000e+000  1.3137000e-001
  7.9700000e+000  1.0743000e-001
  7.9800000e+000  7.5244000e-002
  7.9900000e+000  2.8535000e-002
  8.0000000e+000 -3.0762000e-002
  8.0100000e+000 -8.4729000e-002
  8.0200000e+000 -1.1337000e-001
  8.0300000e+000 -1.1633000e-001
  8.0400000e+000 -1.1272000e-001
  8.0500000e+000 -1.1785000e-001
  8.0600000e+000 -1.3211000e-001
  8.0700000e+000 -1.4629000e-001
  8.0800000e+000 -1.4770000e-001
  8.0900000e+000 -1.2421000e-001
  8.1000000e+000 -8.1113000e-002
  8.1100000e+000 -4.6824000e-002
  8.1200000e+000 -4.7619000e-002
  8.1300000e+000 -7.4678000e-002
  8.1400000e+000 -8.9543000e-002
  8.1500000e+000 -6.1847000e-002
  8.1600000e+000  7.6852000e-003
  8.1700000e+000  9.6882000e-002
  8.1800000e+000  1.7982000e-001
  8.1900000e+000  2.3149000e-001
  8.2000000e+000  2.2826000e-001
  8.2100000e+000  1.5577000e-001
  8.2200000e+000  2.6676000e-002
  8.2300000e+000 -1.1862000e-001
  8.2400000e+000 -2.3810000e-001
  8.2500000e+000 -3.1472000e-001
  8.2600000e+000 -3.4757000e-001
  8.2700000e+000 -3.2977000e-001
  8.2800000e+000 -2.5172000e-001
  8.2900000e+000 -1.2540000e-001
  8.3000000e+000  1.6215000e-002
  8.3100000e+000  1.4829000e-001
  8.3200000e+000  2.6244000e-001
  8.3300000e+000  3.4443000e-001
  8.3400000e+000  3.6452000e-001
  8.3500000e+000  3.0325000e-001
  8.3600000e+000  1.7031000e-001
  8.3700000e+000  1.1171000e-003
  8.3800000e+000 -1.5603000e-001
  8.3900000e+000 -2.5408000e-001
  8.4000000e+000 -2.7546000e-001
  8.4100000e+000 -2.4443000e-001
  8.4200000e+000 -1.9675000e-001
  8.4300000e+000 -1.3911000e-001
  8.4400000e+000 -5.4056000e-002
  8.4500000e+000  6.2349000e-002
  8.4600000e+000  1.8210000e-001
  8.4700000e+000  2.5928000e-001
  8.4800000e+000  2.5245000e-001
  8.4900000e+000  1.5420000e-001
  8.5000000e+000  8.8596000e-003
  8.5100000e+000 -1.1219000e-001
  8.5200000e+000 -1.6778000e-001
  8.5300000e+000 -1.6136000e-001
  8.5400000e+000 -1.0915000e-001
  8.5500000e+000 -2.3837000e-002
  8.5600000e+000  6.9426000e-002
  8.5700000e+000  1.3800000e-001
  8.5800000e+000  1.6943000e-001
  8.5900000e+000  1.7007000e-001
  8.6000000e+000  1.4571000e-001
  8.6100000e+000  1.0971000e-001
  8.6200000e+000  9.5554000e-002
  8.6300000e+000  1.2353000e-001
  8.6400000e+000  1.6678000e-001
  8.6500000e+000  1.8035000e-001
  8.6600000e+000  1.4831000e-001
  8.6700000e+000  7.6297000e-002
  8.6800000e+000 -3.4477000e-002
  8.6900000e+000 -1.6852000e-001
  8.7000000e+000 -2.7535000e-001
  8.7100000e+000 -3.0528000e-001
  8.7200000e+000 -2.5392000e-001
  8.7300000e+000 -1.5210000e-001
  8.7400000e+000 -3.1629000e-002
  8.7500000e+000  8.0741000e-002
  8.7600000e+000  1.5870000e-001
  8.7700000e+000  1.8636000e-001
  8.7800000e+000  1.6609000e-001
  8.7900000e+000  1.0918000e-001
  8.8000000e+000  3.3185000e-002
  8.8100000e+000 -3.1230000e-002
  8.8200000e+000 -5.2382000e-002
  8.8300000e+000 -2.5931000e-002
  8.8400000e+000  2.0596000e-002
  8.8500000e+000  5.7760000e-002
  8.8600000e+000  7.8882000e-002
  8.8700000e+000  9.7202000e-002
  8.8800000e+000  1.2529000e-001
  8.8900000e+000  1.5750000e-001
  8.9000000e+000  1.6402000e-001
  8.9100000e+000  1.0842000e-001
  8.9200000e+000 -1.3512000e-002
  8.9300000e+000 -1.5193000e-001
  8.9400000e+000 -2.3395000e-001
  8.9500000e+000 -2.2525000e-001
  8.9600000e+000 -1.5460000e-001
  8.9700000e+000 -8.1695000e-002
  8.9800000e+000 -4.8685000e-002
  8.9900000e+000 -6.1221000e-002
  9.0000000e+000 -9.2718000e-002
  9.0100000e+000 -9.7633000e-002
  9.0200000e+000 -4.0448000e-002
  9.0300000e+000  6.6433000e-002
  9.0400000e+000  1.6102000e-001
  9.0500000e+000  1.8383000e-001
  9.0600000e+000  1.3250000e-001
  9.0700000e+000  5.9751000e-002
  9.0800000e+000  2.0532000e-002
  9.0900000e+000  2.5006000e-002
  9.1000000e+000  3.7399000e-002
  9.1100000e+000  1.6327000e-002
  9.1200000e+000 -4.2636000e-002
  9.1300000e+000 -9.6142000e-002
  9.1400000e+000 -8.5456000e-002
  9.1500000e+000  1.1969000e-002
  9.1600000e+000  1.4814000e-001
  9.1700000e+000  2.2668000e-001
  9.1800000e+000  1.8105000e-001
  9.1900000e+000  3.9524000e-002
  9.2000000e+000 -1.0059000e-001
  9.2100000e+000 -1.6868000e-001
  9.2200000e+000 -1.7046000e-001
  9.2300000e+000 -1.4875000e-001
  9.2400000e+000 -1.3348000e-001
  9.2500000e+000 -1.3732000e-001
  9.2600000e+000 -1.5636000e-001
  9.2700000e+000 -1.5473000e-001
  9.2800000e+000 -8.0363000e-002
  9.2900000e+000  8.0574000e-002
  9.3000000e+000  2.7888000e-001
  9.3100000e+000  4.3187000e-001
  9.3200000e+000  4.6528000e-001
  9.3300000e+000  3.3965000e-001
  9.3400000e+000  8.7804000e-002
  9.3500000e+000 -1.7890000e-001
  9.3600000e+000 -3.3973000e-001
  9.3700000e+000 -3.5424000e-001
  9.3800000e+000 -2.6495000e-001
  9.3900000e+000 -1.3833000e-001
  9.4000000e+000 -2.8330000e-002
  9.4100000e+000  2.7946000e-002
  9.4200000e+000  2.3749000e-002
  9.4300000e+000 -1.2754000e-002
  9.4400000e+000 -4.7402000e-002
  9.4500000e+000 -6.6219000e-002
  9.4600000e+000 -6.1419000e-002
  9.4700000e+000 -1.8967000e-002
  9.4800000e+000  6.1563000e-002
  9.4900000e+000  1.5374000e-001
  9.5000000e+000  2.2434000e-001
  9.5100000e+000  2.4955000e-001
  9.5200000e+000  2.1308000e-001
  9.5300000e+000  1.2124000e-001
  9.5400000e+000  1.9279000e-002
  9.5500000e+000 -3.6651000e-002
  9.5600000e+000 -3.3094000e-002
  9.5700000e+000 -2.9095000e-003
  9.5800000e+000  1.9828000e-002
  9.5900000e+000  2.9260000e-002
  9.6000000e+000  3.8895000e-002
  9.6100000e+000  6.2459000e-002
  9.6200000e+000  9.9036000e-002
  9.6300000e+000  1.2453000e-001
  9.6400000e+000  1.1368000e-001
  9.6500000e+000  7.6579000e-002
  9.6600000e+000  4.9520000e-002
  9.6700000e+000  3.9810000e-002
  9.6800000e+000  1.3330000e-002
  9.6900000e+000 -4.4965000e-002
  9.7000000e+000 -9.4932000e-002
  9.7100000e+000 -9.0271000e-002
  9.7200000e+000 -3.6765000e-002
  9.7300000e+000  2.4197000e-002
  9.7400000e+000  6.4387000e-002
  9.7500000e+000  7.8950000e-002
  9.7600000e+000  6.9455000e-002
  9.7700000e+000  4.4598000e-002
  9.7800000e+000  2.3819000e-002
  9.7900000e+000  2.0013000e-002
  9.8000000e+000  2.6027000e-002
  9.8100000e+000  3.1536000e-002
  9.8200000e+000  4.0892000e-002
  9.8300000e+000  6.2598000e-002
  9.8400000e+000  9.1605000e-002
  9.8500000e+000  1.1354000e-001
  9.8600000e+000  1.1703000e-001
  9.8700000e+000  9.2101000e-002
  9.8800000e+000  2.7877000e-002
  9.8900000e+000 -7.0353000e-002
  9.9000000e+000 -1.6659000e-001
  9.9100000e+000 -2.1088000e-001
  9.9200000e+000 -1.8274000e-001
  9.9300000e+000 -1.1310000e-001
  9.9400000e+000 -5.6663000e-002
  9.9500000e+000 -4.1498000e-002
  9.9600000e+000 -5.2926000e-002
  9.9700000e+000 -6.2816000e-002
  9.9800000e+000 -6.0131000e-002
  9.9900000e+000 -5.0642000e-002
  1.0000000e+001 -3.9148000e-002
  1.0010000e+001 -2.5655000e-002
  1.0020000e+001 -1.2137000e-002
  1.0030000e+001 -2.3352000e-003
  1.0040000e+001  1.7357000e-003
  1.0050000e+001 -3.9948000e-003
  1.0060000e+001 -3.3332000e-002
  1.0070000e+001 -1.0105000e-001
  1.0080000e+001 -1.9703000e-001
  1.0090000e+001 -2.6827000e-001
  1.0100000e+001 -2.4238000e-001
  1.0110000e+001 -8.2670000e-002
  1.0120000e+001  1.7059000e-001
  1.0130000e+001  4.1195000e-001
  1.0140000e+001  5.2817000e-001
  1.0150000e+001  4.6192000e-001
  1.0160000e+001  2.4449000e-001
  1.0170000e+001 -2.6098000e-002
  1.0180000e+001 -2.5240000e-001
  1.0190000e+001 -3.9185000e-001
  1.0200000e+001 -4.4295000e-001
  1.0210000e+001 -4.0322000e-001
  1.0220000e+001 -2.7118000e-001
  1.0230000e+001 -8.3164000e-002
  1.0240000e+001  8.9475000e-002
  1.0250000e+001  1.8859000e-001
  1.0260000e+001  1.9676000e-001
  1.0270000e+001  1.2467000e-001
  1.0280000e+001  6.4653000e-004
  1.0290000e+001 -1.2823000e-001
  1.0300000e+001 -2.1620000e-001
  1.0310000e+001 -2.4784000e-001
  1.0320000e+001 -2.3803000e-001
  1.0330000e+001 -2.0658000e-001
  1.0340000e+001 -1.6852000e-001
  1.0350000e+001 -1.4042000e-001
  1.0360000e+001 -1.3480000e-001
  1.0370000e+001 -1.4063000e-001
  1.0380000e+001 -1.2705000e-001
  1.0390000e+001 -7.4156000e-002
  1.0400000e+001  4.4542000e-003
  1.0410000e+001  7.8437000e-002
  1.0420000e+001  1.3385000e-001
  1.0430000e+001  1.8020000e-001
  1.0440000e+001  2.2624000e-001
  1.0450000e+001  2.6204000e-001
  1.0460000e+001  2.6845000e-001
  1.0470000e+001  2.3090000e-001
  1.0480000e+001  1.4268000e-001
  1.0490000e+001  1.1564000e-002
  1.0500000e+001 -1.2882000e-001
  1.0510000e+001 -2.3398000e-001
  1.0520000e+001 -2.8374000e-001
  1.0530000e+001 -2.8832000e-001
  1.0540000e+001 -2.5673000e-001
  1.0550000e+001 -1.7980000e-001
  1.0560000e+001 -5.1925000e-002
  1.0570000e+001  1.0592000e-001
  1.0580000e+001  2.5319000e-001
  1.0590000e+001  3.4916000e-001
  1.0600000e+001  3.6189000e-001
  1.0610000e+001  2.7534000e-001
  1.0620000e+001  1.0508000e-001
  1.0630000e+001 -9.9461000e-002
  1.0640000e+001 -2.7989000e-001
  1.0650000e+001 -4.0203000e-001
  1.0660000e+001 -4.6160000e-001
  1.0670000e+001 -4.6534000e-001
  1.0680000e+001 -4.1450000e-001
  1.0690000e+001 -3.1539000e-001
  1.0700000e+001 -1.9272000e-001
  1.0710000e+001 -7.8985000e-002
  1.0720000e+001  1.1789000e-002
  1.0730000e+001  8.4923000e-002
  1.0740000e+001  1.4380000e-001
  1.0750000e+001  1.7849000e-001
  1.0760000e+001  1.7916000e-001
  1.0770000e+001  1.5091000e-001
  1.0780000e+001  1.1518000e-001
  1.0790000e+001  9.6191000e-002
  1.0800000e+001  1.0293000e-001
  1.0810000e+001  1.2410000e-001
  1.0820000e+001  1.4533000e-001
  1.0830000e+001  1.6686000e-001
  1.0840000e+001  1.9115000e-001
  1.0850000e+001  2.0069000e-001
  1.0860000e+001  1.7035000e-001
  1.0870000e+001  9.9433000e-002
  1.0880000e+001  1.0630000e-002
  1.0890000e+001 -7.4485000e-002
  1.0900000e+001 -1.3143000e-001
  1.0910000e+001 -1.1994000e-001
  1.0920000e+001 -1.2976000e-002
  1.0930000e+001  1.5778000e-001
  1.0940000e+001  3.1697000e-001
  1.0950000e+001  4.0574000e-001
  1.0960000e+001  4.0998000e-001
  1.0970000e+001  3.4023000e-001
  1.0980000e+001  2.2251000e-001
  1.0990000e+001  1.0212000e-001
  1.1000000e+001  2.3839000e-002
  1.1010000e+001 -2.9622000e-003
  1.1020000e+001 -7.0639000e-005
  1.1030000e+001  1.1693000e-002
  1.1040000e+001  2.7636000e-002
  1.1050000e+001  4.3615000e-002
  1.1060000e+001  4.6037000e-002
  1.1070000e+001  1.9610000e-002
  1.1080000e+001 -3.8130000e-002
  1.1090000e+001 -1.0919000e-001
  1.1100000e+001 -1.5874000e-001
  1.1110000e+001 -1.5286000e-001
  1.1120000e+001 -8.5163000e-002
  1.1130000e+001  1.4122000e-002
  1.1140000e+001  9.5535000e-002
  1.1150000e+001  1.2619000e-001
  1.1160000e+001  1.1070000e-001
  1.1170000e+001  8.2590000e-002
  1.1180000e+001  7.0612000e-002
  1.1190000e+001  7.6840000e-002
  1.1200000e+001  8.0225000e-002
  1.1210000e+001  5.7143000e-002
  1.1220000e+001 -3.8619000e-003
  1.1230000e+001 -9.4246000e-002
  1.1240000e+001 -1.8891000e-001
  1.1250000e+001 -2.5920000e-001
  1.1260000e+001 -2.9088000e-001
  1.1270000e+001 -2.8589000e-001
  1.1280000e+001 -2.5259000e-001
  1.1290000e+001 -1.9980000e-001
  1.1300000e+001 -1.4051000e-001
  1.1310000e+001 -8.9843000e-002
  1.1320000e+001 -5.9352000e-002
  1.1330000e+001 -5.3096000e-002
  1.1340000e+001 -6.5285000e-002
  1.1350000e+001 -7.6969000e-002
  1.1360000e+001 -6.8010000e-002
  1.1370000e+001 -3.8314000e-002
  1.1380000e+001 -1.1622000e-002
  1.1390000e+001 -8.4655000e-003
  1.1400000e+001 -2.5440000e-002
  1.1410000e+001 -4.7025000e-002
  1.1420000e+001 -6.9631000e-002
  1.1430000e+001 -1.0068000e-001
  1.1440000e+001 -1.4366000e-001
  1.1450000e+001 -1.9170000e-001
  1.1460000e+001 -2.3146000e-001
  1.1470000e+001 -2.4391000e-001
  1.1480000e+001 -2.1209000e-001
  1.1490000e+001 -1.3008000e-001
  1.1500000e+001 -3.3890000e-003
  1.1510000e+001  1.5516000e-001
  1.1520000e+001  3.1913000e-001
  1.1530000e+001  4.4562000e-001
  1.1540000e+001  4.9455000e-001
  1.1550000e+001  4.5342000e-001
  1.1560000e+001  3.3994000e-001
  1.1570000e+001  1.8517000e-001
  1.1580000e+001  2.3817000e-002
  1.1590000e+001 -1.0984000e-001
  1.1600000e+001 -1.9492000e-001
  1.1610000e+001 -2.3610000e-001
  1.1620000e+001 -2.5368000e-001
  1.1630000e+001 -2.6643000e-001
  1.1640000e+001 -2.8527000e-001
  1.1650000e+001 -3.1640000e-001
  1.1660000e+001 -3.5886000e-001
  1.1670000e+001 -4.0114000e-001
  1.1680000e+001 -4.1583000e-001
  1.1690000e+001 -3.6484000e-001
  1.1700000e+001 -2.2761000e-001
  1.1710000e+001 -3.9513000e-002
  1.1720000e+001  1.1255000e-001
  1.1730000e+001  1.5590000e-001
  1.1740000e+001  9.3050000e-002
  1.1750000e+001 -1.1380000e-002
  1.1760000e+001 -9.6700000e-002
  1.1770000e+001 -1.4405000e-001
  1.1780000e+001 -1.6224000e-001
  1.1790000e+001 -1.6145000e-001
  1.1800000e+001 -1.4358000e-001
  1.1810000e+001 -1.0160000e-001
  1.1820000e+001 -2.8403000e-002
  1.1830000e+001  6.3905000e-002
  1.1840000e+001  1.4353000e-001
  1.1850000e+001  1.9171000e-001
  1.1860000e+001  2.2332000e-001
  1.1870000e+001  2.5987000e-001
  1.1880000e+001  2.9693000e-001
  1.1890000e+001  3.1513000e-001
  1.1900000e+001  3.0872000e-001
  1.1910000e+001  2.8360000e-001
  1.1920000e+001  2.4228000e-001
  1.1930000e+001  1.8748000e-001
  1.1940000e+001  1.2815000e-001
  1.1950000e+001  7.0580000e-002
  1.1960000e+001  2.1143000e-002
  1.1970000e+001  3.8684000e-003
  1.1980000e+001  4.6961000e-002
  1.1990000e+001  1.4348000e-001
  1.2000000e+001  2.5300000e-001
  1.2010000e+001  3.4490000e-001
  1.2020000e+001  4.0511000e-001
  1.2030000e+001  4.0455000e-001
  1.2040000e+001  3.1200000e-001
  1.2050000e+001  1.5055000e-001
  1.2060000e+001 -8.2042000e-004
  1.2070000e+001 -7.3210000e-002
  1.2080000e+001 -4.9620000e-002
  1.2090000e+001  5.1003000e-002
  1.2100000e+001  1.8661000e-001
  1.2110000e+001  2.9406000e-001
  1.2120000e+001  3.1898000e-001
  1.2130000e+001  2.5396000e-001
  1.2140000e+001  1.2510000e-001
  1.2150000e+001 -4.1576000e-002
  1.2160000e+001 -2.1573000e-001
  1.2170000e+001 -3.4692000e-001
  1.2180000e+001 -3.9299000e-001
  1.2190000e+001 -3.5548000e-001
  1.2200000e+001 -2.7010000e-001
  1.2210000e+001 -1.7742000e-001
  1.2220000e+001 -1.0707000e-001
  1.2230000e+001 -5.3874000e-002
  1.2240000e+001  3.4529000e-002
  1.2250000e+001  2.0473000e-001
  1.2260000e+001  4.2432000e-001
  1.2270000e+001  6.0850000e-001
  1.2280000e+001  7.0940000e-001
  1.2290000e+001  7.2343000e-001
  1.2300000e+001  6.2141000e-001
  1.2310000e+001  3.6518000e-001
  1.2320000e+001  1.0302000e-002
  1.2330000e+001 -2.9231000e-001
  1.2340000e+001 -4.3544000e-001
  1.2350000e+001 -4.3609000e-001
  1.2360000e+001 -3.6118000e-001
  1.2370000e+001 -2.4751000e-001
  1.2380000e+001 -1.1756000e-001
  1.2390000e+001  6.2072000e-005
  1.2400000e+001  1.0258000e-001
  1.2410000e+001  2.0905000e-001
  1.2420000e+001  2.9206000e-001
  1.2430000e+001  2.6751000e-001
  1.2440000e+001  9.3437000e-002
  1.2450000e+001 -1.5583000e-001
  1.2460000e+001 -3.5122000e-001
  1.2470000e+001 -4.2336000e-001
  1.2480000e+001 -3.9130000e-001
  1.2490000e+001 -3.0966000e-001
  1.2500000e+001 -2.2331000e-001
  1.2510000e+001 -1.6143000e-001
  1.2520000e+001 -1.3903000e-001
  1.2530000e+001 -1.5509000e-001
  1.2540000e+001 -1.9645000e-001
  1.2550000e+001 -2.4277000e-001
  1.2560000e+001 -2.6577000e-001
  1.2570000e+001 -2.3276000e-001
  1.2580000e+001 -1.2395000e-001
  1.2590000e+001  4.7007000e-002
  1.2600000e+001  2.3098000e-001
  1.2610000e+001  3.6037000e-001
  1.2620000e+001  3.7825000e-001
  1.2630000e+001  2.7050000e-001
  1.2640000e+001  9.1822000e-002
  1.2650000e+001 -5.9785000e-002
  1.2660000e+001 -1.1866000e-001
  1.2670000e+001 -1.0518000e-001
  1.2680000e+001 -9.0122000e-002
  1.2690000e+001 -1.1908000e-001
  1.2700000e+001 -1.8533000e-001
  1.2710000e+001 -2.6234000e-001
  1.2720000e+001 -3.2768000e-001
  1.2730000e+001 -3.5492000e-001
  1.2740000e+001 -3.1744000e-001
  1.2750000e+001 -2.1562000e-001
  1.2760000e+001 -7.8195000e-002
  1.2770000e+001  6.3460000e-002
  1.2780000e+001  1.8440000e-001
  1.2790000e+001  2.5343000e-001
  1.2800000e+001  2.4598000e-001
  1.2810000e+001  1.7389000e-001
  1.2820000e+001  8.2996000e-002
  1.2830000e+001  1.0716000e-002
  1.2840000e+001 -3.4554000e-002
  1.2850000e+001 -5.4226000e-002
  1.2860000e+001 -4.2794000e-002
  1.2870000e+001 -2.7181000e-003
  1.2880000e+001  4.2427000e-002
  1.2890000e+001  5.6930000e-002
  1.2900000e+001  1.6903000e-002
  1.2910000e+001 -6.9200000e-002
  1.2920000e+001 -1.5405000e-001
  1.2930000e+001 -1.7955000e-001
  1.2940000e+001 -1.2594000e-001
  1.2950000e+001 -3.3589000e-002
  1.2960000e+001  2.8074000e-002
  1.2970000e+001  1.4512000e-002
  1.2980000e+001 -6.2929000e-002
  1.2990000e+001 -1.4027000e-001
  1.3000000e+001 -1.4399000e-001
  1.3010000e+001 -5.3674000e-002
  1.3020000e+001  7.0487000e-002
  1.3030000e+001  1.4383000e-001
  1.3040000e+001  1.3917000e-001
  1.3050000e+001  9.6175000e-002
  1.3060000e+001  6.0010000e-002
  1.3070000e+001  4.1249000e-002
  1.3080000e+001  3.1538000e-002
  1.3090000e+001  2.2694000e-002
  1.3100000e+001  9.5954000e-003
  1.3110000e+001 -2.2738000e-003
  1.3120000e+001  9.9997000e-003
  1.3130000e+001  6.1236000e-002
  1.3140000e+001  1.3123000e-001
  1.3150000e+001  1.7619000e-001
  1.3160000e+001  1.6369000e-001
  1.3170000e+001  8.6155000e-002
  1.3180000e+001 -3.3240000e-002
  1.3190000e+001 -1.3526000e-001
  1.3200000e+001 -1.4813000e-001
  1.3210000e+001 -4.8145000e-002
  1.3220000e+001  1.1281000e-001
  1.3230000e+001  2.5040000e-001
  1.3240000e+001  3.1150000e-001
  1.3250000e+001  2.9153000e-001
  1.3260000e+001  2.1391000e-001
  1.3270000e+001  1.0834000e-001
  1.3280000e+001 -2.8931000e-003
  1.3290000e+001 -1.0632000e-001
  1.3300000e+001 -1.8926000e-001
  1.3310000e+001 -2.3693000e-001
  1.3320000e+001 -2.5080000e-001
  1.3330000e+001 -2.5406000e-001
  1.3340000e+001 -2.6886000e-001
  1.3350000e+001 -2.8741000e-001
  1.3360000e+001 -2.7795000e-001
  1.3370000e+001 -2.1119000e-001
  1.3380000e+001 -8.2634000e-002
  1.3390000e+001  8.0704000e-002
  1.3400000e+001  2.2660000e-001
  1.3410000e+001  3.0624000e-001
  1.3420000e+001  3.0673000e-001
  1.3430000e+001  2.5544000e-001
  1.3440000e+001  1.9077000e-001
  1.3450000e+001  1.3572000e-001
  1.3460000e+001  9.8560000e-002
  1.3470000e+001  8.5981000e-002
  1.3480000e+001  1.0268000e-001
  1.3490000e+001  1.3937000e-001
  1.3500000e+001  1.7267000e-001
  1.3510000e+001  1.8147000e-001
  1.3520000e+001  1.6414000e-001
  1.3530000e+001  1.3471000e-001
  1.3540000e+001  1.0195000e-001
  1.3550000e+001  5.9949000e-002
  1.3560000e+001  3.5285000e-003
  1.3570000e+001 -5.7403000e-002
  1.3580000e+001 -1.1006000e-001
  1.3590000e+001 -1.5412000e-001
  1.3600000e+001 -1.9565000e-001
  1.3610000e+001 -2.3202000e-001
  1.3620000e+001 -2.5750000e-001
  1.3630000e+001 -2.7333000e-001
  1.3640000e+001 -2.7757000e-001
  1.3650000e+001 -2.4930000e-001
  1.3660000e+001 -1.6517000e-001
  1.3670000e+001 -3.4837000e-002
  1.3680000e+001  9.4207000e-002
  1.3690000e+001  1.7442000e-001
  1.3700000e+001  1.9211000e-001
  1.3710000e+001  1.6178000e-001
  1.3720000e+001  1.0344000e-001
  1.3730000e+001  3.9540000e-002
  1.3740000e+001 -2.5772000e-004
  1.3750000e+001 -1.3593000e-003
  1.3760000e+001  5.7380000e-003
  1.3770000e+001 -3.8032000e-002
  1.3780000e+001 -1.6124000e-001
  1.3790000e+001 -3.3224000e-001
  1.3800000e+001 -4.8342000e-001
  1.3810000e+001 -5.4263000e-001
  1.3820000e+001 -4.5416000e-001
  1.3830000e+001 -2.1448000e-001
  1.3840000e+001  9.9307000e-002
  1.3850000e+001  3.7400000e-001
  1.3860000e+001  5.3811000e-001
  1.3870000e+001  5.7866000e-001
  1.3880000e+001  5.0014000e-001
  1.3890000e+001  3.2507000e-001
  1.3900000e+001  1.2343000e-001
  1.3910000e+001 -2.0040000e-002
  1.3920000e+001 -8.2138000e-002
  1.3930000e+001 -1.0777000e-001
  1.3940000e+001 -1.4250000e-001
  1.3950000e+001 -1.9509000e-001
  1.3960000e+001 -2.5587000e-001
  1.3970000e+001 -3.1151000e-001
  1.3980000e+001 -3.4326000e-001
  1.3990000e+001 -3.4525000e-001
  1.4000000e+001 -3.4000000e-001
  1.4010000e+001 -3.5009000e-001
  1.4020000e+001 -3.6527000e-001
  1.4030000e+001 -3.6660000e-001
  1.4040000e+001 -3.6388000e-001
  1.4050000e+001 -3.7082000e-001
  1.4060000e+001 -3.5068000e-001
  1.4070000e+001 -2.3628000e-001
  1.4080000e+001 -1.8588000e-002
  1.4090000e+001  2.1683000e-001
  1.4100000e+001  3.6832000e-001
  1.4110000e+001  4.1357000e-001
  1.4120000e+001  4.0389000e-001
  1.4130000e+001  3.8621000e-001
  1.4140000e+001  3.6303000e-001
  1.4150000e+001  3.2106000e-001
  1.4160000e+001  2.6363000e-001
  1.4170000e+001  2.0984000e-001
  1.4180000e+001  1.7696000e-001
  1.4190000e+001  1.6955000e-001
  1.4200000e+001  1.7632000e-001
  1.4210000e+001  1.8015000e-001
  1.4220000e+001  1.7658000e-001
  1.4230000e+001  1.7631000e-001
  1.4240000e+001  1.8568000e-001
  1.4250000e+001  1.9077000e-001
  1.4260000e+001  1.6770000e-001
  1.4270000e+001  9.9504000e-002
  1.4280000e+001 -1.1682000e-002
  1.4290000e+001 -1.4124000e-001
  1.4300000e+001 -2.4825000e-001
  1.4310000e+001 -3.0117000e-001
  1.4320000e+001 -2.9534000e-001
  1.4330000e+001 -2.4886000e-001
  1.4340000e+001 -1.8795000e-001
  1.4350000e+001 -1.4072000e-001
  1.4360000e+001 -1.2446000e-001
  1.4370000e+001 -1.3148000e-001
  1.4380000e+001 -1.3126000e-001
  1.4390000e+001 -9.6928000e-002
  1.4400000e+001 -2.5541000e-002
  1.4410000e+001  6.6933000e-002
  1.4420000e+001  1.6345000e-001
  1.4430000e+001  2.4983000e-001
  1.4440000e+001  3.0900000e-001
  1.4450000e+001  3.2375000e-001
  1.4460000e+001  2.9238000e-001
  1.4470000e+001  2.3771000e-001
  1.4480000e+001  1.9412000e-001
  1.4490000e+001  1.7881000e-001
  1.4500000e+001  1.7782000e-001
  1.4510000e+001  1.6164000e-001
  1.4520000e+001  1.1376000e-001
  1.4530000e+001  4.5511000e-002
  1.4540000e+001 -1.4610000e-002
  1.4550000e+001 -4.8592000e-002
  1.4560000e+001 -6.5670000e-002
  1.4570000e+001 -8.4188000e-002
  1.4580000e+001 -1.0058000e-001
  1.4590000e+001 -9.3424000e-002
  1.4600000e+001 -6.0514000e-002
  1.4610000e+001 -3.4555000e-002
  1.4620000e+001 -4.6439000e-002
  1.4630000e+001 -8.9481000e-002
  1.4640000e+001 -1.3183000e-001
  1.4650000e+001 -1.5526000e-001
  1.4660000e+001 -1.6467000e-001
  1.4670000e+001 -1.7151000e-001
  1.4680000e+001 -1.8034000e-001
  1.4690000e+001 -1.8980000e-001
  1.4700000e+001 -1.9774000e-001
  1.4710000e+001 -2.0601000e-001
  1.4720000e+001 -2.1872000e-001
  1.4730000e+001 -2.2969000e-001
  1.4740000e+001 -2.1331000e-001
  1.4750000e+001 -1.4474000e-001
  1.4760000e+001 -3.4117000e-002
  1.4770000e+001  6.7432000e-002
  1.4780000e+001  1.0644000e-001
  1.4790000e+001  6.9413000e-002
  1.4800000e+001 -9.8291000e-003
  1.4810000e+001 -8.2788000e-002
  1.4820000e+001 -1.2189000e-001
  1.4830000e+001 -1.2486000e-001
  1.4840000e+001 -9.3479000e-002
  1.4850000e+001 -2.3610000e-002
  1.4860000e+001  7.9993000e-002
  1.4870000e+001  1.9411000e-001
  1.4880000e+001  2.9040000e-001
  1.4890000e+001  3.4968000e-001
  1.4900000e+001  3.5796000e-001
  1.4910000e+001  3.0947000e-001
  1.4920000e+001  2.2512000e-001
  1.4930000e+001  1.4600000e-001
  1.4940000e+001  9.5146000e-002
  1.4950000e+001  6.3519000e-002
  1.4960000e+001  4.0367000e-002
  1.4970000e+001  3.1435000e-002
  1.4980000e+001  3.7513000e-002
  1.4990000e+001  4.0596000e-002
  1.5000000e+001  2.6553000e-002
  1.5010000e+001  2.1098000e-003
  1.5020000e+001 -1.8849000e-002
  1.5030000e+001 -2.3647000e-002
  1.5040000e+001  7.0468000e-003
  1.5050000e+001  8.5710000e-002
  1.5060000e+001  1.8898000e-001
  1.5070000e+001  2.6948000e-001
  1.5080000e+001  3.0349000e-001
  1.5090000e+001  3.0514000e-001
  1.5100000e+001  2.9179000e-001
  1.5110000e+001  2.6058000e-001
  1.5120000e+001  2.0443000e-001
  1.5130000e+001  1.2946000e-001
  1.5140000e+001  4.8462000e-002
  1.5150000e+001 -2.7270000e-002
  1.5160000e+001 -8.5826000e-002
  1.5170000e+001 -1.1905000e-001
  1.5180000e+001 -1.3280000e-001
  1.5190000e+001 -1.4008000e-001
  1.5200000e+001 -1.4266000e-001
  1.5210000e+001 -1.3188000e-001
  1.5220000e+001 -1.0837000e-001
  1.5230000e+001 -8.8029000e-002
  1.5240000e+001 -8.4109000e-002
  1.5250000e+001 -9.3595000e-002
  1.5260000e+001 -1.0554000e-001
  1.5270000e+001 -1.1626000e-001
  1.5280000e+001 -1.2776000e-001
  1.5290000e+001 -1.3590000e-001
  1.5300000e+001 -1.2719000e-001
  1.5310000e+001 -9.2687000e-002
  1.5320000e+001 -4.0064000e-002
  1.5330000e+001  9.0082000e-003
  1.5340000e+001  3.5752000e-002
  1.5350000e+001  3.7687000e-002
  1.5360000e+001  2.7388000e-002
  1.5370000e+001  1.7926000e-002
  1.5380000e+001  9.4616000e-003
  1.5390000e+001 -8.8382000e-003
  1.5400000e+001 -4.4144000e-002
  1.5410000e+001 -8.7829000e-002
  1.5420000e+001 -1.2066000e-001
  1.5430000e+001 -1.2927000e-001
  1.5440000e+001 -1.1586000e-001
  1.5450000e+001 -9.1182000e-002
  1.5460000e+001 -6.4280000e-002
  1.5470000e+001 -4.2654000e-002
  1.5480000e+001 -3.2098000e-002
  1.5490000e+001 -3.0398000e-002
  1.5500000e+001 -2.6987000e-002
  1.5510000e+001 -1.6692000e-002
  1.5520000e+001 -6.7962000e-003
  1.5530000e+001 -5.0413000e-003
  1.5540000e+001 -6.0528000e-003
  1.5550000e+001  1.3032000e-003
  1.5560000e+001  1.8536000e-002
  1.5570000e+001  3.7243000e-002
  1.5580000e+001  4.8389000e-002
  1.5590000e+001  4.8031000e-002
  1.5600000e+001  3.8527000e-002
  1.5610000e+001  2.7687000e-002
  1.5620000e+001  1.9620000e-002
  1.5630000e+001  9.1906000e-003
  1.5640000e+001 -9.4336000e-003
  1.5650000e+001 -3.0709000e-002
  1.5660000e+001 -4.6031000e-002
  1.5670000e+001 -5.6629000e-002
  1.5680000e+001 -6.6045000e-002
  1.5690000e+001 -6.5201000e-002
  1.5700000e+001 -4.3725000e-002
  1.5710000e+001 -1.0428000e-002
  1.5720000e+001  1.5489000e-002
  1.5730000e+001  2.7716000e-002
  1.5740000e+001  2.8649000e-002
  1.5750000e+001  6.8322000e-003
  1.5760000e+001 -5.4782000e-002
  1.5770000e+001 -1.4786000e-001
  1.5780000e+001 -2.3205000e-001
  1.5790000e+001 -2.6846000e-001
  1.5800000e+001 -2.4508000e-001
  1.5810000e+001 -1.7444000e-001
  1.5820000e+001 -8.2722000e-002
  1.5830000e+001 -5.8932000e-003
  1.5840000e+001  2.7003000e-002
  1.5850000e+001  1.4426000e-002
  1.5860000e+001 -2.3476000e-002
  1.5870000e+001 -7.2746000e-002
  1.5880000e+001 -1.3251000e-001
  1.5890000e+001 -1.9459000e-001
  1.5900000e+001 -2.3614000e-001
  1.5910000e+001 -2.4130000e-001
  1.5920000e+001 -2.1531000e-001
  1.5930000e+001 -1.6965000e-001
  1.5940000e+001 -1.0817000e-001
  1.5950000e+001 -3.6614000e-002
  1.5960000e+001  2.6019000e-002
  1.5970000e+001  6.0031000e-002
  1.5980000e+001  6.3041000e-002
  1.5990000e+001  5.0033000e-002
  1.6000000e+001  3.9621000e-002
  1.6010000e+001  4.5616000e-002
  1.6020000e+001  7.2228000e-002
  1.6030000e+001  1.1242000e-001
  1.6040000e+001  1.5149000e-001
  1.6050000e+001  1.7666000e-001
  1.6060000e+001  1.8337000e-001
  1.6070000e+001  1.7367000e-001
  1.6080000e+001  1.5143000e-001
  1.6090000e+001  1.2087000e-001
  1.6100000e+001  8.8847000e-002
  1.6110000e+001  6.2605000e-002
  1.6120000e+001  4.6478000e-002
  1.6130000e+001  3.8555000e-002
  1.6140000e+001  3.2650000e-002
  1.6150000e+001  2.3915000e-002
  1.6160000e+001  1.5446000e-002
  1.6170000e+001  1.7727000e-002
  1.6180000e+001  4.0228000e-002
  1.6190000e+001  8.1281000e-002
  1.6200000e+001  1.2425000e-001
  1.6210000e+001  1.4780000e-001
  1.6220000e+001  1.4128000e-001
  1.6230000e+001  1.1322000e-001
  1.6240000e+001  8.3031000e-002
  1.6250000e+001  6.6382000e-002
  1.6260000e+001  6.1899000e-002
  1.6270000e+001  5.1915000e-002
  1.6280000e+001  1.7253000e-002
  1.6290000e+001 -4.3316000e-002
  1.6300000e+001 -1.1064000e-001
  1.6310000e+001 -1.6395000e-001
  1.6320000e+001 -1.9706000e-001
  1.6330000e+001 -2.1378000e-001
  1.6340000e+001 -2.1536000e-001
  1.6350000e+001 -2.0495000e-001
  1.6360000e+001 -1.9197000e-001
  1.6370000e+001 -1.7834000e-001
  1.6380000e+001 -1.4432000e-001
  1.6390000e+001 -7.0752000e-002
  1.6400000e+001  2.8361000e-002
  1.6410000e+001  1.1306000e-001
  1.6420000e+001  1.6072000e-001
  1.6430000e+001  1.8277000e-001
  1.6440000e+001  2.0066000e-001
  1.6450000e+001  2.2546000e-001
  1.6460000e+001  2.5945000e-001
  1.6470000e+001  2.9246000e-001
  1.6480000e+001  2.9663000e-001
  1.6490000e+001  2.5100000e-001
  1.6500000e+001  1.7479000e-001
  1.6510000e+001  1.1408000e-001
  1.6520000e+001  9.1379000e-002
  1.6530000e+001  8.8737000e-002
  1.6540000e+001  8.0803000e-002
  1.6550000e+001  6.1313000e-002
  1.6560000e+001  3.5930000e-002
  1.6570000e+001  1.2756000e-002
  1.6580000e+001  2.6337000e-003
  1.6590000e+001  1.1968000e-002
  1.6600000e+001  3.2729000e-002
  1.6610000e+001  5.0760000e-002
  1.6620000e+001  5.9847000e-002
  1.6630000e+001  5.8568000e-002
  1.6640000e+001  4.3069000e-002
  1.6650000e+001  1.5191000e-002
  1.6660000e+001 -1.2334000e-002
  1.6670000e+001 -3.2612000e-002
  1.6680000e+001 -5.1421000e-002
  1.6690000e+001 -7.0486000e-002
  1.6700000e+001 -7.6005000e-002
  1.6710000e+001 -5.6922000e-002
  1.6720000e+001 -1.8869000e-002
  1.6730000e+001  2.2702000e-002
  1.6740000e+001  5.2893000e-002
  1.6750000e+001  5.5262000e-002
  1.6760000e+001  1.9214000e-002
  1.6770000e+001 -4.2660000e-002
  1.6780000e+001 -9.9803000e-002
  1.6790000e+001 -1.3157000e-001
  1.6800000e+001 -1.3745000e-001
  1.6810000e+001 -1.1745000e-001
  1.6820000e+001 -6.6251000e-002
  1.6830000e+001  7.8836000e-003
  1.6840000e+001  7.3371000e-002
  1.6850000e+001  9.9759000e-002
  1.6860000e+001  8.2271000e-002
  1.6870000e+001  3.9986000e-002
  1.6880000e+001 -6.4519000e-003
  1.6890000e+001 -4.7650000e-002
  1.6900000e+001 -8.3235000e-002
  1.6910000e+001 -1.1161000e-001
  1.6920000e+001 -1.2733000e-001
  1.6930000e+001 -1.2696000e-001
  1.6940000e+001 -1.1448000e-001
  1.6950000e+001 -9.4402000e-002
  1.6960000e+001 -6.3776000e-002
  1.6970000e+001 -1.8106000e-002
  1.6980000e+001  3.5590000e-002
  1.6990000e+001  8.3146000e-002
  1.7000000e+001  1.1608000e-001
  1.7010000e+001  1.3132000e-001
  1.7020000e+001  1.2047000e-001
  1.7030000e+001  7.6819000e-002
  1.7040000e+001  1.0318000e-002
  1.7050000e+001 -5.3408000e-002
  1.7060000e+001 -9.2980000e-002
  1.7070000e+001 -1.0440000e-001
  1.7080000e+001 -9.7805000e-002
  1.7090000e+001 -8.6256000e-002
  1.7100000e+001 -7.4899000e-002
  1.7110000e+001 -6.0473000e-002
  1.7120000e+001 -4.2702000e-002
  1.7130000e+001 -3.5193000e-002
  1.7140000e+001 -5.0776000e-002
  1.7150000e+001 -7.9774000e-002
  1.7160000e+001 -9.8416000e-002
  1.7170000e+001 -9.8842000e-002
  1.7180000e+001 -9.0634000e-002
  1.7190000e+001 -7.5574000e-002
  1.7200000e+001 -4.6583000e-002
  1.7210000e+001 -9.2353000e-003
  1.7220000e+001  2.0032000e-002
  1.7230000e+001  4.0295000e-002
  1.7240000e+001  6.6131000e-002
  1.7250000e+001  1.0165000e-001
  1.7260000e+001  1.3407000e-001
  1.7270000e+001  1.5420000e-001
  1.7280000e+001  1.6109000e-001
  1.7290000e+001  1.5115000e-001
  1.7300000e+001  1.2398000e-001
  1.7310000e+001  9.7557000e-002
  1.7320000e+001  9.2446000e-002
  1.7330000e+001  1.0474000e-001
  1.7340000e+001  1.1138000e-001
  1.7350000e+001  9.7414000e-002
  1.7360000e+001  6.2675000e-002
  1.7370000e+001  1.4253000e-002
  1.7380000e+001 -3.0220000e-002
  1.7390000e+001 -4.5982000e-002
  1.7400000e+001 -2.4539000e-002
  1.7410000e+001  1.3695000e-002
  1.7420000e+001  4.3794000e-002
  1.7430000e+001  5.9570000e-002
  1.7440000e+001  6.4391000e-002
  1.7450000e+001  5.3024000e-002
  1.7460000e+001  1.8513000e-002
  1.7470000e+001 -3.4922000e-002
  1.7480000e+001 -9.2947000e-002
  1.7490000e+001 -1.3878000e-001
  1.7500000e+001 -1.5578000e-001
  1.7510000e+001 -1.3541000e-001
  1.7520000e+001 -8.6063000e-002
  1.7530000e+001 -2.9095000e-002
  1.7540000e+001  1.6783000e-002
  1.7550000e+001  4.3711000e-002
  1.7560000e+001  5.0912000e-002
  1.7570000e+001  4.1374000e-002
  1.7580000e+001  2.2301000e-002
  1.7590000e+001  3.7196000e-003
  1.7600000e+001 -7.3580000e-003
  1.7610000e+001 -1.3162000e-002
  1.7620000e+001 -2.3063000e-002
  1.7630000e+001 -4.0159000e-002
  1.7640000e+001 -5.2269000e-002
  1.7650000e+001 -4.6347000e-002
  1.7660000e+001 -2.8719000e-002
  1.7670000e+001 -2.0341000e-002
  1.7680000e+001 -3.1061000e-002
  1.7690000e+001 -5.2407000e-002
  1.7700000e+001 -7.3244000e-002
  1.7710000e+001 -8.8430000e-002
  1.7720000e+001 -9.1474000e-002
  1.7730000e+001 -7.7025000e-002
  1.7740000e+001 -5.0236000e-002
  1.7750000e+001 -2.3148000e-002
  1.7760000e+001 -1.4223000e-003
  1.7770000e+001  1.6712000e-002
  1.7780000e+001  3.1887000e-002
  1.7790000e+001  4.0510000e-002
  1.7800000e+001  3.8665000e-002
  1.7810000e+001  2.5322000e-002
  1.7820000e+001  5.3175000e-003
  1.7830000e+001 -7.5006000e-003
  1.7840000e+001  2.2373000e-003
  1.7850000e+001  3.5224000e-002
  1.7860000e+001  7.3535000e-002
  1.7870000e+001  9.6286000e-002
  1.7880000e+001  9.4193000e-002
  1.7890000e+001  7.0202000e-002
  1.7900000e+001  3.5092000e-002
  1.7910000e+001  4.5251000e-003
  1.7920000e+001 -9.7107000e-003
  1.7930000e+001 -9.0665000e-003
  1.7940000e+001 -3.8443000e-003
  1.7950000e+001  2.4821000e-003
  1.7960000e+001  1.4231000e-002
  1.7970000e+001  2.9001000e-002
  1.7980000e+001  3.0563000e-002
  1.7990000e+001  7.6378000e-003
  1.8000000e+001 -3.1947000e-002
  1.8010000e+001 -7.0054000e-002
  1.8020000e+001 -9.6903000e-002
  1.8030000e+001 -1.0795000e-001
  1.8040000e+001 -9.9285000e-002
  1.8050000e+001 -7.5725000e-002
  1.8060000e+001 -5.5785000e-002
  1.8070000e+001 -5.2456000e-002
  1.8080000e+001 -5.5677000e-002
  1.8090000e+001 -4.5222000e-002
  1.8100000e+001 -1.6925000e-002
  1.8110000e+001  1.3562000e-002
  1.8120000e+001  2.8409000e-002
  1.8130000e+001  1.9293000e-002
  1.8140000e+001 -1.0873000e-002
  1.8150000e+001 -4.8040000e-002
  1.8160000e+001 -7.3272000e-002
  1.8170000e+001 -7.5271000e-002
  1.8180000e+001 -5.4950000e-002
  1.8190000e+001 -2.1448000e-002
  1.8200000e+001  1.1871000e-002
  1.8210000e+001  2.8763000e-002
  1.8220000e+001  1.8673000e-002
  1.8230000e+001 -1.5729000e-002
  1.8240000e+001 -6.2150000e-002
  1.8250000e+001 -1.0805000e-001
  1.8260000e+001 -1.4126000e-001
  1.8270000e+001 -1.4986000e-001
  1.8280000e+001 -1.3136000e-001
  1.8290000e+001 -9.6601000e-002
  1.8300000e+001 -5.8645000e-002
  1.8310000e+001 -2.2651000e-002
  1.8320000e+001  1.0055000e-002
  1.8330000e+001  3.6639000e-002
  1.8340000e+001  5.6114000e-002
  1.8350000e+001  6.9746000e-002
  1.8360000e+001  7.7049000e-002
  1.8370000e+001  7.8117000e-002
  1.8380000e+001  8.0301000e-002
  1.8390000e+001  8.9855000e-002
  1.8400000e+001  9.9115000e-002
  1.8410000e+001  9.2841000e-002
  1.8420000e+001  6.5704000e-002
  1.8430000e+001  2.4004000e-002
  1.8440000e+001 -2.2529000e-002
  1.8450000e+001 -5.9691000e-002
  1.8460000e+001 -7.1173000e-002
  1.8470000e+001 -5.5864000e-002
  1.8480000e+001 -3.5518000e-002
  1.8490000e+001 -3.0300000e-002
  1.8500000e+001 -3.5397000e-002
  1.8510000e+001 -3.4283000e-002
  1.8520000e+001 -2.2363000e-002
  1.8530000e+001 -3.2090000e-003
  1.8540000e+001  2.3633000e-002
  1.8550000e+001  5.2898000e-002
  1.8560000e+001  6.6966000e-002
  1.8570000e+001  5.4551000e-002
  1.8580000e+001  2.8043000e-002
  1.8590000e+001  9.0684000e-003
  1.8600000e+001  4.6386000e-003
  1.8610000e+001  7.1665000e-003
  1.8620000e+001  1.0131000e-002
  1.8630000e+001  1.3362000e-002
  1.8640000e+001  1.8560000e-002
  1.8650000e+001  2.7825000e-002
  1.8660000e+001  4.0367000e-002
  1.8670000e+001  4.9428000e-002
  1.8680000e+001  4.7766000e-002
  1.8690000e+001  3.7729000e-002
  1.8700000e+001  2.8585000e-002
  1.8710000e+001  2.7632000e-002
  1.8720000e+001  3.4755000e-002
  1.8730000e+001  4.5688000e-002
  1.8740000e+001  5.4913000e-002
  1.8750000e+001  5.9200000e-002
  1.8760000e+001  5.8590000e-002
  1.8770000e+001  5.5039000e-002
  1.8780000e+001  4.8398000e-002
  1.8790000e+001  3.6208000e-002
  1.8800000e+001  1.6018000e-002
  1.8810000e+001 -1.3935000e-002
  1.8820000e+001 -5.2053000e-002
  1.8830000e+001 -8.8710000e-002
  1.8840000e+001 -1.0982000e-001
  1.8850000e+001 -1.0876000e-001
  1.8860000e+001 -8.7680000e-002
  1.8870000e+001 -4.6968000e-002
  1.8880000e+001  1.5999000e-002
  1.8890000e+001  9.2046000e-002
  1.8900000e+001  1.5735000e-001
  1.8910000e+001  1.9085000e-001
  1.8920000e+001  1.8792000e-001
  1.8930000e+001  1.5415000e-001
  1.8940000e+001  1.0082000e-001
  1.8950000e+001  4.5842000e-002
  1.8960000e+001  6.2455000e-003
  1.8970000e+001 -1.6751000e-002
  1.8980000e+001 -3.3432000e-002
  1.8990000e+001 -4.7514000e-002
  1.9000000e+001 -5.2207000e-002
  1.9010000e+001 -4.6234000e-002
  1.9020000e+001 -3.8443000e-002
  1.9030000e+001 -3.4606000e-002
  1.9040000e+001 -3.1588000e-002
  1.9050000e+001 -2.6225000e-002
  1.9060000e+001 -1.9476000e-002
  1.9070000e+001 -1.2359000e-002
  1.9080000e+001 -6.2809000e-003
  1.9090000e+001 -2.7848000e-003
  1.9100000e+001 -1.6882000e-004
  1.9110000e+001  5.1490000e-003
  1.9120000e+001  1.0182000e-002
  1.9130000e+001  7.4030000e-003
  1.9140000e+001 -4.3367000e-003
  1.9150000e+001 -2.0283000e-002
  1.9160000e+001 -4.2535000e-002
  1.9170000e+001 -7.7713000e-002
  1.9180000e+001 -1.2048000e-001
  1.9190000e+001 -1.5547000e-001
  1.9200000e+001 -1.7722000e-001
  1.9210000e+001 -1.9174000e-001
  1.9220000e+001 -1.9693000e-001
  1.9230000e+001 -1.7825000e-001
  1.9240000e+001 -1.3118000e-001
  1.9250000e+001 -7.2836000e-002
  1.9260000e+001 -2.4486000e-002
  1.9270000e+001  8.7262000e-003
  1.9280000e+001  3.1725000e-002
  1.9290000e+001  4.6131000e-002
  1.9300000e+001  5.0452000e-002
  1.9310000e+001  4.7943000e-002
  1.9320000e+001  4.3864000e-002
  1.9330000e+001  3.9013000e-002
  1.9340000e+001  3.2397000e-002
  1.9350000e+001  2.8504000e-002
  1.9360000e+001  3.2712000e-002
  1.9370000e+001  4.1083000e-002
  1.9380000e+001  4.0404000e-002
  1.9390000e+001  2.2425000e-002
  1.9400000e+001 -7.5348000e-003
  1.9410000e+001 -3.4126000e-002
  1.9420000e+001 -4.3532000e-002
  1.9430000e+001 -2.9964000e-002
  1.9440000e+001  1.1760000e-004
  1.9450000e+001  3.0632000e-002
  1.9460000e+001  4.4291000e-002
  1.9470000e+001  3.4765000e-002
  1.9480000e+001  8.9550000e-003
  1.9490000e+001 -1.9745000e-002
  1.9500000e+001 -4.1956000e-002
  1.9510000e+001 -5.3563000e-002
  1.9520000e+001 -5.0102000e-002
  1.9530000e+001 -2.4633000e-002
  1.9540000e+001  2.4439000e-002
  1.9550000e+001  8.6388000e-002
  1.9560000e+001  1.4378000e-001
  1.9570000e+001  1.8268000e-001
  1.9580000e+001  1.9791000e-001
  1.9590000e+001  1.8890000e-001
  1.9600000e+001  1.5939000e-001
  1.9610000e+001  1.1759000e-001
  1.9620000e+001  7.4093000e-002
  1.9630000e+001  3.5887000e-002
  1.9640000e+001  7.4037000e-003
  1.9650000e+001 -7.2758000e-003
  1.9660000e+001 -6.4744000e-003
  1.9670000e+001  4.0330000e-003
  1.9680000e+001  1.4270000e-002
  1.9690000e+001  1.9358000e-002
  1.9700000e+001  2.3508000e-002
  1.9710000e+001  3.0424000e-002
  1.9720000e+001  3.4865000e-002
  1.9730000e+001  2.7245000e-002
  1.9740000e+001  4.3324000e-003
  1.9750000e+001 -3.0655000e-002
  1.9760000e+001 -7.2786000e-002
  1.9770000e+001 -1.1214000e-001
  1.9780000e+001 -1.3102000e-001
  1.9790000e+001 -1.1701000e-001
  1.9800000e+001 -7.8418000e-002
  1.9810000e+001 -3.6405000e-002
  1.9820000e+001 -3.6669000e-003
  1.9830000e+001  2.1174000e-002
  1.9840000e+001  4.2084000e-002
  1.9850000e+001  5.9888000e-002
  1.9860000e+001  7.6077000e-002
  1.9870000e+001  9.1766000e-002
  1.9880000e+001  1.0405000e-001
  1.9890000e+001  1.0985000e-001
  1.9900000e+001  1.1086000e-001
  1.9910000e+001  1.0802000e-001
  1.9920000e+001  9.7409000e-002
  1.9930000e+001  7.5854000e-002
  1.9940000e+001  4.6950000e-002
  1.9950000e+001  1.7200000e-002
  1.9960000e+001 -9.6085000e-003
  1.9970000e+001 -3.2005000e-002
  1.9980000e+001 -4.7474000e-002
  1.9990000e+001 -5.3570000e-002
  2.0000000e+001 -5.0752000e-002
  2.0010000e+001 -4.3292000e-002
  2.0020000e+001 -3.5418000e-002
  2.0030000e+001 -2.6131000e-002
  2.0040000e+001 -9.1062000e-003
  2.0050000e+001  1.5173000e-002
  2.0060000e+001  3.4075000e-002
  2.0070000e+001  3.6091000e-002
  2.0080000e+001  2.5945000e-002
  2.0090000e+001  1.5532000e-002
  2.0100000e+001  6.2671000e-003
  2.0110000e+001 -1.0011000e-002
  2.0120000e+001 -3.2709000e-002
  2.0130000e+001 -4.8460000e-002
  2.0140000e+001 -4.7399000e-002
  2.0150000e+001 -3.6021000e-002
  2.0160000e+001 -2.8930000e-002
  2.0170000e+001 -3.4592000e-002
  2.0180000e+001 -5.0061000e-002
  2.0190000e+001 -6.7102000e-002
  2.0200000e+001 -8.0623000e-002
  2.0210000e+001 -9.2023000e-002
  2.0220000e+001 -1.0506000e-001
  2.0230000e+001 -1.1983000e-001
  2.0240000e+001 -1.3266000e-001
  2.0250000e+001 -1.3958000e-001
  2.0260000e+001 -1.3877000e-001
  2.0270000e+001 -1.2939000e-001
  2.0280000e+001 -1.1294000e-001
  2.0290000e+001 -9.2476000e-002
  2.0300000e+001 -6.9882000e-002
  2.0310000e+001 -4.5583000e-002
  2.0320000e+001 -2.3424000e-002
  2.0330000e+001 -1.1094000e-002
  2.0340000e+001 -1.1749000e-002
  2.0350000e+001 -1.7643000e-002
  2.0360000e+001 -1.4613000e-002
  2.0370000e+001  3.6457000e-003
  2.0380000e+001  3.0482000e-002
  2.0390000e+001  5.3866000e-002
  2.0400000e+001  6.7931000e-002
  2.0410000e+001  7.3524000e-002
  2.0420000e+001  7.3734000e-002
  2.0430000e+001  7.1079000e-002
  2.0440000e+001  7.0597000e-002
  2.0450000e+001  7.8464000e-002
  2.0460000e+001  9.5390000e-002
  2.0470000e+001  1.1351000e-001
  2.0480000e+001  1.2243000e-001
  2.0490000e+001  1.1488000e-001
  2.0500000e+001  8.8607000e-002
  2.0510000e+001  4.8648000e-002
  2.0520000e+001  7.5793000e-003
  2.0530000e+001 -2.3432000e-002
  2.0540000e+001 -4.2949000e-002
  2.0550000e+001 -5.5599000e-002
  2.0560000e+001 -6.1959000e-002
  2.0570000e+001 -5.9523000e-002
  2.0580000e+001 -4.9673000e-002
  2.0590000e+001 -3.9182000e-002
  2.0600000e+001 -3.4106000e-002
  2.0610000e+001 -3.4560000e-002
  2.0620000e+001 -3.3573000e-002
  2.0630000e+001 -2.2531000e-002
  2.0640000e+001 -1.0525000e-003
  2.0650000e+001  1.9591000e-002
  2.0660000e+001  2.8736000e-002
  2.0670000e+001  2.7960000e-002
  2.0680000e+001  2.6840000e-002
  2.0690000e+001  2.9706000e-002
  2.0700000e+001  3.4534000e-002
  2.0710000e+001  3.8064000e-002
  2.0720000e+001  3.7753000e-002
  2.0730000e+001  3.1988000e-002
  2.0740000e+001  2.3025000e-002
  2.0750000e+001  1.5650000e-002
  2.0760000e+001  1.1803000e-002
  2.0770000e+001  1.2613000e-002
  2.0780000e+001  2.0236000e-002
  2.0790000e+001  3.2734000e-002
  2.0800000e+001  4.0333000e-002
  2.0810000e+001  3.7067000e-002
  2.0820000e+001  2.7978000e-002
  2.0830000e+001  2.0234000e-002
  2.0840000e+001  1.2751000e-002
  2.0850000e+001  2.8500000e-003
  2.0860000e+001 -6.5394000e-003
  2.0870000e+001 -1.1795000e-002
  2.0880000e+001 -1.3694000e-002
  2.0890000e+001 -1.1558000e-002
  2.0900000e+001 -2.7291000e-003
  2.0910000e+001  1.0260000e-002
  2.0920000e+001  1.8742000e-002
  2.0930000e+001  1.7962000e-002
  2.0940000e+001  8.7250000e-003
  2.0950000e+001 -8.1822000e-003
  2.0960000e+001 -3.0485000e-002
  2.0970000e+001 -4.8377000e-002
  2.0980000e+001 -5.1503000e-002
  2.0990000e+001 -4.2718000e-002
  2.1000000e+001 -3.5331000e-002
  2.1010000e+001 -3.7526000e-002
  2.1020000e+001 -4.5164000e-002
  2.1030000e+001 -4.9177000e-002
  2.1040000e+001 -4.5791000e-002
  2.1050000e+001 -4.1838000e-002
  2.1060000e+001 -4.9826000e-002
  2.1070000e+001 -7.3694000e-002
  2.1080000e+001 -9.9625000e-002
  2.1090000e+001 -1.0827000e-001
  2.1100000e+001 -9.4471000e-002
  2.1110000e+001 -6.9816000e-002
  2.1120000e+001 -4.5065000e-002
  2.1130000e+001 -2.1435000e-002
  2.1140000e+001  1.3309000e-003
  2.1150000e+001  1.7864000e-002
  2.1160000e+001  2.3527000e-002
  2.1170000e+001  2.1543000e-002
  2.1180000e+001  1.9545000e-002
  2.1190000e+001  2.1431000e-002
  2.1200000e+001  2.3466000e-002
  2.1210000e+001  1.9458000e-002
  2.1220000e+001  9.4483000e-003
  2.1230000e+001  8.3003000e-004
  2.1240000e+001 -1.3219000e-003
  2.1250000e+001 -3.8595000e-004
  2.1260000e+001 -1.1076000e-003
  2.1270000e+001 -6.7725000e-004
  2.1280000e+001  6.2429000e-003
  2.1290000e+001  1.7502000e-002
  2.1300000e+001  2.5992000e-002
  2.1310000e+001  2.9829000e-002
  2.1320000e+001  3.1615000e-002
  2.1330000e+001  2.9595000e-002
  2.1340000e+001  1.9730000e-002
  2.1350000e+001  3.7456000e-003
  2.1360000e+001 -9.9911000e-003
  2.1370000e+001 -1.7206000e-002
  2.1380000e+001 -2.0340000e-002
  2.1390000e+001 -2.2415000e-002
  2.1400000e+001 -2.0434000e-002
  2.1410000e+001 -9.0420000e-003
  2.1420000e+001  1.4124000e-002
  2.1430000e+001  4.5654000e-002
  2.1440000e+001  7.6458000e-002
  2.1450000e+001  9.4743000e-002
  2.1460000e+001  9.3504000e-002
  2.1470000e+001  7.8039000e-002
  2.1480000e+001  6.0601000e-002
  2.1490000e+001  4.7654000e-002
  2.1500000e+001  3.5450000e-002
  2.1510000e+001  1.9868000e-002
  2.1520000e+001  4.0621000e-003
  2.1530000e+001 -3.4691000e-003
  2.1540000e+001  2.2207000e-003
  2.1550000e+001  1.8492000e-002
  2.1560000e+001  3.5685000e-002
  2.1570000e+001  4.3905000e-002
  2.1580000e+001  3.8391000e-002
  2.1590000e+001  2.1594000e-002
  2.1600000e+001 -1.9991000e-003
  2.1610000e+001 -2.5585000e-002
  2.1620000e+001 -3.8403000e-002
  2.1630000e+001 -3.1971000e-002
  2.1640000e+001 -1.2311000e-002
  2.1650000e+001  4.2058000e-003
  2.1660000e+001  1.0255000e-002
  2.1670000e+001  1.3819000e-002
  2.1680000e+001  2.2766000e-002
  2.1690000e+001  3.1819000e-002
  2.1700000e+001  3.1898000e-002
  2.1710000e+001  2.1928000e-002
  2.1720000e+001  7.3713000e-003
  2.1730000e+001 -8.1940000e-003
  2.1740000e+001 -2.3057000e-002
  2.1750000e+001 -3.5362000e-002
  2.1760000e+001 -4.2366000e-002
  2.1770000e+001 -4.1409000e-002
  2.1780000e+001 -3.2049000e-002
  2.1790000e+001 -1.9324000e-002
  2.1800000e+001 -1.1021000e-002
  2.1810000e+001 -8.7433000e-003
  2.1820000e+001 -5.4538000e-003
  2.1830000e+001  3.9220000e-003
  2.1840000e+001  1.3998000e-002
  2.1850000e+001  1.7207000e-002
  2.1860000e+001  1.5972000e-002
  2.1870000e+001  1.9079000e-002
  2.1880000e+001  2.8701000e-002
  2.1890000e+001  3.8345000e-002
  2.1900000e+001  4.0740000e-002
  2.1910000e+001  3.4816000e-002
  2.1920000e+001  2.3259000e-002
  2.1930000e+001  8.8229000e-003
  2.1940000e+001 -7.9290000e-003
  2.1950000e+001 -2.5643000e-002
  2.1960000e+001 -4.0854000e-002
  2.1970000e+001 -4.9526000e-002
  2.1980000e+001 -5.1715000e-002
  2.1990000e+001 -5.1319000e-002
  2.2000000e+001 -4.9589000e-002
  2.2010000e+001 -4.2269000e-002
  2.2020000e+001 -2.6338000e-002
  2.2030000e+001 -4.7673000e-003
  2.2040000e+001  1.7931000e-002
  2.2050000e+001  3.9439000e-002
  2.2060000e+001  5.6084000e-002
  2.2070000e+001  6.3365000e-002
  2.2080000e+001  6.2701000e-002
  2.2090000e+001  6.2813000e-002
  2.2100000e+001  6.9603000e-002
  2.2110000e+001  8.0368000e-002
  2.2120000e+001  8.8719000e-002
  2.2130000e+001  9.0118000e-002
  2.2140000e+001  8.1211000e-002
  2.2150000e+001  6.3625000e-002
  2.2160000e+001  4.6580000e-002
  2.2170000e+001  3.7458000e-002
  2.2180000e+001  3.0354000e-002
  2.2190000e+001  1.4517000e-002
  2.2200000e+001 -8.7900000e-003
  2.2210000e+001 -2.6439000e-002
  2.2220000e+001 -3.0091000e-002
  2.2230000e+001 -2.3376000e-002
  2.2240000e+001 -1.3826000e-002
  2.2250000e+001 -6.1842000e-003
  2.2260000e+001 -2.8296000e-003
  2.2270000e+001 -3.8412000e-003
  2.2280000e+001 -6.2269000e-003
  2.2290000e+001 -7.8464000e-003
  2.2300000e+001 -8.9050000e-003
  2.2310000e+001 -9.3128000e-003
  2.2320000e+001 -7.4364000e-003
  2.2330000e+001 -3.7529000e-003
  2.2340000e+001 -9.6161000e-004
  2.2350000e+001 -2.3015000e-004
  2.2360000e+001 -8.1801000e-004
  2.2370000e+001 -4.4038000e-003
  2.2380000e+001 -1.2496000e-002
  2.2390000e+001 -1.9684000e-002
  2.2400000e+001 -1.6085000e-002
  2.2410000e+001 -2.4034000e-004
  2.2420000e+001  1.9590000e-002
  2.2430000e+001  3.4978000e-002
  2.2440000e+001  4.2051000e-002
  2.2450000e+001  3.6770000e-002
  2.2460000e+001  1.6637000e-002
  2.2470000e+001 -1.2817000e-002
  2.2480000e+001 -4.0816000e-002
  2.2490000e+001 -6.2563000e-002
  2.2500000e+001 -8.0648000e-002
  2.2510000e+001 -9.5647000e-002
  2.2520000e+001 -1.0283000e-001
  2.2530000e+001 -9.9268000e-002
  2.2540000e+001 -8.7301000e-002
  2.2550000e+001 -7.1406000e-002
  2.2560000e+001 -5.6633000e-002
  2.2570000e+001 -4.4720000e-002
  2.2580000e+001 -3.0993000e-002
  2.2590000e+001 -1.0817000e-002
  2.2600000e+001  8.5577000e-003
  2.2610000e+001  1.5081000e-002
  2.2620000e+001  8.5296000e-003
  2.2630000e+001 -4.6294000e-006
  2.2640000e+001 -6.2108000e-003
  2.2650000e+001 -1.3611000e-002
  2.2660000e+001 -1.8848000e-002
  2.2670000e+001 -1.1021000e-002
  2.2680000e+001  9.5730000e-003
  2.2690000e+001  3.0062000e-002
  2.2700000e+001  4.0450000e-002
  2.2710000e+001  4.0518000e-002
  2.2720000e+001  3.0917000e-002
  2.2730000e+001  1.1815000e-002
  2.2740000e+001 -1.0318000e-002
  2.2750000e+001 -2.6918000e-002
  2.2760000e+001 -3.7171000e-002
  2.2770000e+001 -4.6671000e-002
  2.2780000e+001 -5.4450000e-002
  2.2790000e+001 -5.2859000e-002
  2.2800000e+001 -3.7036000e-002
  2.2810000e+001 -1.0927000e-002
  2.2820000e+001  1.6466000e-002
  2.2830000e+001  3.6109000e-002
  2.2840000e+001  4.3145000e-002
  2.2850000e+001  3.9103000e-002
  2.2860000e+001  2.8203000e-002
  2.2870000e+001  1.1167000e-002
  2.2880000e+001 -1.3113000e-002
  2.2890000e+001 -3.9014000e-002
  2.2900000e+001 -5.3640000e-002
  2.2910000e+001 -5.0171000e-002
  2.2920000e+001 -3.5062000e-002
  2.2930000e+001 -1.7660000e-002
  2.2940000e+001 -6.6867000e-004
  2.2950000e+001  1.3716000e-002
  2.2960000e+001  1.8718000e-002
  2.2970000e+001  1.2888000e-002
  2.2980000e+001  3.1599000e-003
  2.2990000e+001 -6.2215000e-003
  2.3000000e+001 -1.7971000e-002
  2.3010000e+001 -2.8898000e-002
  2.3020000e+001 -2.8772000e-002
  2.3030000e+001 -1.9082000e-002
  2.3040000e+001 -1.5302000e-002
  2.3050000e+001 -2.3511000e-002
  2.3060000e+001 -3.1285000e-002
  2.3070000e+001 -3.1128000e-002
  2.3080000e+001 -2.9840000e-002
  2.3090000e+001 -3.0717000e-002
  2.3100000e+001 -2.5504000e-002
  2.3110000e+001 -1.0274000e-002
  2.3120000e+001  8.6503000e-003
  2.3130000e+001  2.7412000e-002
  2.3140000e+001  4.6404000e-002
  2.3150000e+001  5.9692000e-002
  2.3160000e+001  5.7774000e-002
  2.3170000e+001  4.2280000e-002
  2.3180000e+001  2.4175000e-002
  2.3190000e+001  9.7331000e-003
  2.3200000e+001 -1.0461000e-003
  2.3210000e+001 -7.6501000e-003
  2.3220000e+001 -9.3414000e-003
  2.3230000e+001 -8.2132000e-003
  2.3240000e+001 -6.8659000e-003
  2.3250000e+001 -8.1497000e-003
  2.3260000e+001 -1.4747000e-002
  2.3270000e+001 -2.4187000e-002
  2.3280000e+001 -2.7154000e-002
  2.3290000e+001 -2.0073000e-002
  2.3300000e+001 -1.1246000e-002
  2.3310000e+001 -7.5759000e-003
  2.3320000e+001 -2.5811000e-003
  2.3330000e+001  1.0475000e-002
  2.3340000e+001  2.3403000e-002
  2.3350000e+001  2.3130000e-002
  2.3360000e+001  9.7623000e-003
  2.3370000e+001 -5.9168000e-003
  2.3380000e+001 -1.6337000e-002
  2.3390000e+001 -1.9811000e-002
  2.3400000e+001 -1.4458000e-002
  2.3410000e+001 -1.2862000e-003
  2.3420000e+001  1.2104000e-002
  2.3430000e+001  1.6686000e-002
  2.3440000e+001  1.1996000e-002
  2.3450000e+001  3.5270000e-003
  2.3460000e+001 -4.3832000e-003
  2.3470000e+001 -1.1639000e-002
  2.3480000e+001 -1.7662000e-002
  2.3490000e+001 -2.1655000e-002
  2.3500000e+001 -2.4894000e-002
  2.3510000e+001 -2.8900000e-002
  2.3520000e+001 -2.9002000e-002
  2.3530000e+001 -1.9142000e-002
  2.3540000e+001 -2.1342000e-003
  2.3550000e+001  1.0700000e-002
  2.3560000e+001  1.4003000e-002
  2.3570000e+001  1.5794000e-002
  2.3580000e+001  2.5151000e-002
  2.3590000e+001  3.8570000e-002
  2.3600000e+001  4.7197000e-002
  2.3610000e+001  5.1122000e-002
  2.3620000e+001  5.7383000e-002
  2.3630000e+001  6.6217000e-002
  2.3640000e+001  7.0500000e-002
  2.3650000e+001  6.7146000e-002
  2.3660000e+001  6.1283000e-002
  2.3670000e+001  5.4909000e-002
  2.3680000e+001  4.2606000e-002
  2.3690000e+001  2.1416000e-002
  2.3700000e+001 -2.6198000e-003
  2.3710000e+001 -2.3334000e-002
  2.3720000e+001 -4.0504000e-002
  2.3730000e+001 -5.3974000e-002
  2.3740000e+001 -5.7808000e-002
  2.3750000e+001 -4.7921000e-002
  2.3760000e+001 -2.9362000e-002
  2.3770000e+001 -1.0962000e-002
  2.3780000e+001  3.4071000e-003
  2.3790000e+001  1.2338000e-002
  2.3800000e+001  1.2866000e-002
  2.3810000e+001  5.2522000e-003
  2.3820000e+001 -3.9351000e-003
  2.3830000e+001 -9.4742000e-003
  2.3840000e+001 -1.2767000e-002
  2.3850000e+001 -1.3892000e-002
  2.3860000e+001 -7.5135000e-003
  2.3870000e+001  5.3510000e-003
  2.3880000e+001  1.1097000e-002
  2.3890000e+001  1.4825000e-003
  2.3900000e+001 -1.2812000e-002
  2.3910000e+001 -1.7786000e-002
  2.3920000e+001 -1.5425000e-002
  2.3930000e+001 -1.4245000e-002
  2.3940000e+001 -1.1916000e-002
  2.3950000e+001 -2.4481000e-003
  2.3960000e+001  8.5655000e-003
  2.3970000e+001  1.2244000e-002
  2.3980000e+001  1.1849000e-002
  2.3990000e+001  1.2585000e-002
  2.4000000e+001  7.8451000e-003
  2.4010000e+001 -8.5774000e-003
  2.4020000e+001 -2.6873000e-002
  2.4030000e+001 -3.4718000e-002
  2.4040000e+001 -3.4431000e-002
  2.4050000e+001 -3.3580000e-002
  2.4060000e+001 -3.0009000e-002
  2.4070000e+001 -2.0227000e-002
  2.4080000e+001 -1.1940000e-002
  2.4090000e+001 -1.4578000e-002
  2.4100000e+001 -2.5402000e-002
  2.4110000e+001 -3.4723000e-002
  2.4120000e+001 -3.6974000e-002
  2.4130000e+001 -3.0992000e-002
  2.4140000e+001 -1.7379000e-002
  2.4150000e+001 -1.4463000e-003
  2.4160000e+001  9.4914000e-003
  2.4170000e+001  1.3132000e-002
  2.4180000e+001  1.1516000e-002
  2.4190000e+001  5.1129000e-003
  2.4200000e+001 -4.9629000e-003
  2.4210000e+001 -1.2861000e-002
  2.4220000e+001 -1.4200000e-002
  2.4230000e+001 -1.1193000e-002
  2.4240000e+001 -6.8026000e-003
  2.4250000e+001  2.8736000e-004
  2.4260000e+001  9.3996000e-003
  2.4270000e+001  1.4491000e-002
  2.4280000e+001  1.2836000e-002
  2.4290000e+001  9.9699000e-003
  2.4300000e+001  1.1132000e-002
  2.4310000e+001  1.2123000e-002
  2.4320000e+001  5.8798000e-003
  2.4330000e+001 -8.4612000e-003
  2.4340000e+001 -2.6381000e-002
  2.4350000e+001 -4.3897000e-002
  2.4360000e+001 -5.6259000e-002
  2.4370000e+001 -5.8948000e-002
  2.4380000e+001 -5.2865000e-002
  2.4390000e+001 -4.4731000e-002
  2.4400000e+001 -3.7910000e-002
  2.4410000e+001 -2.9144000e-002
  2.4420000e+001 -1.5157000e-002
  2.4430000e+001  1.9621000e-003
  2.4440000e+001  1.8454000e-002
  2.4450000e+001  3.1565000e-002
  2.4460000e+001  3.6566000e-002
  2.4470000e+001  2.9943000e-002
  2.4480000e+001  1.5636000e-002
  2.4490000e+001  2.4113000e-003
  2.4500000e+001 -8.5057000e-003
  2.4510000e+001 -2.1377000e-002
  2.4520000e+001 -3.3758000e-002
  2.4530000e+001 -3.3617000e-002
  2.4540000e+001 -1.5124000e-002
  2.4550000e+001  1.1903000e-002
  2.4560000e+001  3.1267000e-002
  2.4570000e+001  3.5151000e-002
  2.4580000e+001  2.6835000e-002
  2.4590000e+001  1.2941000e-002
  2.4600000e+001 -2.6523000e-003
  2.4610000e+001 -1.7498000e-002
  2.4620000e+001 -2.6459000e-002
  2.4630000e+001 -2.3807000e-002
  2.4640000e+001 -1.0586000e-002
  2.4650000e+001  6.3715000e-003
  2.4660000e+001  2.3248000e-002
  2.4670000e+001  4.0162000e-002
  2.4680000e+001  5.2180000e-002
  2.4690000e+001  5.0086000e-002
  2.4700000e+001  3.4005000e-002
  2.4710000e+001  1.6555000e-002
  2.4720000e+001  8.1510000e-003
  2.4730000e+001  7.9394000e-003
  2.4740000e+001  1.2551000e-002
  2.4750000e+001  2.1914000e-002
  2.4760000e+001  3.1834000e-002
  2.4770000e+001  3.4276000e-002
  2.4780000e+001  3.0163000e-002
  2.4790000e+001  3.0643000e-002
  2.4800000e+001  4.0929000e-002
  2.4810000e+001  5.5006000e-002
  2.4820000e+001  6.8689000e-002
  2.4830000e+001  8.5105000e-002
  2.4840000e+001  1.0318000e-001
  2.4850000e+001  1.1402000e-001
  2.4860000e+001  1.1271000e-001
  2.4870000e+001  1.0275000e-001
  2.4880000e+001  8.5706000e-002
  2.4890000e+001  5.9477000e-002
  2.4900000e+001  2.9814000e-002
  2.4910000e+001  9.8392000e-003
  2.4920000e+001  4.2461000e-003
  2.4930000e+001  6.4826000e-003
  2.4940000e+001  1.1891000e-002
  2.4950000e+001  2.1493000e-002
  2.4960000e+001  3.3350000e-002
  2.4970000e+001  4.2714000e-002
  2.4980000e+001  4.8089000e-002
  2.4990000e+001  4.9086000e-002
  2.5000000e+001  4.1267000e-002
  2.5010000e+001  2.2551000e-002
  2.5020000e+001  8.9986000e-004
  2.5030000e+001 -1.2989000e-002
  2.5040000e+001 -1.8342000e-002
  2.5050000e+001 -2.1645000e-002
  2.5060000e+001 -2.6670000e-002
  2.5070000e+001 -3.2268000e-002
  2.5080000e+001 -3.6638000e-002
  2.5090000e+001 -3.8664000e-002
  2.5100000e+001 -3.9822000e-002
  2.5110000e+001 -4.2032000e-002
  2.5120000e+001 -4.1707000e-002
  2.5130000e+001 -3.2800000e-002
  2.5140000e+001 -2.0561000e-002
  2.5150000e+001 -2.0134000e-002
  2.5160000e+001 -3.3521000e-002
  2.5170000e+001 -4.2405000e-002
  2.5180000e+001 -3.3196000e-002
  2.5190000e+001 -1.6290000e-002
  2.5200000e+001 -9.1617000e-003
  2.5210000e+001 -1.3166000e-002
  2.5220000e+001 -1.8081000e-002
  2.5230000e+001 -1.9328000e-002
  2.5240000e+001 -1.9204000e-002
  2.5250000e+001 -1.9053000e-002
  2.5260000e+001 -1.9046000e-002
  2.5270000e+001 -1.9771000e-002
  2.5280000e+001 -1.9522000e-002
  2.5290000e+001 -1.4937000e-002
  2.5300000e+001 -5.1719000e-003
  2.5310000e+001  9.2518000e-003
  2.5320000e+001  2.8816000e-002
  2.5330000e+001  5.0655000e-002
  2.5340000e+001  6.6728000e-002
  2.5350000e+001  7.2303000e-002
  2.5360000e+001  7.1890000e-002
  2.5370000e+001  6.9944000e-002
  2.5380000e+001  6.4199000e-002
  2.5390000e+001  5.1708000e-002
  2.5400000e+001  3.5010000e-002
  2.5410000e+001  1.6030000e-002
  2.5420000e+001 -6.0541000e-003
  2.5430000e+001 -2.8347000e-002
  2.5440000e+001 -4.2657000e-002
  2.5450000e+001 -4.5696000e-002
  2.5460000e+001 -4.2543000e-002
  2.5470000e+001 -3.8880000e-002
  2.5480000e+001 -3.6812000e-002
  2.5490000e+001 -3.9331000e-002
  2.5500000e+001 -4.8840000e-002
  2.5510000e+001 -6.1206000e-002
  2.5520000e+001 -6.8639000e-002
  2.5530000e+001 -6.8722000e-002
  2.5540000e+001 -6.3904000e-002
  2.5550000e+001 -5.5762000e-002
  2.5560000e+001 -4.5531000e-002
  2.5570000e+001 -3.6238000e-002
  2.5580000e+001 -2.7049000e-002
  2.5590000e+001 -1.4375000e-002
  2.5600000e+001 -8.1724000e-004
  2.5610000e+001  3.6106000e-003
  2.5620000e+001 -2.0840000e-003
  2.5630000e+001 -6.7871000e-003
  2.5640000e+001 -4.9286000e-003
  2.5650000e+001 -6.0155000e-003
  2.5660000e+001 -1.5749000e-002
  2.5670000e+001 -2.2896000e-002
  2.5680000e+001 -1.6714000e-002
  2.5690000e+001 -4.7711000e-003
  2.5700000e+001 -2.1343000e-003
  2.5710000e+001 -1.0203000e-002
  2.5720000e+001 -1.8487000e-002
  2.5730000e+001 -2.0967000e-002
  2.5740000e+001 -2.0437000e-002
  2.5750000e+001 -2.0098000e-002
  2.5760000e+001 -2.1693000e-002
  2.5770000e+001 -2.8248000e-002
  2.5780000e+001 -3.9298000e-002
  2.5790000e+001 -4.6575000e-002
  2.5800000e+001 -4.3023000e-002
  2.5810000e+001 -3.3882000e-002
  2.5820000e+001 -3.0807000e-002
  2.5830000e+001 -3.5787000e-002
  2.5840000e+001 -3.9974000e-002
  2.5850000e+001 -3.8494000e-002
  2.5860000e+001 -3.5186000e-002
  2.5870000e+001 -3.1586000e-002
  2.5880000e+001 -2.3242000e-002
  2.5890000e+001 -8.3390000e-003
  2.5900000e+001  9.6947000e-003
  2.5910000e+001  2.9588000e-002
  2.5920000e+001  5.1472000e-002
  2.5930000e+001  6.9757000e-002
  2.5940000e+001  7.5233000e-002
  2.5950000e+001  6.7278000e-002
  2.5960000e+001  5.3510000e-002
  2.5970000e+001  3.9564000e-002
  2.5980000e+001  2.5029000e-002
  2.5990000e+001  1.0319000e-002
  2.6000000e+001 -2.3696000e-003
  2.6010000e+001 -1.0895000e-002
  2.6020000e+001 -1.2493000e-002
  2.6030000e+001 -4.1652000e-003
  2.6040000e+001  1.0872000e-002
  2.6050000e+001  2.4388000e-002
  2.6060000e+001  3.2286000e-002
  2.6070000e+001  3.8064000e-002
  2.6080000e+001  4.3884000e-002
  2.6090000e+001  4.6210000e-002
  2.6100000e+001  4.1477000e-002
  2.6110000e+001  3.2999000e-002
  2.6120000e+001  2.7110000e-002
  2.6130000e+001  2.6560000e-002
  2.6140000e+001  2.8294000e-002
  2.6150000e+001  2.7733000e-002
  2.6160000e+001  2.3981000e-002
  2.6170000e+001  1.9516000e-002
  2.6180000e+001  1.4637000e-002
  2.6190000e+001  5.7725000e-003
  2.6200000e+001 -7.7575000e-003
  2.6210000e+001 -2.0969000e-002
  2.6220000e+001 -2.8991000e-002
  2.6230000e+001 -3.1721000e-002
  2.6240000e+001 -2.9955000e-002
  2.6250000e+001 -2.2642000e-002
  2.6260000e+001 -9.8638000e-003
  2.6270000e+001  5.1686000e-003
  2.6280000e+001  1.8235000e-002
  2.6290000e+001  2.5865000e-002
  2.6300000e+001  2.7317000e-002
  2.6310000e+001  2.6390000e-002
  2.6320000e+001  2.7265000e-002
  2.6330000e+001  2.7717000e-002
  2.6340000e+001  2.2436000e-002
  2.6350000e+001  1.2914000e-002
  2.6360000e+001  5.4872000e-003
  2.6370000e+001  7.7314000e-005
  2.6380000e+001 -8.3876000e-003
  2.6390000e+001 -1.8035000e-002
  2.6400000e+001 -2.1859000e-002
  2.6410000e+001 -2.0303000e-002
  2.6420000e+001 -1.9769000e-002
  2.6430000e+001 -2.0437000e-002
  2.6440000e+001 -1.7077000e-002
  2.6450000e+001 -9.7577000e-003
  2.6460000e+001 -1.7433000e-003
  2.6470000e+001  8.1207000e-003
  2.6480000e+001  2.0324000e-002
  2.6490000e+001  2.7326000e-002
  2.6500000e+001  2.4137000e-002
  2.6510000e+001  1.8307000e-002
  2.6520000e+001  1.8830000e-002
  2.6530000e+001  2.2638000e-002
  2.6540000e+001  2.2704000e-002
  2.6550000e+001  2.1815000e-002
  2.6560000e+001  2.6624000e-002
  2.6570000e+001  3.5926000e-002
  2.6580000e+001  4.3573000e-002
  2.6590000e+001  4.7325000e-002
  2.6600000e+001  4.6104000e-002
  2.6610000e+001  3.6848000e-002
  2.6620000e+001  2.0835000e-002
  2.6630000e+001  4.8769000e-003
  2.6640000e+001 -7.4844000e-003
  2.6650000e+001 -1.7347000e-002
  2.6660000e+001 -2.0025000e-002
  2.6670000e+001 -7.3203000e-003
  2.6680000e+001  1.8812000e-002
  2.6690000e+001  4.4608000e-002
  2.6700000e+001  6.0266000e-002
  2.6710000e+001  6.5684000e-002
  2.6720000e+001  6.1861000e-002
  2.6730000e+001  4.8515000e-002
  2.6740000e+001  3.0767000e-002
  2.6750000e+001  1.6021000e-002
  2.6760000e+001  4.6792000e-003
  2.6770000e+001 -4.5131000e-003
  2.6780000e+001 -5.5963000e-003
  2.6790000e+001  5.1235000e-003
  2.6800000e+001  1.7405000e-002
  2.6810000e+001  1.9986000e-002
  2.6820000e+001  1.7488000e-002
  2.6830000e+001  1.9134000e-002
  2.6840000e+001  2.0878000e-002
  2.6850000e+001  1.4360000e-002
  2.6860000e+001  3.6109000e-003
  2.6870000e+001 -2.6140000e-003
  2.6880000e+001 -6.4861000e-003
  2.6890000e+001 -1.4214000e-002
  2.6900000e+001 -2.3619000e-002
  2.6910000e+001 -2.9194000e-002
  2.6920000e+001 -3.0996000e-002
  2.6930000e+001 -2.7910000e-002
  2.6940000e+001 -1.5575000e-002
  2.6950000e+001  3.0336000e-003
  2.6960000e+001  1.6368000e-002
  2.6970000e+001  1.9752000e-002
  2.6980000e+001  1.7650000e-002
  2.6990000e+001  1.1669000e-002
  2.7000000e+001 -1.5345000e-003
  2.7010000e+001 -1.8335000e-002
  2.7020000e+001 -2.9219000e-002
  2.7030000e+001 -3.0279000e-002
  2.7040000e+001 -2.8001000e-002
  2.7050000e+001 -3.0603000e-002
  2.7060000e+001 -4.0112000e-002
  2.7070000e+001 -5.0254000e-002
  2.7080000e+001 -5.3638000e-002
  2.7090000e+001 -5.2223000e-002
  2.7100000e+001 -5.6168000e-002
  2.7110000e+001 -6.7296000e-002
  2.7120000e+001 -7.3164000e-002
  2.7130000e+001 -6.6196000e-002
  2.7140000e+001 -5.6214000e-002
  2.7150000e+001 -5.2649000e-002
  2.7160000e+001 -4.9405000e-002
  2.7170000e+001 -3.9650000e-002
  2.7180000e+001 -3.0402000e-002
  2.7190000e+001 -2.8826000e-002
  2.7200000e+001 -2.9105000e-002
  2.7210000e+001 -2.5008000e-002
  2.7220000e+001 -2.2201000e-002
  2.7230000e+001 -2.7035000e-002
  2.7240000e+001 -3.3815000e-002
  2.7250000e+001 -3.2990000e-002
  2.7260000e+001 -2.3849000e-002
  2.7270000e+001 -1.2992000e-002
  2.7280000e+001 -6.9541000e-003
  2.7290000e+001 -9.0817000e-003
  2.7300000e+001 -1.9236000e-002
  2.7310000e+001 -3.2285000e-002
  2.7320000e+001 -4.0771000e-002
  2.7330000e+001 -4.0921000e-002
  2.7340000e+001 -3.5118000e-002
  2.7350000e+001 -2.7754000e-002
  2.7360000e+001 -2.0712000e-002
  2.7370000e+001 -1.2679000e-002
  2.7380000e+001 -2.3217000e-003
  2.7390000e+001  8.2715000e-003
  2.7400000e+001  1.4386000e-002
  2.7410000e+001  1.4927000e-002
  2.7420000e+001  1.2904000e-002
  2.7430000e+001  1.1674000e-002
  2.7440000e+001  1.3524000e-002
  2.7450000e+001  2.0405000e-002
  2.7460000e+001  3.1588000e-002
  2.7470000e+001  4.1238000e-002
  2.7480000e+001  4.3646000e-002
  2.7490000e+001  3.9211000e-002
  2.7500000e+001  3.4629000e-002
  2.7510000e+001  3.4132000e-002
  2.7520000e+001  3.6443000e-002
  2.7530000e+001  3.6743000e-002
  2.7540000e+001  3.0785000e-002
  2.7550000e+001  1.6386000e-002
  2.7560000e+001 -3.4819000e-003
  2.7570000e+001 -2.1634000e-002
  2.7580000e+001 -3.1775000e-002
  2.7590000e+001 -3.4631000e-002
  2.7600000e+001 -3.4780000e-002
  2.7610000e+001 -3.2398000e-002
  2.7620000e+001 -2.3585000e-002
  2.7630000e+001 -1.1082000e-002
  2.7640000e+001 -5.8440000e-003
  2.7650000e+001 -1.2908000e-002
  2.7660000e+001 -2.2392000e-002
  2.7670000e+001 -2.2369000e-002
  2.7680000e+001 -1.5229000e-002
  2.7690000e+001 -1.1454000e-002
  2.7700000e+001 -1.1913000e-002
  2.7710000e+001 -8.2120000e-003
  2.7720000e+001  1.7194000e-003
  2.7730000e+001  9.6137000e-003
  2.7740000e+001  9.5506000e-003
  2.7750000e+001  6.1302000e-003
  2.7760000e+001  5.9207000e-003
  2.7770000e+001  7.2362000e-003
  2.7780000e+001  3.4052000e-003
  2.7790000e+001 -5.6426000e-003
  2.7800000e+001 -1.2557000e-002
  2.7810000e+001 -1.2710000e-002
  2.7820000e+001 -1.1928000e-002
  2.7830000e+001 -1.6879000e-002
  2.7840000e+001 -2.4223000e-002
  2.7850000e+001 -2.5298000e-002
  2.7860000e+001 -1.9601000e-002
  2.7870000e+001 -1.3569000e-002
  2.7880000e+001 -1.0792000e-002
  2.7890000e+001 -1.1405000e-002
  2.7900000e+001 -1.6542000e-002
  2.7910000e+001 -2.5638000e-002
  2.7920000e+001 -3.2812000e-002
  2.7930000e+001 -3.5826000e-002
  2.7940000e+001 -4.1097000e-002
  2.7950000e+001 -5.1784000e-002
  2.7960000e+001 -5.8508000e-002
  2.7970000e+001 -5.3446000e-002
  2.7980000e+001 -4.3342000e-002
  2.7990000e+001 -3.7623000e-002
  2.8000000e+001 -3.3141000e-002
  2.8010000e+001 -2.1802000e-002
  2.8020000e+001 -4.4806000e-003
  2.8030000e+001  1.2051000e-002
  2.8040000e+001  2.4885000e-002
  2.8050000e+001  3.1989000e-002
  2.8060000e+001  2.9233000e-002
  2.8070000e+001  1.7841000e-002
  2.8080000e+001  7.7852000e-003
  2.8090000e+001  5.3296000e-003
  2.8100000e+001  6.3042000e-003
  2.8110000e+001  6.3721000e-003
  2.8120000e+001  6.5601000e-003
  2.8130000e+001  4.8117000e-003
  2.8140000e+001 -5.9679000e-003
  2.8150000e+001 -2.4199000e-002
  2.8160000e+001 -3.7900000e-002
  2.8170000e+001 -4.0667000e-002
  2.8180000e+001 -3.9367000e-002
  2.8190000e+001 -4.0027000e-002
  2.8200000e+001 -4.0434000e-002
  2.8210000e+001 -3.9020000e-002
  2.8220000e+001 -3.9296000e-002
  2.8230000e+001 -3.9807000e-002
  2.8240000e+001 -3.4350000e-002
  2.8250000e+001 -2.4063000e-002
  2.8260000e+001 -1.8144000e-002
  2.8270000e+001 -1.7109000e-002
  2.8280000e+001 -1.1902000e-002
  2.8290000e+001 -5.0125000e-004
  2.8300000e+001  7.1243000e-003
  2.8310000e+001  6.1592000e-003
  2.8320000e+001  3.3492000e-003
  2.8330000e+001  4.5134000e-003
  2.8340000e+001  6.0637000e-003
  2.8350000e+001  4.3149000e-003
  2.8360000e+001  3.6807000e-003
  2.8370000e+001  9.9633000e-003
  2.8380000e+001  2.0858000e-002
  2.8390000e+001  2.8289000e-002
  2.8400000e+001  2.6948000e-002
  2.8410000e+001  1.8033000e-002
  2.8420000e+001  7.4636000e-003
  2.8430000e+001  1.9215000e-003
  2.8440000e+001  3.6958000e-003
  2.8450000e+001  9.6406000e-003
  2.8460000e+001  1.5392000e-002
  2.8470000e+001  2.0780000e-002
  2.8480000e+001  2.8354000e-002
  2.8490000e+001  3.7996000e-002
  2.8500000e+001  4.5476000e-002
  2.8510000e+001  4.8505000e-002
  2.8520000e+001  5.0369000e-002
  2.8530000e+001  5.4029000e-002
  2.8540000e+001  5.6368000e-002
  2.8550000e+001  5.3208000e-002
  2.8560000e+001  4.8040000e-002
  2.8570000e+001  4.7256000e-002
  2.8580000e+001  4.9989000e-002
  2.8590000e+001  5.0016000e-002
  2.8600000e+001  4.7426000e-002
  2.8610000e+001  4.7796000e-002
  2.8620000e+001  5.0893000e-002
  2.8630000e+001  4.9263000e-002
  2.8640000e+001  4.0716000e-002
  2.8650000e+001  3.1603000e-002
  2.8660000e+001  2.5321000e-002
  2.8670000e+001  1.7657000e-002
  2.8680000e+001  7.5409000e-003
  2.8690000e+001  1.1706000e-003
  2.8700000e+001  1.3250000e-003
  2.8710000e+001  3.0267000e-003
  2.8720000e+001  2.3784000e-003
  2.8730000e+001  1.4463000e-003
  2.8740000e+001  1.6683000e-003
  2.8750000e+001  1.4044000e-003
  2.8760000e+001  1.7934000e-003
  2.8770000e+001  7.2364000e-003
  2.8780000e+001  1.6795000e-002
  2.8790000e+001  2.3401000e-002
  2.8800000e+001  2.3943000e-002
  2.8810000e+001  2.2450000e-002
  2.8820000e+001  2.2711000e-002
  2.8830000e+001  2.4852000e-002
  2.8840000e+001  2.9592000e-002
  2.8850000e+001  3.7286000e-002
  2.8860000e+001  4.4178000e-002
  2.8870000e+001  4.5697000e-002
  2.8880000e+001  4.4209000e-002
  2.8890000e+001  4.4899000e-002
  2.8900000e+001  4.5605000e-002
  2.8910000e+001  3.9576000e-002
  2.8920000e+001  2.7314000e-002
  2.8930000e+001  1.6912000e-002
  2.8940000e+001  1.1726000e-002
  2.8950000e+001  9.0218000e-003
  2.8960000e+001  8.4860000e-003
  2.8970000e+001  1.3172000e-002
  2.8980000e+001  2.0039000e-002
  2.8990000e+001  2.0904000e-002
  2.9000000e+001  1.4463000e-002
  2.9010000e+001  9.1004000e-003
  2.9020000e+001  1.1032000e-002
  2.9030000e+001  1.6666000e-002
  2.9040000e+001  1.9869000e-002
  2.9050000e+001  2.0375000e-002
  2.9060000e+001  2.1250000e-002
  2.9070000e+001  2.2657000e-002
  2.9080000e+001  2.1633000e-002
  2.9090000e+001  1.6054000e-002
  2.9100000e+001  7.0205000e-003
  2.9110000e+001 -1.7317000e-003
  2.9120000e+001 -6.9063000e-003
  2.9130000e+001 -7.9887000e-003
  2.9140000e+001 -5.3815000e-003
  2.9150000e+001  9.4285000e-004
  2.9160000e+001  9.5499000e-003
  2.9170000e+001  1.6031000e-002
  2.9180000e+001  1.7132000e-002
  2.9190000e+001  1.4875000e-002
  2.9200000e+001  1.4045000e-002
  2.9210000e+001  1.5390000e-002
  2.9220000e+001  1.5534000e-002
  2.9230000e+001  1.3701000e-002
  2.9240000e+001  1.3212000e-002
  2.9250000e+001  1.5038000e-002
  2.9260000e+001  1.5015000e-002
  2.9270000e+001  1.0502000e-002
  2.9280000e+001  5.2846000e-003
  2.9290000e+001  3.9053000e-003
  2.9300000e+001  5.3368000e-003
  2.9310000e+001  5.8125000e-003
  2.9320000e+001  4.9342000e-003
  2.9330000e+001  2.8028000e-003
  2.9340000e+001 -1.8761000e-003
  2.9350000e+001 -8.4127000e-003
  2.9360000e+001 -1.2061000e-002
  2.9370000e+001 -1.1466000e-002
  2.9380000e+001 -1.0558000e-002
  2.9390000e+001 -1.2063000e-002
  2.9400000e+001 -1.2719000e-002
  2.9410000e+001 -9.3090000e-003
  2.9420000e+001 -4.4175000e-003
  2.9430000e+001 -3.4693000e-003
  2.9440000e+001 -8.2389000e-003
  2.9450000e+001 -1.5649000e-002
  2.9460000e+001 -2.0919000e-002
  2.9470000e+001 -2.0988000e-002
  2.9480000e+001 -1.8722000e-002
  2.9490000e+001 -2.0722000e-002
  2.9500000e+001 -2.8862000e-002
  2.9510000e+001 -3.7091000e-002
  2.9520000e+001 -3.9984000e-002
  2.9530000e+001 -3.8683000e-002
  2.9540000e+001 -3.7381000e-002
  2.9550000e+001 -3.7530000e-002
  2.9560000e+001 -3.7646000e-002
  2.9570000e+001 -3.7090000e-002
  2.9580000e+001 -3.7091000e-002
  2.9590000e+001 -3.8115000e-002
  2.9600000e+001 -3.8501000e-002
  2.9610000e+001 -3.7264000e-002
  2.9620000e+001 -3.6862000e-002
  2.9630000e+001 -4.0586000e-002
  2.9640000e+001 -4.6837000e-002
  2.9650000e+001 -4.8961000e-002
  2.9660000e+001 -4.3303000e-002
  2.9670000e+001 -3.3384000e-002
  2.9680000e+001 -2.4596000e-002
  2.9690000e+001 -1.7281000e-002
  2.9700000e+001 -8.6651000e-003
  2.9710000e+001  2.8494000e-003
  2.9720000e+001  1.5296000e-002
  2.9730000e+001  2.5215000e-002
  2.9740000e+001  2.9531000e-002
  2.9750000e+001  2.9414000e-002
  2.9760000e+001  2.8403000e-002
  2.9770000e+001  2.7590000e-002
  2.9780000e+001  2.3792000e-002
  2.9790000e+001  1.6183000e-002
  2.9800000e+001  8.9498000e-003
  2.9810000e+001  7.4494000e-003
  2.9820000e+001  1.2797000e-002
  2.9830000e+001  2.3611000e-002
  2.9840000e+001  3.7189000e-002
  2.9850000e+001  4.9287000e-002
  2.9860000e+001  5.4238000e-002
  2.9870000e+001  5.1030000e-002
  2.9880000e+001  4.3338000e-002
  2.9890000e+001  3.4416000e-002
  2.9900000e+001  2.4206000e-002
  2.9910000e+001  1.4175000e-002
  2.9920000e+001  7.5699000e-003
  2.9930000e+001  5.0972000e-003
  2.9940000e+001  3.8018000e-003
  2.9950000e+001  2.5026000e-003
  2.9960000e+001  2.8855000e-003
  2.9970000e+001  4.2737000e-003
  2.9980000e+001  3.1366000e-003
  2.9990000e+001  7.9597000e-004
  3.0000000e+001  4.1440000e-003
  3.0010000e+001  1.5497000e-002
  3.0020000e+001  2.8199000e-002
  3.0030000e+001  3.5807000e-002
  3.0040000e+001  3.8108000e-002
  3.0050000e+001  3.5984000e-002
  3.0060000e+001  2.8104000e-002
  3.0070000e+001  1.5234000e-002
  3.0080000e+001  1.8864000e-003
  3.0090000e+001 -8.1493000e-003
  3.0100000e+001 -1.2293000e-002
  3.0110000e+001 -9.1463000e-003
  3.0120000e+001 -2.8436000e-003
  3.0130000e+001 -4.0379000e-003
  3.0140000e+001 -1.6819000e-002
  3.0150000e+001 -3.1107000e-002
  3.0160000e+001 -3.5769000e-002
  3.0170000e+001 -3.3619000e-002
  3.0180000e+001 -3.3386000e-002
  3.0190000e+001 -3.4813000e-002
  3.0200000e+001 -3.2244000e-002
  3.0210000e+001 -2.5771000e-002
  3.0220000e+001 -1.9985000e-002
  3.0230000e+001 -1.4923000e-002
  3.0240000e+001 -9.3652000e-003
  3.0250000e+001 -5.8271000e-003
  3.0260000e+001 -8.2726000e-003
  3.0270000e+001 -1.5384000e-002
  3.0280000e+001 -2.3614000e-002
  3.0290000e+001 -3.0026000e-002
  3.0300000e+001 -3.2844000e-002
  3.0310000e+001 -3.0427000e-002
  3.0320000e+001 -2.2994000e-002
  3.0330000e+001 -1.2459000e-002
  3.0340000e+001 -1.7346000e-003
  3.0350000e+001  6.3254000e-003
  3.0360000e+001  8.7882000e-003
  3.0370000e+001  4.1439000e-003
  3.0380000e+001 -7.4857000e-003
  3.0390000e+001 -2.3638000e-002
  3.0400000e+001 -3.8621000e-002
  3.0410000e+001 -4.4558000e-002
  3.0420000e+001 -3.9059000e-002
  3.0430000e+001 -2.7761000e-002
  3.0440000e+001 -1.5678000e-002
  3.0450000e+001 -2.0053000e-003
  3.0460000e+001  1.2543000e-002
  3.0470000e+001  2.0792000e-002
  3.0480000e+001  1.7737000e-002
  3.0490000e+001  7.6054000e-003
  3.0500000e+001 -1.8632000e-003
  3.0510000e+001 -6.9793000e-003
  3.0520000e+001 -5.7944000e-003
  3.0530000e+001  3.0389000e-003
  3.0540000e+001  1.4477000e-002
  3.0550000e+001  1.9170000e-002
  3.0560000e+001  1.6185000e-002
  3.0570000e+001  1.4608000e-002
  3.0580000e+001  1.9786000e-002
  3.0590000e+001  2.6870000e-002
  3.0600000e+001  2.9860000e-002
  3.0610000e+001  2.9247000e-002
  3.0620000e+001  2.7240000e-002
  3.0630000e+001  2.3885000e-002
  3.0640000e+001  1.9252000e-002
  3.0650000e+001  1.4593000e-002
  3.0660000e+001  9.0756000e-003
  3.0670000e+001  2.0662000e-003
  3.0680000e+001 -5.1002000e-003
  3.0690000e+001 -1.1309000e-002
  3.0700000e+001 -1.7959000e-002
  3.0710000e+001 -2.4842000e-002
  3.0720000e+001 -2.9954000e-002
  3.0730000e+001 -3.2576000e-002
  3.0740000e+001 -3.3053000e-002
  3.0750000e+001 -2.9010000e-002
  3.0760000e+001 -1.9413000e-002
  3.0770000e+001 -1.0220000e-002
  3.0780000e+001 -8.0407000e-003
  3.0790000e+001 -1.0268000e-002
  3.0800000e+001 -1.0363000e-002
  3.0810000e+001 -9.8094000e-003
  3.0820000e+001 -1.4247000e-002
  3.0830000e+001 -2.1266000e-002
  3.0840000e+001 -2.3253000e-002
  3.0850000e+001 -2.1114000e-002
  3.0860000e+001 -2.2859000e-002
  3.0870000e+001 -2.9701000e-002
  3.0880000e+001 -3.4403000e-002
  3.0890000e+001 -3.4228000e-002
  3.0900000e+001 -3.4027000e-002
  3.0910000e+001 -3.5301000e-002
  3.0920000e+001 -3.2741000e-002
  3.0930000e+001 -2.4412000e-002
  3.0940000e+001 -1.6397000e-002
  3.0950000e+001 -1.3286000e-002
  3.0960000e+001 -1.2725000e-002
  3.0970000e+001 -1.2030000e-002
  3.0980000e+001 -1.3033000e-002
  3.0990000e+001 -1.4843000e-002
  3.1000000e+001 -1.0975000e-002
  3.1010000e+001  6.4083000e-004
  3.1020000e+001  1.0094000e-002
  3.1030000e+001  7.0880000e-003
  3.1040000e+001 -5.2290000e-003
  3.1050000e+001 -1.4469000e-002
  3.1060000e+001 -1.5360000e-002
  3.1070000e+001 -1.3472000e-002
  3.1080000e+001 -1.4464000e-002
  3.1090000e+001 -1.6525000e-002
  3.1100000e+001 -1.4630000e-002
  3.1110000e+001 -6.8539000e-003
  3.1120000e+001  5.0341000e-003
  3.1130000e+001  1.7273000e-002
  3.1140000e+001  2.5747000e-002
  3.1150000e+001  2.8697000e-002
  3.1160000e+001  2.8733000e-002
  3.1170000e+001  2.9341000e-002
  3.1180000e+001  2.9759000e-002
  3.1190000e+001  2.6899000e-002
  3.1200000e+001  2.1371000e-002
  3.1210000e+001  1.7498000e-002
  3.1220000e+001  1.6524000e-002
  3.1230000e+001  1.4680000e-002
  3.1240000e+001  8.4328000e-003
  3.1250000e+001 -1.5584000e-003
  3.1260000e+001 -1.2721000e-002
  3.1270000e+001 -2.2869000e-002
  3.1280000e+001 -2.9969000e-002
  3.1290000e+001 -3.2185000e-002
  3.1300000e+001 -2.9338000e-002
  3.1310000e+001 -2.3854000e-002
  3.1320000e+001 -1.9893000e-002
  3.1330000e+001 -1.9598000e-002
  3.1340000e+001 -2.0062000e-002
  3.1350000e+001 -1.5884000e-002
  3.1360000e+001 -6.7343000e-003
  3.1370000e+001  1.0995000e-003
  3.1380000e+001  2.4558000e-003
  3.1390000e+001  9.6318000e-004
  3.1400000e+001  3.5430000e-003
  3.1410000e+001  9.8961000e-003
  3.1420000e+001  1.2374000e-002
  3.1430000e+001  6.5409000e-003
  3.1440000e+001 -3.0499000e-003
  3.1450000e+001 -9.0111000e-003
  3.1460000e+001 -1.0333000e-002
  3.1470000e+001 -1.3141000e-002
  3.1480000e+001 -2.1392000e-002
  3.1490000e+001 -3.0167000e-002
  3.1500000e+001 -3.1221000e-002
  3.1510000e+001 -2.3452000e-002
  3.1520000e+001 -1.4295000e-002
  3.1530000e+001 -1.0647000e-002
  3.1540000e+001 -1.2025000e-002
  3.1550000e+001 -1.3251000e-002
  3.1560000e+001 -1.2238000e-002
  3.1570000e+001 -1.2627000e-002
  3.1580000e+001 -1.7822000e-002
  3.1590000e+001 -2.4736000e-002
  3.1600000e+001 -2.6690000e-002
  3.1610000e+001 -2.1732000e-002
  3.1620000e+001 -1.3606000e-002
  3.1630000e+001 -5.5267000e-003
  3.1640000e+001  2.7405000e-003
  3.1650000e+001  1.0210000e-002
  3.1660000e+001  1.3719000e-002
  3.1670000e+001  1.2569000e-002
  3.1680000e+001  9.1307000e-003
  3.1690000e+001  4.3387000e-003
  3.1700000e+001 -1.2352000e-003
  3.1710000e+001 -4.3761000e-003
  3.1720000e+001 -2.4127000e-003
  3.1730000e+001  3.9870000e-003
  3.1740000e+001  1.2870000e-002
  3.1750000e+001  2.2264000e-002
  3.1760000e+001  2.7641000e-002
  3.1770000e+001  2.5188000e-002
  3.1780000e+001  1.7308000e-002
  3.1790000e+001  1.0344000e-002
  3.1800000e+001  5.7012000e-003
  3.1810000e+001  1.5215000e-003
  3.1820000e+001 -9.0664000e-004
  3.1830000e+001  9.6585000e-004
  3.1840000e+001  4.8469000e-003
  3.1850000e+001  7.1952000e-003
  3.1860000e+001  7.7220000e-003
  3.1870000e+001  6.4100000e-003
  3.1880000e+001  2.4049000e-003
  3.1890000e+001 -1.6020000e-003
  3.1900000e+001 -8.5530000e-004
  3.1910000e+001  3.3797000e-003
  3.1920000e+001  6.1631000e-003
  3.1930000e+001  7.4397000e-003
  3.1940000e+001  1.0826000e-002
  3.1950000e+001  1.5579000e-002
  3.1960000e+001  1.7830000e-002
  3.1970000e+001  1.6312000e-002
  3.1980000e+001  1.1582000e-002
  3.1990000e+001  3.8762000e-003
  3.2000000e+001 -3.5288000e-003
  3.2010000e+001 -4.8385000e-003
  3.2020000e+001  7.1660000e-004
  3.2030000e+001  7.4025000e-003
  3.2040000e+001  1.1541000e-002
  3.2050000e+001  1.3595000e-002
  3.2060000e+001  1.2777000e-002
  3.2070000e+001  7.2948000e-003
  3.2080000e+001  4.0369000e-004
  3.2090000e+001 -1.2988000e-003
  3.2100000e+001  3.9427000e-003
  3.2110000e+001  1.1867000e-002
  3.2120000e+001  1.7417000e-002
  3.2130000e+001  1.8866000e-002
  3.2140000e+001  1.6500000e-002
  3.2150000e+001  1.3026000e-002
  3.2160000e+001  1.1518000e-002
  3.2170000e+001  1.2640000e-002
  3.2180000e+001  1.3479000e-002
  3.2190000e+001  1.2260000e-002
  3.2200000e+001  1.0929000e-002
  3.2210000e+001  1.2398000e-002
  3.2220000e+001  1.5422000e-002
  3.2230000e+001  1.5976000e-002
  3.2240000e+001  1.3198000e-002
  3.2250000e+001  1.0916000e-002
  3.2260000e+001  1.1166000e-002
  3.2270000e+001  1.1192000e-002
  3.2280000e+001  9.9083000e-003
  3.2290000e+001  1.2647000e-002
  3.2300000e+001  2.2727000e-002
  3.2310000e+001  3.3048000e-002
  3.2320000e+001  3.5094000e-002
  3.2330000e+001  3.1870000e-002
  3.2340000e+001  3.2109000e-002
  3.2350000e+001  3.4958000e-002
  3.2360000e+001  3.1848000e-002
  3.2370000e+001  2.1802000e-002
  3.2380000e+001  1.2721000e-002
  3.2390000e+001  7.7693000e-003
  3.2400000e+001  3.2838000e-003
  3.2410000e+001  2.1606000e-004
  3.2420000e+001  3.4578000e-003
  3.2430000e+001  9.9836000e-003
  3.2440000e+001  1.0852000e-002
  3.2450000e+001  5.1837000e-003
  3.2460000e+001  5.1461000e-004
  3.2470000e+001 -1.3556000e-003
  3.2480000e+001 -7.1495000e-003
  3.2490000e+001 -1.8029000e-002
  3.2500000e+001 -2.4692000e-002
  3.2510000e+001 -2.0586000e-002
  3.2520000e+001 -1.0933000e-002
  3.2530000e+001 -4.4118000e-003
  3.2540000e+001 -3.4836000e-003
  3.2550000e+001 -4.4111000e-003
  3.2560000e+001 -4.0238000e-003
  3.2570000e+001 -3.2723000e-003
  3.2580000e+001 -4.8158000e-003
  3.2590000e+001 -6.3196000e-003
  3.2600000e+001 -1.1195000e-003
  3.2610000e+001  1.2138000e-002
  3.2620000e+001  2.3631000e-002
  3.2630000e+001  2.3368000e-002
  3.2640000e+001  1.3790000e-002
  3.2650000e+001  6.3650000e-003
  3.2660000e+001  7.7018000e-003
  3.2670000e+001  1.5723000e-002
