  0.0000000e+000 -7.1291000e-004
  1.0000000e-002 -1.9659000e-003
  2.0000000e-002 -2.9042000e-003
  3.0000000e-002 -2.4365000e-003
  4.0000000e-002 -1.5389000e-003
  5.0000000e-002 -1.4347000e-003
  6.0000000e-002 -1.7389000e-003
  7.0000000e-002 -2.6345000e-004
  8.0000000e-002  2.9504000e-003
  9.0000000e-002  5.1384000e-003
  1.0000000e-001  4.8860000e-003
  1.1000000e-001  3.9033000e-003
  1.2000000e-001  4.2183000e-003
  1.3000000e-001  5.3954000e-003
  1.4000000e-001  5.9937000e-003
  1.5000000e-001  6.0891000e-003
  1.6000000e-001  6.7012000e-003
  1.7000000e-001  7.7596000e-003
  1.8000000e-001  8.3155000e-003
  1.9000000e-001  7.9435000e-003
  2.0000000e-001  6.7614000e-003
  2.1000000e-001  5.0239000e-003
  2.2000000e-001  3.1366000e-003
  2.3000000e-001  1.4535000e-003
  2.4000000e-001 -2.5603000e-004
  2.5000000e-001 -2.5039000e-003
  2.6000000e-001 -4.9547000e-003
  2.7000000e-001 -6.2871000e-003
  2.8000000e-001 -5.6922000e-003
  2.9000000e-001 -4.0382000e-003
  3.0000000e-001 -2.7614000e-003
  3.1000000e-001 -2.0593000e-003
  3.2000000e-001 -1.0477000e-003
  3.3000000e-001  5.5891000e-004
  3.4000000e-001  1.8775000e-003
  3.5000000e-001  2.3435000e-003
  3.6000000e-001  2.5917000e-003
  3.7000000e-001  3.3090000e-003
  3.8000000e-001  4.0974000e-003
  3.9000000e-001  4.4722000e-003
  4.0000000e-001  4.8614000e-003
  4.1000000e-001  5.7478000e-003
  4.2000000e-001  6.5260000e-003
  4.3000000e-001  6.2411000e-003
  4.4000000e-001  4.8492000e-003
  4.5000000e-001  3.0917000e-003
  4.6000000e-001  1.3929000e-003
  4.7000000e-001 -3.1927000e-004
  4.8000000e-001 -2.1858000e-003
  4.9000000e-001 -4.3785000e-003
  5.0000000e-001 -6.6936000e-003
  5.1000000e-001 -7.9894000e-003
  5.2000000e-001 -7.0303000e-003
  5.3000000e-001 -4.3563000e-003
  5.4000000e-001 -1.8343000e-003
  5.5000000e-001 -2.5925000e-004
  5.6000000e-001  1.3792000e-003
  5.7000000e-001  3.6625000e-003
  5.8000000e-001  5.4904000e-003
  5.9000000e-001  5.8771000e-003
  6.0000000e-001  5.4781000e-003
  6.1000000e-001  5.3378000e-003
  6.2000000e-001  5.4439000e-003
  6.3000000e-001  5.3626000e-003
  6.4000000e-001  5.1827000e-003
  6.5000000e-001  5.1457000e-003
  6.6000000e-001  5.1423000e-003
  6.7000000e-001  5.0365000e-003
  6.8000000e-001  4.9353000e-003
  6.9000000e-001  4.8958000e-003
  7.0000000e-001  4.8290000e-003
  7.1000000e-001  4.7448000e-003
  7.2000000e-001  4.7209000e-003
  7.3000000e-001  4.6460000e-003
  7.4000000e-001  4.3674000e-003
  7.5000000e-001  3.8674000e-003
  7.6000000e-001  3.1857000e-003
  7.7000000e-001  2.3814000e-003
  7.8000000e-001  1.6569000e-003
  7.9000000e-001  1.0505000e-003
  8.0000000e-001  3.0319000e-004
  8.1000000e-001 -5.9484000e-004
  8.2000000e-001 -1.0828000e-003
  8.3000000e-001 -7.4161000e-004
  8.4000000e-001  5.7944000e-005
  8.5000000e-001  6.9304000e-004
  8.6000000e-001  1.1403000e-003
  8.7000000e-001  1.7341000e-003
  8.8000000e-001  2.4517000e-003
  8.9000000e-001  3.0023000e-003
  9.0000000e-001  3.3334000e-003
  9.1000000e-001  3.5058000e-003
  9.2000000e-001  3.5023000e-003
  9.3000000e-001  3.3656000e-003
  9.4000000e-001  3.2782000e-003
  9.5000000e-001  3.2771000e-003
  9.6000000e-001  3.2354000e-003
  9.7000000e-001  3.1313000e-003
  9.8000000e-001  3.0815000e-003
  9.9000000e-001  3.0726000e-003
  1.0000000e+000  2.9992000e-003
  1.0100000e+000  2.9056000e-003
  1.0200000e+000  2.8867000e-003
  1.0300000e+000  2.8937000e-003
  1.0400000e+000  2.7959000e-003
  1.0500000e+000  2.5435000e-003
  1.0600000e+000  2.0856000e-003
  1.0700000e+000  1.3950000e-003
  1.0800000e+000  6.0502000e-004
  1.0900000e+000 -6.2007000e-005
  1.1000000e+000 -6.7504000e-004
  1.1100000e+000 -1.4566000e-003
  1.1200000e+000 -2.2536000e-003
  1.1300000e+000 -2.6353000e-003
  1.1400000e+000 -2.5763000e-003
  1.1500000e+000 -2.4984000e-003
  1.1600000e+000 -2.6151000e-003
  1.1700000e+000 -2.7222000e-003
  1.1800000e+000 -2.6902000e-003
  1.1900000e+000 -2.6895000e-003
  1.2000000e+000 -2.8021000e-003
  1.2100000e+000 -2.8583000e-003
  1.2200000e+000 -2.8184000e-003
  1.2300000e+000 -2.8551000e-003
  1.2400000e+000 -2.9667000e-003
  1.2500000e+000 -2.9810000e-003
  1.2600000e+000 -2.9444000e-003
  1.2700000e+000 -3.0017000e-003
  1.2800000e+000 -3.0725000e-003
  1.2900000e+000 -3.1716000e-003
  1.3000000e+000 -3.8182000e-003
  1.3100000e+000 -5.3034000e-003
  1.3200000e+000 -6.9881000e-003
  1.3300000e+000 -8.0689000e-003
  1.3400000e+000 -8.8813000e-003
  1.3500000e+000 -1.0296000e-002
  1.3600000e+000 -1.2048000e-002
  1.3700000e+000 -1.2693000e-002
  1.3800000e+000 -1.1464000e-002
  1.3900000e+000 -9.1745000e-003
  1.4000000e+000 -7.0076000e-003
  1.4100000e+000 -5.3109000e-003
  1.4200000e+000 -3.7572000e-003
  1.4300000e+000 -2.0625000e-003
  1.4400000e+000 -3.4945000e-004
  1.4500000e+000  8.5436000e-004
  1.4600000e+000  1.0245000e-003
  1.4700000e+000  2.6357000e-004
  1.4800000e+000 -7.1140000e-004
  1.4900000e+000 -1.3035000e-003
  1.5000000e+000 -1.7264000e-003
  1.5100000e+000 -2.4842000e-003
  1.5200000e+000 -3.4157000e-003
  1.5300000e+000 -3.7902000e-003
  1.5400000e+000 -3.3302000e-003
  1.5500000e+000 -2.5248000e-003
  1.5600000e+000 -1.8826000e-003
  1.5700000e+000 -1.3429000e-003
  1.5800000e+000 -6.5303000e-004
  1.5900000e+000  1.1903000e-004
  1.6000000e+000  6.8370000e-004
  1.6100000e+000  9.1163000e-004
  1.6200000e+000  7.2203000e-004
  1.6300000e+000  1.0575000e-004
  1.6400000e+000 -7.0555000e-004
  1.6500000e+000 -1.3417000e-003
  1.6600000e+000 -1.8645000e-003
  1.6700000e+000 -2.5732000e-003
  1.6800000e+000 -3.3392000e-003
  1.6900000e+000 -3.8033000e-003
  1.7000000e+000 -4.3246000e-003
  1.7100000e+000 -5.5815000e-003
  1.7200000e+000 -7.3107000e-003
  1.7300000e+000 -8.5142000e-003
  1.7400000e+000 -9.1994000e-003
  1.7500000e+000 -1.0410000e-002
  1.7600000e+000 -1.2252000e-002
  1.7700000e+000 -1.3190000e-002
  1.7800000e+000 -1.2226000e-002
  1.7900000e+000 -1.0374000e-002
  1.8000000e+000 -9.1267000e-003
  1.8100000e+000 -8.3955000e-003
  1.8200000e+000 -7.2064000e-003
  1.8300000e+000 -5.4854000e-003
  1.8400000e+000 -4.1158000e-003
  1.8500000e+000 -3.5096000e-003
  1.8600000e+000 -3.3239000e-003
  1.8700000e+000 -3.2468000e-003
  1.8800000e+000 -3.2965000e-003
  1.8900000e+000 -3.3547000e-003
  1.9000000e+000 -3.2496000e-003
  1.9100000e+000 -3.1394000e-003
  1.9200000e+000 -3.2548000e-003
  1.9300000e+000 -3.3432000e-003
  1.9400000e+000 -2.9583000e-003
  1.9500000e+000 -2.1739000e-003
  1.9600000e+000 -1.4381000e-003
  1.9700000e+000 -8.5051000e-004
  1.9800000e+000 -1.7618000e-004
  1.9900000e+000  6.1968000e-004
  2.0000000e+000  1.2583000e-003
  2.0100000e+000  1.5204000e-003
  2.0200000e+000  1.3179000e-003
  2.0300000e+000  7.3210000e-004
  2.0400000e+000 -3.3300000e-006
  2.0500000e+000 -6.1329000e-004
  2.0600000e+000 -1.1514000e-003
  2.0700000e+000 -1.8360000e-003
  2.0800000e+000 -2.5486000e-003
  2.0900000e+000 -2.8721000e-003
  2.1000000e+000 -2.7470000e-003
  2.1100000e+000 -2.5738000e-003
  2.1200000e+000 -2.6015000e-003
  2.1300000e+000 -2.6563000e-003
  2.1400000e+000 -2.5653000e-003
  2.1500000e+000 -2.4593000e-003
  2.1600000e+000 -2.4808000e-003
  2.1700000e+000 -2.5050000e-003
  2.1800000e+000 -2.4056000e-003
  2.1900000e+000 -2.3128000e-003
  2.2000000e+000 -2.3472000e-003
  2.2100000e+000 -2.3626000e-003
  2.2200000e+000 -2.2330000e-003
  2.2300000e+000 -2.1352000e-003
  2.2400000e+000 -2.2368000e-003
  2.2500000e+000 -2.2854000e-003
  2.2600000e+000 -1.8884000e-003
  2.2700000e+000 -1.1084000e-003
  2.2800000e+000 -3.5152000e-004
  2.2900000e+000  2.6487000e-004
  2.3000000e+000  9.4555000e-004
  2.3100000e+000  1.7450000e-003
  2.3200000e+000  2.4051000e-003
  2.3300000e+000  2.6877000e-003
  2.3400000e+000  2.4913000e-003
  2.3500000e+000  1.9137000e-003
  2.3600000e+000  1.1967000e-003
  2.3700000e+000  6.0164000e-004
  2.3800000e+000  7.0188000e-005
  2.3900000e+000 -6.0482000e-004
  2.4000000e+000 -1.3022000e-003
  2.4100000e+000 -1.6141000e-003
  2.4200000e+000 -1.4828000e-003
  2.4300000e+000 -1.3005000e-003
  2.4400000e+000 -1.3144000e-003
  2.4500000e+000 -1.3587000e-003
  2.4600000e+000 -1.2630000e-003
  2.4700000e+000 -1.1495000e-003
  2.4800000e+000 -1.1573000e-003
  2.4900000e+000 -1.1725000e-003
  2.5000000e+000 -1.0720000e-003
  2.5100000e+000 -9.7211000e-004
  2.5200000e+000 -9.9126000e-004
  2.5300000e+000 -1.0012000e-003
  2.5400000e+000 -8.7540000e-004
  2.5500000e+000 -7.6805000e-004
  2.5600000e+000 -8.5209000e-004
  2.5700000e+000 -9.0264000e-004
  2.5800000e+000 -5.1449000e-004
  2.5900000e+000  2.8187000e-004
  2.6000000e+000  1.0569000e-003
  2.6100000e+000  1.6591000e-003
  2.6200000e+000  2.3304000e-003
  2.6300000e+000  3.1586000e-003
  2.6400000e+000  3.8308000e-003
  2.6500000e+000  4.0814000e-003
  2.6600000e+000  3.8850000e-003
  2.6700000e+000  3.3543000e-003
  2.6800000e+000  2.6293000e-003
  2.6900000e+000  1.9781000e-003
  2.7000000e+000  1.4764000e-003
  2.7100000e+000  8.7758000e-004
  2.7200000e+000  9.9672000e-005
  2.7300000e+000 -3.3392000e-004
  2.7400000e+000  9.2334000e-005
  2.7500000e+000  1.0621000e-003
  2.7600000e+000  1.8230000e-003
  2.7700000e+000  2.2793000e-003
  2.7800000e+000  2.9420000e-003
  2.7900000e+000  3.9309000e-003
  2.8000000e+000  4.6687000e-003
  2.8100000e+000  4.5598000e-003
  2.8200000e+000  3.4425000e-003
  2.8300000e+000  1.6963000e-003
  2.8400000e+000 -3.9123000e-005
  2.8500000e+000 -1.4778000e-003
  2.8600000e+000 -3.0908000e-003
  2.8700000e+000 -5.3962000e-003
  2.8800000e+000 -7.7174000e-003
  2.8900000e+000 -8.5584000e-003
  2.9000000e+000 -7.3806000e-003
  2.9100000e+000 -5.2927000e-003
  2.9200000e+000 -3.3214000e-003
  2.9300000e+000 -1.5268000e-003
  2.9400000e+000  1.2994000e-004
  2.9500000e+000  1.0480000e-003
  2.9600000e+000  1.0441000e-003
  2.9700000e+000  7.6924000e-004
  2.9800000e+000  8.3667000e-004
  2.9900000e+000  1.0540000e-003
  3.0000000e+000  1.0607000e-003
  3.0100000e+000  9.6029000e-004
  3.0200000e+000  1.0219000e-003
  3.0300000e+000  1.1695000e-003
  3.0400000e+000  1.1836000e-003
  3.0500000e+000  1.1031000e-003
  3.0600000e+000  1.1355000e-003
  3.0700000e+000  1.3423000e-003
  3.0800000e+000  1.4218000e-003
  3.0900000e+000  9.1553000e-004
  3.1000000e+000 -2.6938000e-004
  3.1100000e+000 -1.5780000e-003
  3.1200000e+000 -2.5756000e-003
  3.1300000e+000 -3.5527000e-003
  3.1400000e+000 -5.0198000e-003
  3.1500000e+000 -6.5914000e-003
  3.1600000e+000 -7.2164000e-003
  3.1700000e+000 -6.2905000e-003
  3.1800000e+000 -4.1650000e-003
  3.1900000e+000 -1.4654000e-003
  3.2000000e+000  1.4343000e-003
  3.2100000e+000  4.1320000e-003
  3.2200000e+000  6.0274000e-003
  3.2300000e+000  6.7559000e-003
  3.2400000e+000  6.6899000e-003
  3.2500000e+000  6.5087000e-003
  3.2600000e+000  6.5612000e-003
  3.2700000e+000  6.6955000e-003
  3.2800000e+000  6.7305000e-003
  3.2900000e+000  6.6557000e-003
  3.3000000e+000  6.5046000e-003
  3.3100000e+000  6.1529000e-003
  3.3200000e+000  5.5114000e-003
  3.3300000e+000  4.7508000e-003
  3.3400000e+000  4.1538000e-003
  3.3500000e+000  3.6507000e-003
  3.3600000e+000  2.9424000e-003
  3.3700000e+000  2.1150000e-003
  3.3800000e+000  1.7374000e-003
  3.3900000e+000  2.1480000e-003
  3.4000000e+000  2.9939000e-003
  3.4100000e+000  3.7170000e-003
  3.4200000e+000  4.2575000e-003
  3.4300000e+000  4.9024000e-003
  3.4400000e+000  5.6769000e-003
  3.4500000e+000  6.3189000e-003
  3.4600000e+000  6.7207000e-003
  3.4700000e+000  6.9357000e-003
  3.4800000e+000  7.0042000e-003
  3.4900000e+000  6.9532000e-003
  3.5000000e+000  6.9085000e-003
  3.5100000e+000  6.9475000e-003
  3.5200000e+000  6.9948000e-003
  3.5300000e+000  6.9622000e-003
  3.5400000e+000  6.9263000e-003
  3.5500000e+000  6.9669000e-003
  3.5600000e+000  6.9996000e-003
  3.5700000e+000  6.9538000e-003
  3.5800000e+000  6.9207000e-003
  3.5900000e+000  6.9686000e-003
  3.6000000e+000  7.0184000e-003
  3.6100000e+000  6.9530000e-003
  3.6200000e+000  6.7468000e-003
  3.6300000e+000  6.3495000e-003
  3.6400000e+000  5.7071000e-003
  3.6500000e+000  4.9356000e-003
  3.6600000e+000  4.2963000e-003
  3.6700000e+000  3.7570000e-003
  3.6800000e+000  3.0359000e-003
  3.6900000e+000  2.1961000e-003
  3.7000000e+000  1.7846000e-003
  3.7100000e+000  2.1528000e-003
  3.7200000e+000  2.9814000e-003
  3.7300000e+000  3.7034000e-003
  3.7400000e+000  4.2088000e-003
  3.7500000e+000  4.7977000e-003
  3.7600000e+000  5.5650000e-003
  3.7700000e+000  6.2204000e-003
  3.7800000e+000  6.5674000e-003
  3.7900000e+000  6.7148000e-003
  3.8000000e+000  6.8072000e-003
  3.8100000e+000  6.7746000e-003
  3.8200000e+000  6.6347000e-003
  3.8300000e+000  6.6187000e-003
  3.8400000e+000  6.7237000e-003
  3.8500000e+000  6.6541000e-003
  3.8600000e+000  6.5987000e-003
  3.8700000e+000  7.3033000e-003
  3.8800000e+000  8.8260000e-003
  3.8900000e+000  1.0306000e-002
  3.9000000e+000  1.1286000e-002
  3.9100000e+000  1.2227000e-002
  3.9200000e+000  1.3430000e-002
  3.9300000e+000  1.4543000e-002
  3.9400000e+000  1.5176000e-002
  3.9500000e+000  1.4906000e-002
  3.9600000e+000  1.3419000e-002
  3.9700000e+000  1.1377000e-002
  3.9800000e+000  1.0201000e-002
  3.9900000e+000  9.8828000e-003
  4.0000000e+000  8.2768000e-003
  4.0100000e+000  4.9012000e-003
  4.0200000e+000  2.6222000e-003
  4.0300000e+000  3.7974000e-003
  4.0400000e+000  6.1749000e-003
  4.0500000e+000  6.7433000e-003
  4.0600000e+000  5.8122000e-003
  4.0700000e+000  5.5566000e-003
  4.0800000e+000  6.0499000e-003
  4.0900000e+000  6.0908000e-003
  4.1000000e+000  5.6559000e-003
  4.1100000e+000  5.6052000e-003
  4.1200000e+000  5.8572000e-003
  4.1300000e+000  5.7845000e-003
  4.1400000e+000  5.5253000e-003
  4.1500000e+000  5.5088000e-003
  4.1600000e+000  5.6011000e-003
  4.1700000e+000  5.5918000e-003
  4.1800000e+000  5.5140000e-003
  4.1900000e+000  5.0625000e-003
  4.2000000e+000  3.7061000e-003
  4.2100000e+000  1.6878000e-003
  4.2200000e+000 -1.0760000e-004
  4.2300000e+000 -1.4784000e-003
  4.2400000e+000 -3.1950000e-003
  4.2500000e+000 -5.7414000e-003
  4.2600000e+000 -8.1767000e-003
  4.2700000e+000 -8.8290000e-003
  4.2800000e+000 -6.9366000e-003
  4.2900000e+000 -3.3729000e-003
  4.3000000e+000  3.7552000e-004
  4.3100000e+000  3.1365000e-003
  4.3200000e+000  4.2862000e-003
  4.3300000e+000  3.9292000e-003
  4.3400000e+000  2.9700000e-003
  4.3500000e+000  2.3145000e-003
  4.3600000e+000  1.9122000e-003
  4.3700000e+000  1.1810000e-003
  4.3800000e+000  6.5207000e-005
  4.3900000e+000 -7.5304000e-004
  4.4000000e+000 -7.6376000e-004
  4.4100000e+000 -8.4948000e-005
  4.4200000e+000  8.3241000e-004
  4.4300000e+000  1.5402000e-003
  4.4400000e+000  1.9228000e-003
  4.4500000e+000  2.2935000e-003
  4.4600000e+000  3.0071000e-003
  4.4700000e+000  3.7714000e-003
  4.4800000e+000  4.0380000e-003
  4.4900000e+000  3.8325000e-003
  4.5000000e+000  3.6771000e-003
  4.5100000e+000  3.7260000e-003
  4.5200000e+000  3.7056000e-003
  4.5300000e+000  3.5600000e-003
  4.5400000e+000  3.4932000e-003
  4.5500000e+000  3.5076000e-003
  4.5600000e+000  3.4365000e-003
  4.5700000e+000  3.3173000e-003
  4.5800000e+000  3.2864000e-003
  4.5900000e+000  3.2717000e-003
  4.6000000e+000  3.1598000e-003
  4.6100000e+000  3.0813000e-003
  4.6200000e+000  3.1375000e-003
  4.6300000e+000  2.9677000e-003
  4.6400000e+000  1.9762000e-003
  4.6500000e+000  5.1667000e-005
  4.6600000e+000 -2.1471000e-003
  4.6700000e+000 -3.8879000e-003
  4.6800000e+000 -5.2243000e-003
  4.6900000e+000 -6.9241000e-003
  4.7000000e+000 -9.2206000e-003
  4.7100000e+000 -1.1075000e-002
  4.7200000e+000 -1.1144000e-002
  4.7300000e+000 -9.4173000e-003
  4.7400000e+000 -7.2439000e-003
  4.7500000e+000 -5.6677000e-003
  4.7600000e+000 -4.4410000e-003
  4.7700000e+000 -2.8071000e-003
  4.7800000e+000 -7.4359000e-004
  4.7900000e+000  1.0485000e-003
  4.8000000e+000  1.9535000e-003
  4.8100000e+000  2.0278000e-003
  4.8200000e+000  1.8190000e-003
  4.8300000e+000  1.7630000e-003
  4.8400000e+000  1.7937000e-003
  4.8500000e+000  1.7102000e-003
  4.8600000e+000  1.6284000e-003
  4.8700000e+000  1.5102000e-003
  4.8800000e+000  6.6378000e-004
  4.8900000e+000 -1.3314000e-003
  4.9000000e+000 -3.6671000e-003
  4.9100000e+000 -5.4338000e-003
  4.9200000e+000 -7.1133000e-003
  4.9300000e+000 -9.6316000e-003
  4.9400000e+000 -1.2100000e-002
  4.9500000e+000 -1.2352000e-002
  4.9600000e+000 -9.5458000e-003
  4.9700000e+000 -4.9744000e-003
  4.9800000e+000 -2.6040000e-004
  4.9900000e+000  3.3707000e-003
  5.0000000e+000  4.8073000e-003
  5.0100000e+000  3.8661000e-003
  5.0200000e+000  1.9042000e-003
  5.0300000e+000  3.3784000e-004
  5.0400000e+000 -9.6988000e-004
  5.0500000e+000 -2.5910000e-003
  5.0600000e+000 -4.0703000e-003
  5.0700000e+000 -4.5703000e-003
  5.0800000e+000 -4.4057000e-003
  5.0900000e+000 -4.3810000e-003
  5.1000000e+000 -4.5643000e-003
  5.1100000e+000 -4.6030000e-003
  5.1200000e+000 -4.5760000e-003
  5.1300000e+000 -4.6578000e-003
  5.1400000e+000 -4.7337000e-003
  5.1500000e+000 -4.7472000e-003
  5.1600000e+000 -4.8073000e-003
  5.1700000e+000 -4.8699000e-003
  5.1800000e+000 -4.8632000e-003
  5.1900000e+000 -4.9293000e-003
  5.2000000e+000 -5.0670000e-003
  5.2100000e+000 -4.9897000e-003
  5.2200000e+000 -4.8778000e-003
  5.2300000e+000 -5.4421000e-003
  5.2400000e+000 -6.8105000e-003
  5.2500000e+000 -8.1615000e-003
  5.2600000e+000 -9.1225000e-003
  5.2700000e+000 -1.0246000e-002
  5.2800000e+000 -1.1852000e-002
  5.2900000e+000 -1.3361000e-002
  5.3000000e+000 -1.4153000e-002
  5.3100000e+000 -1.3955000e-002
  5.3200000e+000 -1.2611000e-002
  5.3300000e+000 -1.0310000e-002
  5.3400000e+000 -7.9999000e-003
  5.3500000e+000 -6.3703000e-003
  5.3600000e+000 -4.8971000e-003
  5.3700000e+000 -2.8718000e-003
  5.3800000e+000 -1.0443000e-003
  5.3900000e+000 -5.0755000e-004
  5.4000000e+000 -8.8280000e-004
  5.4100000e+000 -1.0159000e-003
  5.4200000e+000 -8.2093000e-004
  5.4300000e+000 -8.7039000e-004
  5.4400000e+000 -1.0611000e-003
  5.4500000e+000 -9.9320000e-004
  5.4600000e+000 -9.0345000e-004
  5.4700000e+000 -1.0768000e-003
  5.4800000e+000 -1.1548000e-003
  5.4900000e+000 -9.7617000e-004
  5.5000000e+000 -1.0336000e-003
  5.5100000e+000 -1.3294000e-003
  5.5200000e+000 -1.0957000e-003
  5.5300000e+000 -6.8586000e-004
  5.5400000e+000 -1.9033000e-003
  5.5500000e+000 -5.4219000e-003
  5.5600000e+000 -9.1860000e-003
  5.5700000e+000 -1.1006000e-002
  5.5800000e+000 -1.1043000e-002
  5.5900000e+000 -1.0862000e-002
  5.6000000e+000 -1.1021000e-002
  5.6100000e+000 -1.1096000e-002
  5.6200000e+000 -1.0963000e-002
  5.6300000e+000 -1.0960000e-002
  5.6400000e+000 -1.1095000e-002
  5.6500000e+000 -1.1096000e-002
  5.6600000e+000 -1.0993000e-002
  5.6700000e+000 -1.1020000e-002
  5.6800000e+000 -1.1128000e-002
  5.6900000e+000 -1.1098000e-002
  5.7000000e+000 -1.0991000e-002
  5.7100000e+000 -1.1066000e-002
  5.7200000e+000 -1.1218000e-002
  5.7300000e+000 -1.0949000e-002
  5.7400000e+000 -1.0117000e-002
  5.7500000e+000 -9.2662000e-003
  5.7600000e+000 -8.8713000e-003
  5.7700000e+000 -8.5356000e-003
  5.7800000e+000 -7.6847000e-003
  5.7900000e+000 -6.5703000e-003
  5.8000000e+000 -6.0237000e-003
  5.8100000e+000 -6.1266000e-003
  5.8200000e+000 -6.2603000e-003
  5.8300000e+000 -6.1429000e-003
  5.8400000e+000 -6.0914000e-003
  5.8500000e+000 -6.1809000e-003
  5.8600000e+000 -6.1496000e-003
  5.8700000e+000 -6.0311000e-003
  5.8800000e+000 -6.1331000e-003
  5.8900000e+000 -6.2264000e-003
  5.9000000e+000 -5.7085000e-003
  5.9100000e+000 -4.5874000e-003
  5.9200000e+000 -3.6745000e-003
  5.9300000e+000 -3.3284000e-003
  5.9400000e+000 -2.9883000e-003
  5.9500000e+000 -2.0743000e-003
  5.9600000e+000 -1.0959000e-003
  5.9700000e+000 -1.0442000e-003
  5.9800000e+000 -1.9815000e-003
  5.9900000e+000 -2.9009000e-003
  6.0000000e+000 -3.1697000e-003
  6.0100000e+000 -3.4182000e-003
  6.0200000e+000 -4.3378000e-003
  6.0300000e+000 -5.4700000e-003
  6.0400000e+000 -5.8121000e-003
  6.0500000e+000 -5.6116000e-003
  6.0600000e+000 -5.9667000e-003
  6.0700000e+000 -7.1027000e-003
  6.0800000e+000 -7.9900000e-003
  6.0900000e+000 -8.2128000e-003
  6.1000000e+000 -8.5380000e-003
  6.1100000e+000 -9.4701000e-003
  6.1200000e+000 -1.0158000e-002
  6.1300000e+000 -9.6033000e-003
  6.1400000e+000 -8.0541000e-003
  6.1500000e+000 -6.5017000e-003
  6.1600000e+000 -5.3314000e-003
  6.1700000e+000 -4.1245000e-003
  6.1800000e+000 -2.5555000e-003
  6.1900000e+000 -1.0530000e-003
  6.2000000e+000 -4.7146000e-004
  6.2100000e+000 -1.0790000e-003
  6.2200000e+000 -2.0457000e-003
  6.2300000e+000 -2.4309000e-003
  6.2400000e+000 -2.5426000e-003
  6.2500000e+000 -3.3524000e-003
  6.2600000e+000 -4.7032000e-003
  6.2700000e+000 -5.0238000e-003
  6.2800000e+000 -3.4904000e-003
  6.2900000e+000 -1.1729000e-003
  6.3000000e+000  2.5714000e-004
  6.3100000e+000  4.4642000e-004
  6.3200000e+000  2.0313000e-004
  6.3300000e+000  2.3444000e-004
  6.3400000e+000  4.6254000e-004
  6.3500000e+000  5.6472000e-004
  6.3600000e+000  5.3311000e-004
  6.3700000e+000  2.7287000e-004
  6.3800000e+000 -9.9266000e-004
  6.3900000e+000 -3.8860000e-003
  6.4000000e+000 -7.5868000e-003
  6.4100000e+000 -1.0695000e-002
  6.4200000e+000 -1.3289000e-002
  6.4300000e+000 -1.6689000e-002
  6.4400000e+000 -2.0450000e-002
  6.4500000e+000 -2.1864000e-002
  6.4600000e+000 -1.9153000e-002
  6.4700000e+000 -1.3790000e-002
  6.4800000e+000 -8.0829000e-003
  6.4900000e+000 -3.1314000e-003
  6.5000000e+000  4.8875000e-004
  6.5100000e+000  1.9613000e-003
  6.5200000e+000  1.6901000e-003
  6.5300000e+000  1.2742000e-003
  6.5400000e+000  1.5627000e-003
  6.5500000e+000  1.8910000e-003
  6.5600000e+000  1.7690000e-003
  6.5700000e+000  1.6813000e-003
  6.5800000e+000  1.9279000e-003
  6.5900000e+000  2.0860000e-003
  6.6000000e+000  1.9990000e-003
  6.6100000e+000  2.0326000e-003
  6.6200000e+000  2.2369000e-003
  6.6300000e+000  2.3096000e-003
  6.6400000e+000  2.2747000e-003
  6.6500000e+000  2.3687000e-003
  6.6600000e+000  2.5211000e-003
  6.6700000e+000  2.5577000e-003
  6.6800000e+000  2.5741000e-003
  6.6900000e+000  2.6890000e-003
  6.7000000e+000  2.7970000e-003
  6.7100000e+000  2.8270000e-003
  6.7200000e+000  2.8832000e-003
  6.7300000e+000  2.9971000e-003
  6.7400000e+000  3.0730000e-003
  6.7500000e+000  3.1116000e-003
  6.7600000e+000  3.1954000e-003
  6.7700000e+000  3.2973000e-003
  6.7800000e+000  3.3514000e-003
  6.7900000e+000  3.4066000e-003
  6.8000000e+000  3.5086000e-003
  6.8100000e+000  3.5913000e-003
  6.8200000e+000  3.6317000e-003
  6.8300000e+000  3.7097000e-003
  6.8400000e+000  3.8224000e-003
  6.8500000e+000  3.8796000e-003
  6.8600000e+000  3.9099000e-003
  6.8700000e+000  4.0145000e-003
  6.8800000e+000  4.1585000e-003
  6.8900000e+000  4.1835000e-003
  6.9000000e+000  4.0372000e-003
  6.9100000e+000  3.7159000e-003
  6.9200000e+000  3.1742000e-003
  6.9300000e+000  2.4797000e-003
  6.9400000e+000  1.9025000e-003
  6.9500000e+000  1.4582000e-003
  6.9600000e+000  8.3804000e-004
  6.9700000e+000  6.0971000e-005
  6.9800000e+000 -2.8030000e-004
  6.9900000e+000  2.0159000e-004
  7.0000000e+000  1.1225000e-003
  7.0100000e+000  1.8932000e-003
  7.0200000e+000  2.4889000e-003
  7.0300000e+000  3.2109000e-003
  7.0400000e+000  4.0483000e-003
  7.0500000e+000  4.7400000e-003
  7.0600000e+000  5.2124000e-003
  7.0700000e+000  5.5045000e-003
  7.0800000e+000  5.6268000e-003
  7.0900000e+000  5.6326000e-003
  7.1000000e+000  5.6702000e-003
  7.1100000e+000  5.7797000e-003
  7.1200000e+000  5.8732000e-003
  7.1300000e+000  5.9107000e-003
  7.1400000e+000  5.9670000e-003
  7.1500000e+000  6.0650000e-003
  7.1600000e+000  6.1390000e-003
  7.1700000e+000  6.1825000e-003
  7.1800000e+000  6.2508000e-003
  7.1900000e+000  6.3388000e-003
  7.2000000e+000  6.4010000e-003
  7.2100000e+000  6.4503000e-003
  7.2200000e+000  6.5235000e-003
  7.2300000e+000  6.6024000e-003
  7.2400000e+000  6.6574000e-003
  7.2500000e+000  6.7106000e-003
  7.2600000e+000  6.7855000e-003
  7.2700000e+000  6.8567000e-003
  7.2800000e+000  6.9057000e-003
  7.2900000e+000  6.9615000e-003
  7.3000000e+000  7.0378000e-003
  7.3100000e+000  7.1011000e-003
  7.3200000e+000  7.1430000e-003
  7.3300000e+000  7.2027000e-003
  7.3400000e+000  7.2813000e-003
  7.3500000e+000  7.3333000e-003
  7.3600000e+000  7.3674000e-003
  7.3700000e+000  7.4357000e-003
  7.3800000e+000  7.5156000e-003
  7.3900000e+000  7.5497000e-003
  7.4000000e+000  7.5785000e-003
  7.4100000e+000  7.6615000e-003
  7.4200000e+000  7.7389000e-003
  7.4300000e+000  7.7546000e-003
  7.4400000e+000  7.7679000e-003
  7.4500000e+000  7.8402000e-003
  7.4600000e+000  8.0356000e-003
  7.4700000e+000  8.6926000e-003
  7.4800000e+000  1.0095000e-002
  7.4900000e+000  1.1832000e-002
  7.5000000e+000  1.3075000e-002
  7.5100000e+000  1.3815000e-002
  7.5200000e+000  1.4912000e-002
  7.5300000e+000  1.6482000e-002
  7.5400000e+000  1.7321000e-002
  7.5500000e+000  1.6568000e-002
  7.5600000e+000  1.5085000e-002
  7.5700000e+000  1.4069000e-002
  7.5800000e+000  1.3402000e-002
  7.5900000e+000  1.2238000e-002
  7.6000000e+000  1.0586000e-002
  7.6100000e+000  9.2601000e-003
  7.6200000e+000  8.6738000e-003
  7.6300000e+000  8.5549000e-003
  7.6400000e+000  8.5613000e-003
  7.6500000e+000  8.6228000e-003
  7.6600000e+000  8.6866000e-003
  7.6700000e+000  8.6930000e-003
  7.6800000e+000  8.6838000e-003
  7.6900000e+000  8.7247000e-003
  7.7000000e+000  8.7748000e-003
  7.7100000e+000  8.7794000e-003
  7.7200000e+000  8.7756000e-003
  7.7300000e+000  8.8099000e-003
  7.7400000e+000  8.8503000e-003
  7.7500000e+000  8.8514000e-003
  7.7600000e+000  8.8430000e-003
  7.7700000e+000  8.8747000e-003
  7.7800000e+000  8.9142000e-003
  7.7900000e+000  8.9034000e-003
  7.8000000e+000  8.8845000e-003
  7.8100000e+000  8.9254000e-003
  7.8200000e+000  8.9652000e-003
  7.8300000e+000  8.9275000e-003
  7.8400000e+000  8.9023000e-003
  7.8500000e+000  8.9691000e-003
  7.8600000e+000  8.9977000e-003
  7.8700000e+000  8.9160000e-003
  7.8800000e+000  8.9041000e-003
  7.8900000e+000  9.0117000e-003
  7.9000000e+000  8.9999000e-003
  7.9100000e+000  8.8633000e-003
  7.9200000e+000  8.9042000e-003
  7.9300000e+000  9.0555000e-003
  7.9400000e+000  8.9523000e-003
  7.9500000e+000  8.7689000e-003
  7.9600000e+000  8.9271000e-003
  7.9700000e+000  9.1038000e-003
  7.9800000e+000  8.8109000e-003
  7.9900000e+000  8.5946000e-003
  8.0000000e+000  9.1342000e-003
  8.0100000e+000  9.3385000e-003
  8.0200000e+000  7.6630000e-003
  8.0300000e+000  4.9129000e-003
  8.0400000e+000  3.6892000e-003
  8.0500000e+000  4.5859000e-003
  8.0600000e+000  5.8144000e-003
  8.0700000e+000  6.2144000e-003
  8.0800000e+000  6.5407000e-003
  8.0900000e+000  7.3840000e-003
  8.1000000e+000  8.1765000e-003
  8.1100000e+000  8.4380000e-003
  8.1200000e+000  8.4849000e-003
  8.1300000e+000  8.6112000e-003
  8.1400000e+000  8.6187000e-003
  8.1500000e+000  8.4500000e-003
  8.1600000e+000  8.3586000e-003
  8.1700000e+000  8.4548000e-003
  8.1800000e+000  8.5323000e-003
  8.1900000e+000  8.2325000e-003
  8.2000000e+000  7.2277000e-003
  8.2100000e+000  5.6319000e-003
  8.2200000e+000  4.1545000e-003
  8.2300000e+000  3.2713000e-003
  8.2400000e+000  2.4937000e-003
  8.2500000e+000  1.1023000e-003
  8.2600000e+000 -6.2631000e-004
  8.2700000e+000 -1.7146000e-003
  8.2800000e+000 -1.8777000e-003
  8.2900000e+000 -1.7647000e-003
  8.3000000e+000 -1.8677000e-003
  8.3100000e+000 -1.9987000e-003
  8.3200000e+000 -1.9555000e-003
  8.3300000e+000 -1.9809000e-003
  8.3400000e+000 -2.2144000e-003
  8.3500000e+000 -2.1345000e-003
  8.3600000e+000 -1.1503000e-003
  8.3700000e+000  4.4007000e-004
  8.3800000e+000  1.7297000e-003
  8.3900000e+000  2.4342000e-003
  8.4000000e+000  3.1944000e-003
  8.4100000e+000  4.5585000e-003
  8.4200000e+000  6.0801000e-003
  8.4300000e+000  6.8347000e-003
  8.4400000e+000  6.5222000e-003
  8.4500000e+000  5.6701000e-003
  8.4600000e+000  4.8593000e-003
  8.4700000e+000  4.2288000e-003
  8.4800000e+000  3.5708000e-003
  8.4900000e+000  2.7402000e-003
  8.5000000e+000  1.9376000e-003
  8.5100000e+000  1.5277000e-003
  8.5200000e+000  1.5367000e-003
  8.5300000e+000  1.5953000e-003
  8.5400000e+000  1.4528000e-003
  8.5500000e+000  1.2834000e-003
  8.5600000e+000  1.2872000e-003
  8.5700000e+000  1.2926000e-003
  8.5800000e+000  1.0828000e-003
  8.5900000e+000  8.9692000e-004
  8.6000000e+000  1.1566000e-003
  8.6100000e+000  1.8232000e-003
  8.6200000e+000  2.4771000e-003
  8.6300000e+000  2.9655000e-003
  8.6400000e+000  3.4947000e-003
  8.6500000e+000  4.1452000e-003
  8.6600000e+000  4.7114000e-003
  8.6700000e+000  5.0366000e-003
  8.6800000e+000  5.1372000e-003
  8.6900000e+000  5.0988000e-003
  8.7000000e+000  4.9690000e-003
  8.7100000e+000  4.8333000e-003
  8.7200000e+000  4.7614000e-003
  8.7300000e+000  4.7117000e-003
  8.7400000e+000  4.5953000e-003
  8.7500000e+000  4.4613000e-003
  8.7600000e+000  4.3962000e-003
  8.7700000e+000  4.3369000e-003
  8.7800000e+000  4.2022000e-003
  8.7900000e+000  4.0683000e-003
  8.8000000e+000  4.0157000e-003
  8.8100000e+000  3.9753000e-003
  8.8200000e+000  3.8173000e-003
  8.8300000e+000  3.5102000e-003
  8.8400000e+000  3.0174000e-003
  8.8500000e+000  2.2857000e-003
  8.8600000e+000  1.4178000e-003
  8.8700000e+000  6.7833000e-004
  8.8800000e+000  4.8297000e-005
  8.8900000e+000 -7.6186000e-004
  8.9000000e+000 -1.7015000e-003
  8.9100000e+000 -2.2116000e-003
  8.9200000e+000 -1.9299000e-003
  8.9300000e+000 -1.1919000e-003
  8.9400000e+000 -5.7220000e-004
  8.9500000e+000 -1.5940000e-004
  8.9600000e+000  3.4924000e-004
  8.9700000e+000  1.0213000e-003
  8.9800000e+000  1.5714000e-003
  8.9900000e+000  1.8353000e-003
  9.0000000e+000  1.9065000e-003
  9.0100000e+000  1.8959000e-003
  9.0200000e+000  1.7646000e-003
  9.0300000e+000  1.5464000e-003
  9.0400000e+000  1.4210000e-003
  9.0500000e+000  1.4870000e-003
  9.0600000e+000  1.4582000e-003
  9.0700000e+000  8.1588000e-004
  9.0800000e+000 -6.8436000e-004
  9.0900000e+000 -2.6474000e-003
  9.1000000e+000 -4.4363000e-003
  9.1100000e+000 -5.9774000e-003
  9.1200000e+000 -7.8319000e-003
  9.1300000e+000 -1.0319000e-002
  9.1400000e+000 -1.2652000e-002
  9.1500000e+000 -1.3602000e-002
  9.1600000e+000 -1.2913000e-002
  9.1700000e+000 -1.1631000e-002
  9.1800000e+000 -1.0611000e-002
  9.1900000e+000 -9.7135000e-003
  9.2000000e+000 -8.4087000e-003
  9.2100000e+000 -6.8101000e-003
  9.2200000e+000 -5.5208000e-003
  9.2300000e+000 -5.1848000e-003
  9.2400000e+000 -5.8868000e-003
  9.2500000e+000 -7.1286000e-003
  9.2600000e+000 -8.0801000e-003
  9.2700000e+000 -8.5177000e-003
  9.2800000e+000 -8.9798000e-003
  9.2900000e+000 -9.9759000e-003
  9.3000000e+000 -1.0992000e-002
  9.3100000e+000 -1.1121000e-002
  9.3200000e+000 -1.0326000e-002
  9.3300000e+000 -9.4868000e-003
  9.3400000e+000 -9.2039000e-003
  9.3500000e+000 -9.0465000e-003
  9.3600000e+000 -8.3442000e-003
  9.3700000e+000 -7.1986000e-003
  9.3800000e+000 -6.6499000e-003
  9.3900000e+000 -7.3749000e-003
  9.4000000e+000 -8.9112000e-003
  9.4100000e+000 -1.0242000e-002
  9.4200000e+000 -1.1232000e-002
  9.4300000e+000 -1.2470000e-002
  9.4400000e+000 -1.4147000e-002
  9.4500000e+000 -1.5647000e-002
  9.4600000e+000 -1.6461000e-002
  9.4700000e+000 -1.6551000e-002
  9.4800000e+000 -1.5936000e-002
  9.4900000e+000 -1.4639000e-002
  9.5000000e+000 -1.3136000e-002
  9.5100000e+000 -1.2065000e-002
  9.5200000e+000 -1.1282000e-002
  9.5300000e+000 -1.0155000e-002
  9.5400000e+000 -8.7751000e-003
  9.5500000e+000 -8.2091000e-003
  9.5600000e+000 -8.9685000e-003
  9.5700000e+000 -1.0312000e-002
  9.5800000e+000 -1.1159000e-002
  9.5900000e+000 -1.1495000e-002
  9.6000000e+000 -1.2010000e-002
  9.6100000e+000 -1.3027000e-002
  9.6200000e+000 -1.3947000e-002
  9.6300000e+000 -1.4028000e-002
  9.6400000e+000 -1.3266000e-002
  9.6500000e+000 -1.2404000e-002
  9.6600000e+000 -1.2045000e-002
  9.6700000e+000 -1.1864000e-002
  9.6800000e+000 -1.1168000e-002
  9.6900000e+000 -9.9819000e-003
  9.7000000e+000 -9.3771000e-003
  9.7100000e+000 -1.0084000e-002
  9.7200000e+000 -1.1604000e-002
  9.7300000e+000 -1.2891000e-002
  9.7400000e+000 -1.3838000e-002
  9.7500000e+000 -1.5052000e-002
  9.7600000e+000 -1.6699000e-002
  9.7700000e+000 -1.8158000e-002
  9.7800000e+000 -1.8934000e-002
  9.7900000e+000 -1.8989000e-002
  9.8000000e+000 -1.8339000e-002
  9.8100000e+000 -1.7008000e-002
  9.8200000e+000 -1.5462000e-002
  9.8300000e+000 -1.4346000e-002
  9.8400000e+000 -1.3533000e-002
  9.8500000e+000 -1.2375000e-002
  9.8600000e+000 -1.0939000e-002
  9.8700000e+000 -1.0323000e-002
  9.8800000e+000 -1.1064000e-002
  9.8900000e+000 -1.2373000e-002
  9.9000000e+000 -1.3142000e-002
  9.9100000e+000 -1.3423000e-002
  9.9200000e+000 -1.3966000e-002
  9.9300000e+000 -1.4971000e-002
  9.9400000e+000 -1.5603000e-002
  9.9500000e+000 -1.4981000e-002
  9.9600000e+000 -1.3172000e-002
  9.9700000e+000 -1.0990000e-002
  9.9800000e+000 -8.9003000e-003
  9.9900000e+000 -6.6674000e-003
  1.0000000e+001 -4.2577000e-003
  1.0010000e+001 -2.1710000e-003
  1.0020000e+001 -5.8863000e-004
  1.0030000e+001  1.0186000e-003
  1.0040000e+001  2.7990000e-003
  1.0050000e+001  4.3347000e-003
  1.0060000e+001  5.8612000e-003
  1.0070000e+001  8.1241000e-003
  1.0080000e+001  1.0498000e-002
  1.0090000e+001  1.1156000e-002
  1.0100000e+001  9.3920000e-003
  1.0110000e+001  5.8130000e-003
  1.0120000e+001  7.2769000e-004
  1.0130000e+001 -5.2472000e-003
  1.0140000e+001 -9.6690000e-003
  1.0150000e+001 -1.0522000e-002
  1.0160000e+001 -8.9063000e-003
  1.0170000e+001 -7.0063000e-003
  1.0180000e+001 -5.2000000e-003
  1.0190000e+001 -3.3786000e-003
  1.0200000e+001 -1.8008000e-003
  1.0210000e+001  1.8272000e-004
  1.0220000e+001  1.9756000e-003
  1.0230000e+001 -5.5670000e-004
  1.0240000e+001 -9.2434000e-003
  1.0250000e+001 -1.8801000e-002
  1.0260000e+001 -2.4803000e-002
  1.0270000e+001 -3.0989000e-002
  1.0280000e+001 -4.1361000e-002
  1.0290000e+001 -5.0194000e-002
  1.0300000e+001 -4.8239000e-002
  1.0310000e+001 -3.2210000e-002
  1.0320000e+001 -5.3020000e-003
  1.0330000e+001  2.5290000e-002
  1.0340000e+001  5.0201000e-002
  1.0350000e+001  6.9459000e-002
  1.0360000e+001  9.7304000e-002
  1.0370000e+001  1.3502000e-001
  1.0380000e+001  1.4565000e-001
  1.0390000e+001  7.6553000e-002
  1.0400000e+001 -6.9553000e-002
  1.0410000e+001 -2.0811000e-001
  1.0420000e+001 -2.3458000e-001
  1.0430000e+001 -1.3807000e-001
  1.0440000e+001 -1.8058000e-002
  1.0450000e+001  2.5576000e-002
  1.0460000e+001  1.2826000e-002
  1.0470000e+001  3.9033000e-002
  1.0480000e+001  1.1973000e-001
  1.0490000e+001  1.5477000e-001
  1.0500000e+001  7.3793000e-002
  1.0510000e+001 -6.5803000e-002
  1.0520000e+001 -1.8099000e-001
  1.0530000e+001 -2.7239000e-001
  1.0540000e+001 -3.5975000e-001
  1.0550000e+001 -3.8483000e-001
  1.0560000e+001 -2.7945000e-001
  1.0570000e+001 -9.8353000e-002
  1.0580000e+001  3.1305000e-002
  1.0590000e+001  6.6960000e-002
  1.0600000e+001  7.0620000e-002
  1.0610000e+001  7.6122000e-002
  1.0620000e+001  6.0214000e-002
  1.0630000e+001  2.9403000e-002
  1.0640000e+001  2.5722000e-002
  1.0650000e+001  3.5252000e-002
  1.0660000e+001  1.2068000e-002
  1.0670000e+001 -1.4827000e-002
  1.0680000e+001  1.7123000e-002
  1.0690000e+001  7.5727000e-002
  1.0700000e+001  9.1758000e-002
  1.0710000e+001  1.1475000e-001
  1.0720000e+001  2.2369000e-001
  1.0730000e+001  3.0351000e-001
  1.0740000e+001  1.4165000e-001
  1.0750000e+001 -2.1085000e-001
  1.0760000e+001 -4.5437000e-001
  1.0770000e+001 -4.4682000e-001
  1.0780000e+001 -3.3694000e-001
  1.0790000e+001 -2.3640000e-001
  1.0800000e+001 -1.0237000e-001
  1.0810000e+001  5.0509000e-002
  1.0820000e+001  9.3988000e-002
  1.0830000e+001  6.2367000e-002
  1.0840000e+001  1.5332000e-001
  1.0850000e+001  3.7957000e-001
  1.0860000e+001  4.4959000e-001
  1.0870000e+001  1.8240000e-001
  1.0880000e+001 -2.1126000e-001
  1.0890000e+001 -3.8089000e-001
  1.0900000e+001 -2.1223000e-001
  1.0910000e+001  1.2905000e-001
  1.0920000e+001  3.8018000e-001
  1.0930000e+001  3.7355000e-001
  1.0940000e+001  1.7365000e-001
  1.0950000e+001  2.7661000e-002
  1.0960000e+001  7.3184000e-002
  1.0970000e+001  1.5425000e-001
  1.0980000e+001  3.4938000e-002
  1.0990000e+001 -2.4158000e-001
  1.1000000e+001 -4.1205000e-001
  1.1010000e+001 -3.5553000e-001
  1.1020000e+001 -2.2714000e-001
  1.1030000e+001 -1.7242000e-001
  1.1040000e+001 -1.2954000e-001
  1.1050000e+001  8.2888000e-003
  1.1060000e+001  1.8505000e-001
  1.1070000e+001  2.6856000e-001
  1.1080000e+001  2.3108000e-001
  1.1090000e+001  1.1440000e-001
  1.1100000e+001 -9.3899000e-002
  1.1110000e+001 -3.7876000e-001
  1.1120000e+001 -5.7797000e-001
  1.1130000e+001 -5.2648000e-001
  1.1140000e+001 -3.0985000e-001
  1.1150000e+001 -1.6163000e-001
  1.1160000e+001 -1.5077000e-001
  1.1170000e+001 -1.1657000e-001
  1.1180000e+001  4.5508000e-002
  1.1190000e+001  2.1882000e-001
  1.1200000e+001  2.2098000e-001
  1.1210000e+001  1.2473000e-002
  1.1220000e+001 -3.0117000e-001
  1.1230000e+001 -5.7490000e-001
  1.1240000e+001 -6.8661000e-001
  1.1250000e+001 -6.0428000e-001
  1.1260000e+001 -4.1530000e-001
  1.1270000e+001 -2.4547000e-001
  1.1280000e+001 -1.1856000e-001
  1.1290000e+001  4.2368000e-002
  1.1300000e+001  2.7347000e-001
  1.1310000e+001  4.8890000e-001
  1.1320000e+001  5.7134000e-001
  1.1330000e+001  4.9923000e-001
  1.1340000e+001  3.4688000e-001
  1.1350000e+001  2.0241000e-001
  1.1360000e+001  1.1217000e-001
  1.1370000e+001  6.4776000e-002
  1.1380000e+001  5.3558000e-003
  1.1390000e+001 -1.0289000e-001
  1.1400000e+001 -2.1837000e-001
  1.1410000e+001 -2.5869000e-001
  1.1420000e+001 -1.8236000e-001
  1.1430000e+001 -2.2179000e-003
  1.1440000e+001  2.3855000e-001
  1.1450000e+001  4.3763000e-001
  1.1460000e+001  4.4627000e-001
  1.1470000e+001  2.0935000e-001
  1.1480000e+001 -1.3423000e-001
  1.1490000e+001 -3.8326000e-001
  1.1500000e+001 -4.6071000e-001
  1.1510000e+001 -4.2062000e-001
  1.1520000e+001 -3.1270000e-001
  1.1530000e+001 -1.3673000e-001
  1.1540000e+001  1.1476000e-001
  1.1550000e+001  4.0176000e-001
  1.1560000e+001  6.3174000e-001
  1.1570000e+001  7.2387000e-001
  1.1580000e+001  7.0329000e-001
  1.1590000e+001  6.7865000e-001
  1.1600000e+001  7.0716000e-001
  1.1610000e+001  7.8554000e-001
  1.1620000e+001  9.4516000e-001
  1.1630000e+001  1.1953000e+000
  1.1640000e+001  1.3414000e+000
  1.1650000e+001  1.0999000e+000
  1.1660000e+001  4.2842000e-001
  1.1670000e+001 -4.4344000e-001
  1.1680000e+001 -1.2862000e+000
  1.1690000e+001 -1.9331000e+000
  1.1700000e+001 -2.2219000e+000
  1.1710000e+001 -2.2063000e+000
  1.1720000e+001 -2.2972000e+000
  1.1730000e+001 -2.7936000e+000
  1.1740000e+001 -3.3694000e+000
  1.1750000e+001 -3.3773000e+000
  1.1760000e+001 -2.5679000e+000
  1.1770000e+001 -1.1793000e+000
  1.1780000e+001  5.2010000e-001
  1.1790000e+001  2.2946000e+000
  1.1800000e+001  3.7045000e+000
  1.1810000e+001  4.3118000e+000
  1.1820000e+001  4.2004000e+000
  1.1830000e+001  3.8715000e+000
  1.1840000e+001  3.6366000e+000
  1.1850000e+001  3.4088000e+000
  1.1860000e+001  3.0983000e+000
  1.1870000e+001  2.7891000e+000
  1.1880000e+001  2.4425000e+000
  1.1890000e+001  1.8839000e+000
  1.1900000e+001  1.1749000e+000
  1.1910000e+001  5.7399000e-001
  1.1920000e+001 -1.4345000e-002
  1.1930000e+001 -9.1853000e-001
  1.1940000e+001 -2.0379000e+000
  1.1950000e+001 -2.5843000e+000
  1.1960000e+001 -1.7946000e+000
  1.1970000e+001  2.5804000e-001
  1.1980000e+001  2.3355000e+000
  1.1990000e+001  2.9087000e+000
  1.2000000e+001  1.5224000e+000
  1.2010000e+001 -6.0615000e-001
  1.2020000e+001 -1.9408000e+000
  1.2030000e+001 -2.5674000e+000
  1.2040000e+001 -3.7602000e+000
  1.2050000e+001 -5.1881000e+000
  1.2060000e+001 -4.6940000e+000
  1.2070000e+001 -1.6813000e+000
  1.2080000e+001  1.5407000e+000
  1.2090000e+001  2.9237000e+000
  1.2100000e+001  2.9534000e+000
  1.2110000e+001  2.9766000e+000
  1.2120000e+001  3.0373000e+000
  1.2130000e+001  2.7729000e+000
  1.2140000e+001  2.5672000e+000
  1.2150000e+001  2.5128000e+000
  1.2160000e+001  1.7095000e+000
  1.2170000e+001  1.9984000e-001
  1.2180000e+001 -5.1464000e-001
  1.2190000e+001  7.8080000e-003
  1.2200000e+001  2.3819000e-001
  1.2210000e+001 -6.8975000e-001
  1.2220000e+001 -1.6007000e+000
  1.2230000e+001 -1.5161000e+000
  1.2240000e+001 -1.1339000e+000
  1.2250000e+001 -1.3270000e+000
  1.2260000e+001 -1.7558000e+000
  1.2270000e+001 -1.9339000e+000
  1.2280000e+001 -2.1198000e+000
  1.2290000e+001 -2.4902000e+000
  1.2300000e+001 -2.5774000e+000
  1.2310000e+001 -2.1510000e+000
  1.2320000e+001 -1.6650000e+000
  1.2330000e+001 -1.4831000e+000
  1.2340000e+001 -1.4874000e+000
  1.2350000e+001 -1.5396000e+000
  1.2360000e+001 -1.6159000e+000
  1.2370000e+001 -1.5693000e+000
  1.2380000e+001 -1.2523000e+000
  1.2390000e+001 -7.1423000e-001
  1.2400000e+001 -9.8613000e-003
  1.2410000e+001  8.5643000e-001
  1.2420000e+001  1.7047000e+000
  1.2430000e+001  2.2678000e+000
  1.2440000e+001  2.4793000e+000
  1.2450000e+001  2.3493000e+000
  1.2460000e+001  1.9164000e+000
  1.2470000e+001  1.5955000e+000
  1.2480000e+001  1.9285000e+000
  1.2490000e+001  2.6116000e+000
  1.2500000e+001  2.6511000e+000
  1.2510000e+001  1.7952000e+000
  1.2520000e+001  9.6381000e-001
  1.2530000e+001  6.3468000e-001
  1.2540000e+001  1.3929000e-001
  1.2550000e+001 -9.4799000e-001
  1.2560000e+001 -1.7343000e+000
  1.2570000e+001 -1.4656000e+000
  1.2580000e+001 -6.7303000e-001
  1.2590000e+001 -3.1248000e-001
  1.2600000e+001 -5.3594000e-001
  1.2610000e+001 -1.0356000e+000
  1.2620000e+001 -1.6596000e+000
  1.2630000e+001 -2.2551000e+000
  1.2640000e+001 -2.5156000e+000
  1.2650000e+001 -2.3732000e+000
  1.2660000e+001 -2.1107000e+000
  1.2670000e+001 -1.8601000e+000
  1.2680000e+001 -1.5262000e+000
  1.2690000e+001 -1.2236000e+000
  1.2700000e+001 -1.2972000e+000
  1.2710000e+001 -1.8111000e+000
  1.2720000e+001 -2.4239000e+000
  1.2730000e+001 -2.7479000e+000
  1.2740000e+001 -2.5839000e+000
  1.2750000e+001 -1.9061000e+000
  1.2760000e+001 -8.9695000e-001
  1.2770000e+001  4.8534000e-002
  1.2780000e+001  5.6239000e-001
  1.2790000e+001  6.1261000e-001
  1.2800000e+001  5.2377000e-001
  1.2810000e+001  6.0580000e-001
  1.2820000e+001  7.9578000e-001
  1.2830000e+001  8.3152000e-001
  1.2840000e+001  6.8848000e-001
  1.2850000e+001  5.8729000e-001
  1.2860000e+001  4.9788000e-001
  1.2870000e+001  1.3959000e-001
  1.2880000e+001 -4.9591000e-001
  1.2890000e+001 -9.6107000e-001
  1.2900000e+001 -9.8448000e-001
  1.2910000e+001 -7.2004000e-001
  1.2920000e+001 -3.4296000e-001
  1.2930000e+001  2.1209000e-001
  1.2940000e+001  8.9834000e-001
  1.2950000e+001  1.4401000e+000
  1.2960000e+001  1.6603000e+000
  1.2970000e+001  1.6366000e+000
  1.2980000e+001  1.5154000e+000
  1.2990000e+001  1.4385000e+000
  1.3000000e+001  1.5413000e+000
  1.3010000e+001  1.7475000e+000
  1.3020000e+001  1.7701000e+000
  1.3030000e+001  1.5666000e+000
  1.3040000e+001  1.4791000e+000
  1.3050000e+001  1.6275000e+000
  1.3060000e+001  1.6289000e+000
  1.3070000e+001  1.2257000e+000
  1.3080000e+001  7.6869000e-001
  1.3090000e+001  6.7233000e-001
  1.3100000e+001  8.2515000e-001
  1.3110000e+001  8.2414000e-001
  1.3120000e+001  5.3225000e-001
  1.3130000e+001  1.3487000e-001
  1.3140000e+001 -1.6025000e-001
  1.3150000e+001 -2.9616000e-001
  1.3160000e+001 -3.2587000e-001
  1.3170000e+001 -3.0387000e-001
  1.3180000e+001 -2.3544000e-001
  1.3190000e+001 -1.4702000e-001
  1.3200000e+001 -1.3444000e-001
  1.3210000e+001 -2.2455000e-001
  1.3220000e+001 -2.3682000e-001
  1.3230000e+001  2.4023000e-002
  1.3240000e+001  4.6372000e-001
  1.3250000e+001  7.2377000e-001
  1.3260000e+001  5.4155000e-001
  1.3270000e+001 -1.2070000e-002
  1.3280000e+001 -6.2794000e-001
  1.3290000e+001 -1.0518000e+000
  1.3300000e+001 -1.3057000e+000
  1.3310000e+001 -1.6028000e+000
  1.3320000e+001 -2.0123000e+000
  1.3330000e+001 -2.3510000e+000
  1.3340000e+001 -2.4445000e+000
  1.3350000e+001 -2.2996000e+000
  1.3360000e+001 -1.9847000e+000
  1.3370000e+001 -1.5626000e+000
  1.3380000e+001 -1.1408000e+000
  1.3390000e+001 -7.5190000e-001
  1.3400000e+001 -2.0497000e-001
  1.3410000e+001  6.2163000e-001
  1.3420000e+001  1.4066000e+000
  1.3430000e+001  1.6685000e+000
  1.3440000e+001  1.4314000e+000
  1.3450000e+001  1.1738000e+000
  1.3460000e+001  1.1463000e+000
  1.3470000e+001  1.1351000e+000
  1.3480000e+001  9.7280000e-001
  1.3490000e+001  8.5742000e-001
  1.3500000e+001  9.7117000e-001
  1.3510000e+001  1.0858000e+000
  1.3520000e+001  8.3635000e-001
  1.3530000e+001  2.4578000e-001
  1.3540000e+001 -2.9778000e-001
  1.3550000e+001 -5.3984000e-001
  1.3560000e+001 -6.0642000e-001
  1.3570000e+001 -7.5472000e-001
  1.3580000e+001 -1.0806000e+000
  1.3590000e+001 -1.4924000e+000
  1.3600000e+001 -1.7667000e+000
  1.3610000e+001 -1.6660000e+000
  1.3620000e+001 -1.1886000e+000
  1.3630000e+001 -6.3707000e-001
  1.3640000e+001 -2.5914000e-001
  1.3650000e+001  3.6984000e-002
  1.3660000e+001  4.3680000e-001
  1.3670000e+001  8.8762000e-001
  1.3680000e+001  1.2253000e+000
  1.3690000e+001  1.4190000e+000
  1.3700000e+001  1.4808000e+000
  1.3710000e+001  1.3364000e+000
  1.3720000e+001  1.0675000e+000
  1.3730000e+001  9.5360000e-001
  1.3740000e+001  1.0875000e+000
  1.3750000e+001  1.1824000e+000
  1.3760000e+001  1.0387000e+000
  1.3770000e+001  8.0862000e-001
  1.3780000e+001  6.8740000e-001
  1.3790000e+001  6.2768000e-001
  1.3800000e+001  5.4072000e-001
  1.3810000e+001  4.6942000e-001
  1.3820000e+001  4.4549000e-001
  1.3830000e+001  3.9919000e-001
  1.3840000e+001  3.1746000e-001
  1.3850000e+001  2.9323000e-001
  1.3860000e+001  3.6877000e-001
  1.3870000e+001  5.1158000e-001
  1.3880000e+001  7.3560000e-001
  1.3890000e+001  1.0456000e+000
  1.3900000e+001  1.3167000e+000
  1.3910000e+001  1.4015000e+000
  1.3920000e+001  1.3002000e+000
  1.3930000e+001  1.1134000e+000
  1.3940000e+001  9.1859000e-001
  1.3950000e+001  7.6577000e-001
  1.3960000e+001  6.9423000e-001
  1.3970000e+001  6.6687000e-001
  1.3980000e+001  5.5357000e-001
  1.3990000e+001  2.7699000e-001
  1.4000000e+001 -1.0032000e-001
  1.4010000e+001 -4.4410000e-001
  1.4020000e+001 -6.6782000e-001
  1.4030000e+001 -7.3337000e-001
  1.4040000e+001 -6.9524000e-001
  1.4050000e+001 -6.7664000e-001
  1.4060000e+001 -7.7714000e-001
  1.4070000e+001 -9.7322000e-001
  1.4080000e+001 -1.1796000e+000
  1.4090000e+001 -1.3176000e+000
  1.4100000e+001 -1.3391000e+000
  1.4110000e+001 -1.2440000e+000
  1.4120000e+001 -1.1125000e+000
  1.4130000e+001 -1.0470000e+000
  1.4140000e+001 -1.0582000e+000
  1.4150000e+001 -1.0821000e+000
  1.4160000e+001 -1.1124000e+000
  1.4170000e+001 -1.2128000e+000
  1.4180000e+001 -1.3816000e+000
  1.4190000e+001 -1.5208000e+000
  1.4200000e+001 -1.5608000e+000
  1.4210000e+001 -1.5199000e+000
  1.4220000e+001 -1.4065000e+000
  1.4230000e+001 -1.1724000e+000
  1.4240000e+001 -8.0310000e-001
  1.4250000e+001 -3.8948000e-001
  1.4260000e+001 -4.0472000e-002
  1.4270000e+001  2.2073000e-001
  1.4280000e+001  4.4828000e-001
  1.4290000e+001  6.6987000e-001
  1.4300000e+001  8.4555000e-001
  1.4310000e+001  9.2568000e-001
  1.4320000e+001  9.3944000e-001
  1.4330000e+001  9.6334000e-001
  1.4340000e+001  1.0054000e+000
  1.4350000e+001  9.6626000e-001
  1.4360000e+001  7.7416000e-001
  1.4370000e+001  5.1351000e-001
  1.4380000e+001  3.2086000e-001
  1.4390000e+001  1.8322000e-001
  1.4400000e+001 -4.5827000e-002
  1.4410000e+001 -3.8947000e-001
  1.4420000e+001 -6.5385000e-001
  1.4430000e+001 -6.3377000e-001
  1.4440000e+001 -3.5987000e-001
  1.4450000e+001 -5.7748000e-002
  1.4460000e+001  6.8350000e-002
  1.4470000e+001 -2.9949000e-002
  1.4480000e+001 -2.6788000e-001
  1.4490000e+001 -4.9338000e-001
  1.4500000e+001 -5.6874000e-001
  1.4510000e+001 -4.6717000e-001
  1.4520000e+001 -2.7522000e-001
  1.4530000e+001 -9.9254000e-002
  1.4540000e+001  2.1205000e-003
  1.4550000e+001 -1.4176000e-002
  1.4560000e+001 -1.6353000e-001
  1.4570000e+001 -3.6516000e-001
  1.4580000e+001 -4.8103000e-001
  1.4590000e+001 -4.9287000e-001
  1.4600000e+001 -5.2214000e-001
  1.4610000e+001 -5.8921000e-001
  1.4620000e+001 -5.2120000e-001
  1.4630000e+001 -2.1672000e-001
  1.4640000e+001  1.5475000e-001
  1.4650000e+001  3.8458000e-001
  1.4660000e+001  4.7400000e-001
  1.4670000e+001  5.1962000e-001
  1.4680000e+001  5.4371000e-001
  1.4690000e+001  5.8215000e-001
  1.4700000e+001  7.3990000e-001
  1.4710000e+001  9.9300000e-001
  1.4720000e+001  1.1284000e+000
  1.4730000e+001  1.0449000e+000
  1.4740000e+001  9.1144000e-001
  1.4750000e+001  8.6195000e-001
  1.4760000e+001  7.4773000e-001
  1.4770000e+001  3.9806000e-001
  1.4780000e+001 -9.3545000e-002
  1.4790000e+001 -5.0116000e-001
  1.4800000e+001 -7.2263000e-001
  1.4810000e+001 -7.8040000e-001
  1.4820000e+001 -7.2436000e-001
  1.4830000e+001 -6.3714000e-001
  1.4840000e+001 -5.7311000e-001
  1.4850000e+001 -4.2671000e-001
  1.4860000e+001 -1.1659000e-002
  1.4870000e+001  6.0733000e-001
  1.4880000e+001  1.0473000e+000
  1.4890000e+001  9.8723000e-001
  1.4900000e+001  5.3742000e-001
  1.4910000e+001  9.5910000e-002
  1.4920000e+001 -9.1321000e-002
  1.4930000e+001 -1.1158000e-001
  1.4940000e+001 -1.4567000e-001
  1.4950000e+001 -2.1787000e-001
  1.4960000e+001 -2.4260000e-001
  1.4970000e+001 -1.9892000e-001
  1.4980000e+001 -1.3259000e-001
  1.4990000e+001 -4.6613000e-002
  1.5000000e+001  8.3700000e-002
  1.5010000e+001  1.9580000e-001
  1.5020000e+001  1.7074000e-001
  1.5030000e+001  1.8493000e-002
  1.5040000e+001 -8.9862000e-002
  1.5050000e+001 -2.6587000e-002
  1.5060000e+001  1.3678000e-001
  1.5070000e+001  2.4504000e-001
  1.5080000e+001  2.3015000e-001
  1.5090000e+001  1.1716000e-001
  1.5100000e+001 -5.7930000e-002
  1.5110000e+001 -2.4256000e-001
  1.5120000e+001 -3.4714000e-001
  1.5130000e+001 -3.2234000e-001
  1.5140000e+001 -2.3516000e-001
  1.5150000e+001 -1.9654000e-001
  1.5160000e+001 -2.4493000e-001
  1.5170000e+001 -3.4905000e-001
  1.5180000e+001 -4.6900000e-001
  1.5190000e+001 -5.4922000e-001
  1.5200000e+001 -5.2701000e-001
  1.5210000e+001 -4.0865000e-001
  1.5220000e+001 -2.7604000e-001
  1.5230000e+001 -1.6196000e-001
  1.5240000e+001  2.4095000e-004
  1.5250000e+001  2.3969000e-001
  1.5260000e+001  4.4619000e-001
  1.5270000e+001  4.9329000e-001
  1.5280000e+001  4.0810000e-001
  1.5290000e+001  3.3372000e-001
  1.5300000e+001  3.5840000e-001
  1.5310000e+001  4.2037000e-001
  1.5320000e+001  3.7895000e-001
  1.5330000e+001  1.6725000e-001
  1.5340000e+001 -1.2200000e-001
  1.5350000e+001 -3.1951000e-001
  1.5360000e+001 -3.3464000e-001
  1.5370000e+001 -2.1292000e-001
  1.5380000e+001 -4.9379000e-002
  1.5390000e+001  1.0780000e-001
  1.5400000e+001  2.4965000e-001
  1.5410000e+001  3.5948000e-001
  1.5420000e+001  4.0044000e-001
  1.5430000e+001  3.4253000e-001
  1.5440000e+001  1.8771000e-001
  1.5450000e+001 -1.3280000e-004
  1.5460000e+001 -1.3695000e-001
  1.5470000e+001 -1.9379000e-001
  1.5480000e+001 -2.0693000e-001
  1.5490000e+001 -1.9836000e-001
  1.5500000e+001 -1.5187000e-001
  1.5510000e+001 -6.4469000e-002
  1.5520000e+001  2.5545000e-002
  1.5530000e+001  7.6002000e-002
  1.5540000e+001  5.9040000e-002
  1.5550000e+001 -4.5300000e-002
  1.5560000e+001 -2.1825000e-001
  1.5570000e+001 -3.6877000e-001
  1.5580000e+001 -4.0873000e-001
  1.5590000e+001 -3.6341000e-001
  1.5600000e+001 -3.4933000e-001
  1.5610000e+001 -4.3402000e-001
  1.5620000e+001 -5.6396000e-001
  1.5630000e+001 -6.3610000e-001
  1.5640000e+001 -6.0846000e-001
  1.5650000e+001 -5.1634000e-001
  1.5660000e+001 -4.0418000e-001
  1.5670000e+001 -2.7714000e-001
  1.5680000e+001 -1.3091000e-001
  1.5690000e+001 -6.8470000e-004
  1.5700000e+001  5.5325000e-002
  1.5710000e+001  2.7870000e-002
  1.5720000e+001 -2.4449000e-002
  1.5730000e+001 -3.1179000e-002
  1.5740000e+001  4.4142000e-002
  1.5750000e+001  1.9784000e-001
  1.5760000e+001  3.7258000e-001
  1.5770000e+001  4.6618000e-001
  1.5780000e+001  4.1163000e-001
  1.5790000e+001  2.6195000e-001
  1.5800000e+001  1.4330000e-001
  1.5810000e+001  1.1744000e-001
  1.5820000e+001  1.3850000e-001
  1.5830000e+001  1.5206000e-001
  1.5840000e+001  1.6026000e-001
  1.5850000e+001  1.8071000e-001
  1.5860000e+001  2.1330000e-001
  1.5870000e+001  2.8126000e-001
  1.5880000e+001  4.3726000e-001
  1.5890000e+001  6.8024000e-001
  1.5900000e+001  9.0408000e-001
  1.5910000e+001  9.7895000e-001
  1.5920000e+001  8.7143000e-001
  1.5930000e+001  6.5025000e-001
  1.5940000e+001  4.0095000e-001
  1.5950000e+001  1.6222000e-001
  1.5960000e+001 -5.1400000e-002
  1.5970000e+001 -2.1323000e-001
  1.5980000e+001 -2.9416000e-001
  1.5990000e+001 -3.0419000e-001
  1.6000000e+001 -2.8116000e-001
  1.6010000e+001 -2.4731000e-001
  1.6020000e+001 -2.0215000e-001
  1.6030000e+001 -1.5609000e-001
  1.6040000e+001 -1.2380000e-001
  1.6050000e+001 -8.4973000e-002
  1.6060000e+001 -5.7607000e-003
  1.6070000e+001  9.2479000e-002
  1.6080000e+001  1.5251000e-001
  1.6090000e+001  1.6990000e-001
  1.6100000e+001  1.7499000e-001
  1.6110000e+001  1.3318000e-001
  1.6120000e+001 -3.5559000e-002
  1.6130000e+001 -3.0549000e-001
  1.6140000e+001 -5.2241000e-001
  1.6150000e+001 -5.5723000e-001
  1.6160000e+001 -4.3791000e-001
  1.6170000e+001 -2.8014000e-001
  1.6180000e+001 -1.5312000e-001
  1.6190000e+001 -3.1702000e-002
  1.6200000e+001  1.2610000e-001
  1.6210000e+001  2.8631000e-001
  1.6220000e+001  3.5656000e-001
  1.6230000e+001  3.0445000e-001
  1.6240000e+001  1.9893000e-001
  1.6250000e+001  1.0086000e-001
  1.6260000e+001  1.4763000e-002
  1.6270000e+001 -3.5242000e-002
  1.6280000e+001 -3.6452000e-003
  1.6290000e+001  5.5546000e-002
  1.6300000e+001  2.7686000e-002
  1.6310000e+001 -5.8345000e-002
  1.6320000e+001 -2.0685000e-002
  1.6330000e+001  1.9408000e-001
  1.6340000e+001  4.0327000e-001
  1.6350000e+001  4.2450000e-001
  1.6360000e+001  2.7324000e-001
  1.6370000e+001  4.3826000e-002
  1.6380000e+001 -1.9854000e-001
  1.6390000e+001 -3.7118000e-001
  1.6400000e+001 -3.6760000e-001
  1.6410000e+001 -1.8787000e-001
  1.6420000e+001  5.1344000e-002
  1.6430000e+001  2.3901000e-001
  1.6440000e+001  3.5190000e-001
  1.6450000e+001  4.2010000e-001
  1.6460000e+001  4.8309000e-001
  1.6470000e+001  5.4610000e-001
  1.6480000e+001  5.6177000e-001
  1.6490000e+001  4.8455000e-001
  1.6500000e+001  3.4877000e-001
  1.6510000e+001  2.2064000e-001
  1.6520000e+001  1.0240000e-001
  1.6530000e+001 -2.7057000e-002
  1.6540000e+001 -1.1565000e-001
  1.6550000e+001 -9.6766000e-002
  1.6560000e+001 -1.0819000e-002
  1.6570000e+001  5.0307000e-002
  1.6580000e+001  7.4046000e-002
  1.6590000e+001  1.0942000e-001
  1.6600000e+001  1.6133000e-001
  1.6610000e+001  2.0009000e-001
  1.6620000e+001  2.2644000e-001
  1.6630000e+001  2.4031000e-001
  1.6640000e+001  1.8820000e-001
  1.6650000e+001  1.5679000e-002
  1.6660000e+001 -2.3307000e-001
  1.6670000e+001 -4.3427000e-001
  1.6680000e+001 -4.8949000e-001
  1.6690000e+001 -4.0215000e-001
  1.6700000e+001 -2.4907000e-001
  1.6710000e+001 -1.1214000e-001
  1.6720000e+001 -2.9510000e-002
  1.6730000e+001 -5.8750000e-003
  1.6740000e+001 -3.2753000e-002
  1.6750000e+001 -8.7521000e-002
  1.6760000e+001 -1.3870000e-001
  1.6770000e+001 -1.8167000e-001
  1.6780000e+001 -2.3931000e-001
  1.6790000e+001 -3.0461000e-001
  1.6800000e+001 -3.3150000e-001
  1.6810000e+001 -3.0473000e-001
  1.6820000e+001 -2.6564000e-001
  1.6830000e+001 -2.3390000e-001
  1.6840000e+001 -1.7207000e-001
  1.6850000e+001 -6.9565000e-002
  1.6860000e+001  2.9608000e-003
  1.6870000e+001 -2.0886000e-002
  1.6880000e+001 -1.1251000e-001
  1.6890000e+001 -1.9538000e-001
  1.6900000e+001 -2.3442000e-001
  1.6910000e+001 -2.4336000e-001
  1.6920000e+001 -2.3557000e-001
  1.6930000e+001 -2.1145000e-001
  1.6940000e+001 -1.7720000e-001
  1.6950000e+001 -1.4794000e-001
  1.6960000e+001 -1.2670000e-001
  1.6970000e+001 -9.9496000e-002
  1.6980000e+001 -5.8971000e-002
  1.6990000e+001 -2.4023000e-002
  1.7000000e+001 -2.1583000e-002
  1.7010000e+001 -5.2076000e-002
  1.7020000e+001 -8.5484000e-002
  1.7030000e+001 -9.4481000e-002
  1.7040000e+001 -7.7134000e-002
  1.7050000e+001 -4.9108000e-002
  1.7060000e+001 -3.1657000e-002
  1.7070000e+001 -4.0756000e-002
  1.7080000e+001 -7.0536000e-002
  1.7090000e+001 -9.2137000e-002
  1.7100000e+001 -9.2381000e-002
  1.7110000e+001 -9.9746000e-002
  1.7120000e+001 -1.5602000e-001
  1.7130000e+001 -2.6740000e-001
  1.7140000e+001 -3.9210000e-001
  1.7150000e+001 -4.5961000e-001
  1.7160000e+001 -4.1198000e-001
  1.7170000e+001 -2.4814000e-001
  1.7180000e+001 -3.5118000e-002
  1.7190000e+001  1.4238000e-001
  1.7200000e+001  2.4439000e-001
  1.7210000e+001  2.9626000e-001
  1.7220000e+001  3.4792000e-001
  1.7230000e+001  4.1698000e-001
  1.7240000e+001  4.6442000e-001
  1.7250000e+001  4.4007000e-001
  1.7260000e+001  3.4684000e-001
  1.7270000e+001  2.3389000e-001
  1.7280000e+001  1.2659000e-001
  1.7290000e+001  1.5899000e-002
  1.7300000e+001 -7.8883000e-002
  1.7310000e+001 -1.0411000e-001
  1.7320000e+001 -5.2354000e-002
  1.7330000e+001  1.3199000e-002
  1.7340000e+001  3.8404000e-002
  1.7350000e+001  3.2789000e-002
  1.7360000e+001  3.0622000e-002
  1.7370000e+001  4.8098000e-002
  1.7380000e+001  8.8587000e-002
  1.7390000e+001  1.3756000e-001
  1.7400000e+001  1.5368000e-001
  1.7410000e+001  1.0745000e-001
  1.7420000e+001  2.5816000e-002
  1.7430000e+001 -4.7812000e-002
  1.7440000e+001 -1.1286000e-001
  1.7450000e+001 -1.8919000e-001
  1.7460000e+001 -2.5616000e-001
  1.7470000e+001 -2.6988000e-001
  1.7480000e+001 -2.2839000e-001
  1.7490000e+001 -1.7422000e-001
  1.7500000e+001 -1.3534000e-001
  1.7510000e+001 -9.8504000e-002
  1.7520000e+001 -4.0146000e-002
  1.7530000e+001  4.1043000e-002
  1.7540000e+001  1.2171000e-001
  1.7550000e+001  1.7518000e-001
  1.7560000e+001  1.9600000e-001
  1.7570000e+001  2.0397000e-001
  1.7580000e+001  2.1897000e-001
  1.7590000e+001  2.4232000e-001
  1.7600000e+001  2.5598000e-001
  1.7610000e+001  2.3013000e-001
  1.7620000e+001  1.3659000e-001
  1.7630000e+001 -1.4657000e-002
  1.7640000e+001 -1.5855000e-001
  1.7650000e+001 -2.2445000e-001
  1.7660000e+001 -2.0662000e-001
  1.7670000e+001 -1.5585000e-001
  1.7680000e+001 -1.0578000e-001
  1.7690000e+001 -5.8533000e-002
  1.7700000e+001 -2.4725000e-002
  1.7710000e+001 -2.0612000e-002
  1.7720000e+001 -2.8762000e-002
  1.7730000e+001 -2.5637000e-002
  1.7740000e+001 -3.1460000e-002
  1.7750000e+001 -7.5698000e-002
  1.7760000e+001 -1.2630000e-001
  1.7770000e+001 -1.1942000e-001
  1.7780000e+001 -4.8506000e-002
  1.7790000e+001  3.8886000e-002
  1.7800000e+001  1.1811000e-001
  1.7810000e+001  1.9604000e-001
  1.7820000e+001  2.6395000e-001
  1.7830000e+001  2.9208000e-001
  1.7840000e+001  2.6395000e-001
  1.7850000e+001  1.7934000e-001
  1.7860000e+001  5.2928000e-002
  1.7870000e+001 -7.2454000e-002
  1.7880000e+001 -1.4282000e-001
  1.7890000e+001 -1.5118000e-001
  1.7900000e+001 -1.4383000e-001
  1.7910000e+001 -1.4887000e-001
  1.7920000e+001 -1.4392000e-001
  1.7930000e+001 -1.0538000e-001
  1.7940000e+001 -4.6149000e-002
  1.7950000e+001  8.4352000e-003
  1.7960000e+001  4.0907000e-002
  1.7970000e+001  3.6922000e-002
  1.7980000e+001 -7.5465000e-003
  1.7990000e+001 -7.3778000e-002
  1.8000000e+001 -1.3394000e-001
  1.8010000e+001 -1.7621000e-001
  1.8020000e+001 -1.9611000e-001
  1.8030000e+001 -1.7882000e-001
  1.8040000e+001 -1.1134000e-001
  1.8050000e+001 -1.1788000e-002
  1.8060000e+001  8.3338000e-002
  1.8070000e+001  1.5633000e-001
  1.8080000e+001  2.1816000e-001
  1.8090000e+001  2.7946000e-001
  1.8100000e+001  3.2467000e-001
  1.8110000e+001  3.2586000e-001
  1.8120000e+001  2.7527000e-001
  1.8130000e+001  1.9642000e-001
  1.8140000e+001  1.1739000e-001
  1.8150000e+001  4.8205000e-002
  1.8160000e+001 -1.9211000e-002
  1.8170000e+001 -9.5635000e-002
  1.8180000e+001 -1.7482000e-001
  1.8190000e+001 -2.2772000e-001
  1.8200000e+001 -2.2476000e-001
  1.8210000e+001 -1.7498000e-001
  1.8220000e+001 -1.2726000e-001
  1.8230000e+001 -1.2987000e-001
  1.8240000e+001 -1.8866000e-001
  1.8250000e+001 -2.7623000e-001
  1.8260000e+001 -3.5535000e-001
  1.8270000e+001 -3.9154000e-001
  1.8280000e+001 -3.6344000e-001
  1.8290000e+001 -2.8442000e-001
  1.8300000e+001 -1.8958000e-001
  1.8310000e+001 -1.0000000e-001
  1.8320000e+001 -9.8962000e-003
  1.8330000e+001  8.5531000e-002
  1.8340000e+001  1.7869000e-001
  1.8350000e+001  2.7160000e-001
  1.8360000e+001  3.6948000e-001
  1.8370000e+001  4.3594000e-001
  1.8380000e+001  4.0018000e-001
  1.8390000e+001  2.4643000e-001
  1.8400000e+001  5.9175000e-002
  1.8410000e+001 -5.4725000e-002
  1.8420000e+001 -6.7204000e-002
  1.8430000e+001 -2.7439000e-002
  1.8440000e+001  1.6060000e-002
  1.8450000e+001  4.5715000e-002
  1.8460000e+001  5.8317000e-002
  1.8470000e+001  5.5469000e-002
  1.8480000e+001  4.4531000e-002
  1.8490000e+001  2.4744000e-002
  1.8500000e+001  1.5011000e-003
  1.8510000e+001  6.6734000e-003
  1.8520000e+001  6.2288000e-002
  1.8530000e+001  1.2446000e-001
  1.8540000e+001  1.2355000e-001
  1.8550000e+001  6.3641000e-002
  1.8560000e+001  2.1144000e-002
  1.8570000e+001  3.9055000e-002
  1.8580000e+001  8.5489000e-002
  1.8590000e+001  1.2613000e-001
  1.8600000e+001  1.6025000e-001
  1.8610000e+001  1.7863000e-001
  1.8620000e+001  1.5275000e-001
  1.8630000e+001  9.0079000e-002
  1.8640000e+001  3.8214000e-002
  1.8650000e+001  2.4254000e-002
  1.8660000e+001  2.9136000e-002
  1.8670000e+001  3.2124000e-002
  1.8680000e+001  3.6022000e-002
  1.8690000e+001  4.0804000e-002
  1.8700000e+001  2.9534000e-002
  1.8710000e+001 -4.5590000e-003
  1.8720000e+001 -4.3492000e-002
  1.8730000e+001 -6.7656000e-002
  1.8740000e+001 -7.3874000e-002
  1.8750000e+001 -6.4686000e-002
  1.8760000e+001 -4.2971000e-002
  1.8770000e+001 -3.0271000e-002
  1.8780000e+001 -6.5489000e-002
  1.8790000e+001 -1.5315000e-001
  1.8800000e+001 -2.3303000e-001
  1.8810000e+001 -2.4084000e-001
  1.8820000e+001 -1.8634000e-001
  1.8830000e+001 -1.2626000e-001
  1.8840000e+001 -7.8310000e-002
  1.8850000e+001 -1.7957000e-002
  1.8860000e+001  4.8064000e-002
  1.8870000e+001  7.4092000e-002
  1.8880000e+001  4.2723000e-002
  1.8890000e+001 -1.6444000e-002
  1.8900000e+001 -8.3186000e-002
  1.8910000e+001 -1.5724000e-001
  1.8920000e+001 -2.1546000e-001
  1.8930000e+001 -2.1671000e-001
  1.8940000e+001 -1.5987000e-001
  1.8950000e+001 -8.4666000e-002
  1.8960000e+001 -1.8375000e-002
  1.8970000e+001  3.7175000e-002
  1.8980000e+001  7.6226000e-002
  1.8990000e+001  9.1713000e-002
  1.9000000e+001  9.9323000e-002
  1.9010000e+001  1.1933000e-001
  1.9020000e+001  1.4025000e-001
  1.9030000e+001  1.3309000e-001
  1.9040000e+001  9.4832000e-002
  1.9050000e+001  5.0755000e-002
  1.9060000e+001  2.1753000e-002
  1.9070000e+001  1.1442000e-002
  1.9080000e+001  1.6222000e-002
  1.9090000e+001  3.0129000e-002
  1.9100000e+001  4.5256000e-002
  1.9110000e+001  5.5606000e-002
  1.9120000e+001  5.7644000e-002
  1.9130000e+001  4.7013000e-002
  1.9140000e+001  2.3806000e-002
  1.9150000e+001 -1.8058000e-003
  1.9160000e+001 -1.6237000e-002
  1.9170000e+001 -1.4877000e-002
  1.9180000e+001 -1.6768000e-003
  1.9190000e+001  1.8293000e-002
  1.9200000e+001  3.8817000e-002
  1.9210000e+001  5.1515000e-002
  1.9220000e+001  5.3531000e-002
  1.9230000e+001  5.1440000e-002
  1.9240000e+001  5.0942000e-002
  1.9250000e+001  5.0504000e-002
  1.9260000e+001  4.8688000e-002
  1.9270000e+001  4.8892000e-002
  1.9280000e+001  5.0066000e-002
  1.9290000e+001  4.3308000e-002
  1.9300000e+001  2.3969000e-002
  1.9310000e+001 -6.1801000e-004
  1.9320000e+001 -2.3294000e-002
  1.9330000e+001 -4.6249000e-002
  1.9340000e+001 -7.0961000e-002
  1.9350000e+001 -8.9892000e-002
  1.9360000e+001 -9.7480000e-002
  1.9370000e+001 -9.9751000e-002
  1.9380000e+001 -1.0411000e-001
  1.9390000e+001 -1.0946000e-001
  1.9400000e+001 -1.1300000e-001
  1.9410000e+001 -1.1742000e-001
  1.9420000e+001 -1.2312000e-001
  1.9430000e+001 -1.2329000e-001
  1.9440000e+001 -1.1369000e-001
  1.9450000e+001 -9.9671000e-002
  1.9460000e+001 -8.7106000e-002
  1.9470000e+001 -7.5073000e-002
  1.9480000e+001 -6.1978000e-002
  1.9490000e+001 -5.0972000e-002
  1.9500000e+001 -4.4565000e-002
  1.9510000e+001 -4.0286000e-002
  1.9520000e+001 -3.5204000e-002
  1.9530000e+001 -2.9456000e-002
  1.9540000e+001 -2.3806000e-002
  1.9550000e+001 -1.8422000e-002
  1.9560000e+001 -1.5068000e-002
  1.9570000e+001 -1.5975000e-002
  1.9580000e+001 -1.9959000e-002
  1.9590000e+001 -2.3680000e-002
  1.9600000e+001 -2.6007000e-002
  1.9610000e+001 -2.8611000e-002
  1.9620000e+001 -3.2812000e-002
  1.9630000e+001 -3.6964000e-002
  1.9640000e+001 -3.6480000e-002
  1.9650000e+001 -2.7663000e-002
  1.9660000e+001 -1.3161000e-002
  1.9670000e+001  3.3418000e-004
  1.9680000e+001  1.0985000e-002
  1.9690000e+001  2.2931000e-002
  1.9700000e+001  3.6297000e-002
  1.9710000e+001  4.7763000e-002
  1.9720000e+001  6.3274000e-002
  1.9730000e+001  9.5256000e-002
  1.9740000e+001  1.3910000e-001
  1.9750000e+001  1.7127000e-001
  1.9760000e+001  1.7821000e-001
  1.9770000e+001  1.6961000e-001
  1.9780000e+001  1.5503000e-001
  1.9790000e+001  1.3132000e-001
  1.9800000e+001  9.9603000e-002
  1.9810000e+001  6.9955000e-002
  1.9820000e+001  4.2131000e-002
  1.9830000e+001  6.2313000e-003
  1.9840000e+001 -2.9315000e-002
  1.9850000e+001 -3.7384000e-002
  1.9860000e+001 -5.6186000e-003
  1.9870000e+001  4.9162000e-002
  1.9880000e+001  1.0705000e-001
  1.9890000e+001  1.5724000e-001
  1.9900000e+001  1.8820000e-001
  1.9910000e+001  1.8721000e-001
  1.9920000e+001  1.5723000e-001
  1.9930000e+001  1.1369000e-001
  1.9940000e+001  6.9504000e-002
  1.9950000e+001  2.7847000e-002
  1.9960000e+001 -1.4069000e-002
  1.9970000e+001 -6.2255000e-002
  1.9980000e+001 -1.1013000e-001
  1.9990000e+001 -1.2838000e-001
  2.0000000e+001 -8.9720000e-002
  2.0010000e+001 -1.3500000e-002
  2.0020000e+001  4.4812000e-002
  2.0030000e+001  5.2259000e-002
  2.0040000e+001  2.7001000e-002
  2.0050000e+001 -2.7548000e-004
  2.0060000e+001 -2.3273000e-002
  2.0070000e+001 -4.9420000e-002
  2.0080000e+001 -7.3810000e-002
  2.0090000e+001 -8.2843000e-002
  2.0100000e+001 -7.2174000e-002
  2.0110000e+001 -5.0683000e-002
  2.0120000e+001 -2.9356000e-002
  2.0130000e+001 -1.2200000e-002
  2.0140000e+001  4.7777000e-003
  2.0150000e+001  2.5918000e-002
  2.0160000e+001  4.6886000e-002
  2.0170000e+001  5.6996000e-002
  2.0180000e+001  5.1783000e-002
  2.0190000e+001  3.8429000e-002
  2.0200000e+001  2.5470000e-002
  2.0210000e+001  1.4771000e-002
  2.0220000e+001  4.0142000e-003
  2.0230000e+001 -7.9715000e-003
  2.0240000e+001 -2.0001000e-002
  2.0250000e+001 -2.8941000e-002
  2.0260000e+001 -3.2296000e-002
  2.0270000e+001 -3.2116000e-002
  2.0280000e+001 -3.2479000e-002
  2.0290000e+001 -3.4498000e-002
  2.0300000e+001 -3.8449000e-002
  2.0310000e+001 -4.9500000e-002
  2.0320000e+001 -7.1736000e-002
  2.0330000e+001 -9.3143000e-002
  2.0340000e+001 -8.8364000e-002
  2.0350000e+001 -4.4447000e-002
  2.0360000e+001  2.1725000e-002
  2.0370000e+001  7.9824000e-002
  2.0380000e+001  1.0991000e-001
  2.0390000e+001  1.0871000e-001
  2.0400000e+001  8.3360000e-002
  2.0410000e+001  4.6981000e-002
  2.0420000e+001  1.2403000e-002
  2.0430000e+001 -1.6859000e-002
  2.0440000e+001 -4.7819000e-002
  2.0450000e+001 -8.3961000e-002
  2.0460000e+001 -1.1399000e-001
  2.0470000e+001 -1.2395000e-001
  2.0480000e+001 -1.1756000e-001
  2.0490000e+001 -1.1142000e-001
  2.0500000e+001 -1.0857000e-001
  2.0510000e+001 -9.1461000e-002
  2.0520000e+001 -4.5681000e-002
  2.0530000e+001  1.6643000e-002
  2.0540000e+001  6.5096000e-002
  2.0550000e+001  7.6341000e-002
  2.0560000e+001  5.2306000e-002
  2.0570000e+001  1.8294000e-002
  2.0580000e+001  2.8124000e-003
  2.0590000e+001  1.1326000e-002
  2.0600000e+001  2.2586000e-002
  2.0610000e+001  1.7587000e-002
  2.0620000e+001  5.6460000e-004
  2.0630000e+001 -1.6429000e-002
  2.0640000e+001 -3.4168000e-002
  2.0650000e+001 -5.5076000e-002
  2.0660000e+001 -6.8265000e-002
  2.0670000e+001 -6.0962000e-002
  2.0680000e+001 -3.3153000e-002
  2.0690000e+001  1.1002000e-002
  2.0700000e+001  7.0549000e-002
  2.0710000e+001  1.3227000e-001
  2.0720000e+001  1.6725000e-001
  2.0730000e+001  1.5900000e-001
  2.0740000e+001  1.2514000e-001
  2.0750000e+001  9.3659000e-002
  2.0760000e+001  7.2209000e-002
  2.0770000e+001  4.9275000e-002
  2.0780000e+001  1.8051000e-002
  2.0790000e+001 -1.1446000e-002
  2.0800000e+001 -2.1830000e-002
  2.0810000e+001 -6.7986000e-003
  2.0820000e+001  2.1754000e-002
  2.0830000e+001  4.9174000e-002
  2.0840000e+001  7.3649000e-002
  2.0850000e+001  1.0021000e-001
  2.0860000e+001  1.2341000e-001
  2.0870000e+001  1.3067000e-001
  2.0880000e+001  1.2151000e-001
  2.0890000e+001  1.0895000e-001
  2.0900000e+001  1.0074000e-001
  2.0910000e+001  9.2777000e-002
  2.0920000e+001  8.1732000e-002
  2.0930000e+001  7.0926000e-002
  2.0940000e+001  6.2737000e-002
  2.0950000e+001  5.5185000e-002
  2.0960000e+001  4.7101000e-002
  2.0970000e+001  3.9756000e-002
  2.0980000e+001  3.3286000e-002
  2.0990000e+001  2.6305000e-002
  2.1000000e+001  1.8317000e-002
  2.1010000e+001  1.0395000e-002
  2.1020000e+001  5.4316000e-003
  2.1030000e+001  7.9461000e-003
  2.1040000e+001  1.9550000e-002
  2.1050000e+001  3.4161000e-002
  2.1060000e+001  4.2581000e-002
  2.1070000e+001  4.2250000e-002
  2.1080000e+001  3.8594000e-002
  2.1090000e+001  3.6161000e-002
  2.1100000e+001  3.4237000e-002
  2.1110000e+001  3.1373000e-002
  2.1120000e+001  2.8533000e-002
  2.1130000e+001  2.6521000e-002
  2.1140000e+001  2.5193000e-002
  2.1150000e+001  2.5774000e-002
  2.1160000e+001  2.9025000e-002
  2.1170000e+001  3.2430000e-002
  2.1180000e+001  3.3612000e-002
  2.1190000e+001  3.5011000e-002
  2.1200000e+001  3.9284000e-002
  2.1210000e+001  4.2729000e-002
  2.1220000e+001  3.9223000e-002
  2.1230000e+001  2.7720000e-002
  2.1240000e+001  1.1894000e-002
  2.1250000e+001 -3.2074000e-003
  2.1260000e+001 -1.0761000e-002
  2.1270000e+001 -7.2738000e-003
  2.1280000e+001 -2.3449000e-003
  2.1290000e+001 -1.2672000e-002
  2.1300000e+001 -4.2303000e-002
  2.1310000e+001 -7.9289000e-002
  2.1320000e+001 -1.1573000e-001
  2.1330000e+001 -1.5187000e-001
  2.1340000e+001 -1.7837000e-001
  2.1350000e+001 -1.7613000e-001
  2.1360000e+001 -1.4415000e-001
  2.1370000e+001 -1.0471000e-001
  2.1380000e+001 -7.2957000e-002
  2.1390000e+001 -4.1163000e-002
  2.1400000e+001 -2.9602000e-003
  2.1410000e+001  2.8620000e-002
  2.1420000e+001  4.0133000e-002
  2.1430000e+001  3.7571000e-002
  2.1440000e+001  3.3897000e-002
  2.1450000e+001  3.1580000e-002
  2.1460000e+001  2.7957000e-002
  2.1470000e+001  2.4966000e-002
  2.1480000e+001  2.3630000e-002
  2.1490000e+001  1.8760000e-002
  2.1500000e+001  5.8102000e-003
  2.1510000e+001 -1.3721000e-002
  2.1520000e+001 -3.7283000e-002
  2.1530000e+001 -6.5386000e-002
  2.1540000e+001 -9.4975000e-002
  2.1550000e+001 -1.1502000e-001
  2.1560000e+001 -1.1551000e-001
  2.1570000e+001 -1.0133000e-001
  2.1580000e+001 -8.9384000e-002
  2.1590000e+001 -9.0638000e-002
  2.1600000e+001 -1.0056000e-001
  2.1610000e+001 -1.1155000e-001
  2.1620000e+001 -1.2548000e-001
  2.1630000e+001 -1.4292000e-001
  2.1640000e+001 -1.5041000e-001
  2.1650000e+001 -1.3428000e-001
  2.1660000e+001 -1.0084000e-001
  2.1670000e+001 -6.4368000e-002
  2.1680000e+001 -2.4952000e-002
  2.1690000e+001  1.4996000e-002
  2.1700000e+001  2.6060000e-002
  2.1710000e+001 -2.2333000e-002
  2.1720000e+001 -1.0886000e-001
  2.1730000e+001 -1.7344000e-001
  2.1740000e+001 -1.8347000e-001
  2.1750000e+001 -1.6055000e-001
  2.1760000e+001 -1.3468000e-001
  2.1770000e+001 -1.1025000e-001
  2.1780000e+001 -8.2945000e-002
  2.1790000e+001 -5.7407000e-002
  2.1800000e+001 -3.3664000e-002
  2.1810000e+001 -3.3181000e-003
  2.1820000e+001  2.8053000e-002
  2.1830000e+001  3.9051000e-002
  2.1840000e+001  2.0813000e-002
  2.1850000e+001 -1.1360000e-002
  2.1860000e+001 -4.2580000e-002
  2.1870000e+001 -7.0251000e-002
  2.1880000e+001 -9.0387000e-002
  2.1890000e+001 -9.4276000e-002
  2.1900000e+001 -8.6104000e-002
  2.1910000e+001 -8.0623000e-002
  2.1920000e+001 -8.0259000e-002
  2.1930000e+001 -7.2000000e-002
  2.1940000e+001 -5.0555000e-002
  2.1950000e+001 -2.5879000e-002
  2.1960000e+001 -4.2478000e-003
  2.1970000e+001  1.9335000e-002
  2.1980000e+001  4.4552000e-002
  2.1990000e+001  5.9439000e-002
  2.2000000e+001  5.7560000e-002
  2.2010000e+001  4.7951000e-002
  2.2020000e+001  4.0508000e-002
  2.2030000e+001  3.3860000e-002
  2.2040000e+001  2.3066000e-002
  2.2050000e+001  1.0186000e-002
  2.2060000e+001 -4.5460000e-004
  2.2070000e+001 -1.0188000e-002
  2.2080000e+001 -2.2854000e-002
  2.2090000e+001 -3.6590000e-002
  2.2100000e+001 -4.4138000e-002
  2.2110000e+001 -4.0313000e-002
  2.2120000e+001 -2.6415000e-002
  2.2130000e+001 -8.0154000e-003
  2.2140000e+001  8.8447000e-003
  2.2150000e+001  2.0729000e-002
  2.2160000e+001  2.8454000e-002
  2.2170000e+001  3.5567000e-002
  2.2180000e+001  4.1512000e-002
  2.2190000e+001  3.9141000e-002
  2.2200000e+001  2.1692000e-002
  2.2210000e+001 -7.5864000e-003
  2.2220000e+001 -3.5544000e-002
  2.2230000e+001 -4.8617000e-002
  2.2240000e+001 -4.3465000e-002
  2.2250000e+001 -2.8858000e-002
  2.2260000e+001 -1.5454000e-002
  2.2270000e+001 -5.5822000e-003
  2.2280000e+001  5.6258000e-003
  2.2290000e+001  2.0443000e-002
  2.2300000e+001  3.3157000e-002
  2.2310000e+001  3.4918000e-002
  2.2320000e+001  2.1789000e-002
  2.2330000e+001 -2.2378000e-003
  2.2340000e+001 -2.7774000e-002
  2.2350000e+001 -4.3239000e-002
  2.2360000e+001 -4.1166000e-002
  2.2370000e+001 -2.4390000e-002
  2.2380000e+001 -3.5015000e-003
  2.2390000e+001  1.4027000e-002
  2.2400000e+001  2.8289000e-002
  2.2410000e+001  3.8899000e-002
  2.2420000e+001  3.8332000e-002
  2.2430000e+001  2.0568000e-002
  2.2440000e+001 -4.7239000e-003
  2.2450000e+001 -1.5596000e-002
  2.2460000e+001 -8.0223000e-004
  2.2470000e+001  2.6244000e-002
  2.2480000e+001  4.3650000e-002
  2.2490000e+001  4.5785000e-002
  2.2500000e+001  4.3388000e-002
  2.2510000e+001  4.4468000e-002
  2.2520000e+001  4.6586000e-002
  2.2530000e+001  4.6296000e-002
  2.2540000e+001  4.5752000e-002
  2.2550000e+001  4.8107000e-002
  2.2560000e+001  5.3382000e-002
  2.2570000e+001  6.0717000e-002
  2.2580000e+001  6.9621000e-002
  2.2590000e+001  7.8484000e-002
  2.2600000e+001  8.6148000e-002
  2.2610000e+001  9.4291000e-002
  2.2620000e+001  1.0379000e-001
  2.2630000e+001  1.1082000e-001
  2.2640000e+001  1.1069000e-001
  2.2650000e+001  1.0434000e-001
  2.2660000e+001  9.6590000e-002
  2.2670000e+001  8.9994000e-002
  2.2680000e+001  8.3761000e-002
  2.2690000e+001  7.6960000e-002
  2.2700000e+001  6.9155000e-002
  2.2710000e+001  5.8918000e-002
  2.2720000e+001  4.5205000e-002
  2.2730000e+001  2.9809000e-002
  2.2740000e+001  1.5632000e-002
  2.2750000e+001  2.5260000e-003
  2.2760000e+001 -1.2225000e-002
  2.2770000e+001 -2.8254000e-002
  2.2780000e+001 -3.9912000e-002
  2.2790000e+001 -4.1789000e-002
  2.2800000e+001 -3.5038000e-002
  2.2810000e+001 -2.5693000e-002
  2.2820000e+001 -1.7932000e-002
  2.2830000e+001 -1.1124000e-002
  2.2840000e+001 -2.9236000e-003
  2.2850000e+001  6.1973000e-003
  2.2860000e+001  1.2009000e-002
  2.2870000e+001  1.0120000e-002
  2.2880000e+001  6.7838000e-004
  2.2890000e+001 -1.0953000e-002
  2.2900000e+001 -1.7803000e-002
  2.2910000e+001 -1.5783000e-002
  2.2920000e+001 -6.0854000e-003
  2.2930000e+001  6.2202000e-003
  2.2940000e+001  1.6896000e-002
  2.2950000e+001  2.6346000e-002
  2.2960000e+001  3.7593000e-002
  2.2970000e+001  5.0036000e-002
  2.2980000e+001  5.8318000e-002
  2.2990000e+001  5.8777000e-002
  2.3000000e+001  5.2490000e-002
  2.3010000e+001  4.0082000e-002
  2.3020000e+001  1.9442000e-002
  2.3030000e+001 -6.5240000e-003
  2.3040000e+001 -2.6502000e-002
  2.3050000e+001 -3.0562000e-002
  2.3060000e+001 -2.1244000e-002
  2.3070000e+001 -8.8916000e-003
  2.3080000e+001  6.9918000e-004
  2.3090000e+001  9.5156000e-003
  2.3100000e+001  2.0278000e-002
  2.3110000e+001  3.1591000e-002
  2.3120000e+001  4.0001000e-002
  2.3130000e+001  4.3801000e-002
  2.3140000e+001  4.4125000e-002
  2.3150000e+001  4.3106000e-002
  2.3160000e+001  4.2053000e-002
  2.3170000e+001  4.1334000e-002
  2.3180000e+001  4.1308000e-002
  2.3190000e+001  4.1439000e-002
  2.3200000e+001  3.8286000e-002
  2.3210000e+001  2.6766000e-002
  2.3220000e+001  5.7555000e-003
  2.3230000e+001 -1.8682000e-002
  2.3240000e+001 -3.7459000e-002
  2.3250000e+001 -4.5936000e-002
  2.3260000e+001 -4.6854000e-002
  2.3270000e+001 -4.5881000e-002
  2.3280000e+001 -4.5830000e-002
  2.3290000e+001 -4.6054000e-002
  2.3300000e+001 -4.6135000e-002
  2.3310000e+001 -4.6536000e-002
  2.3320000e+001 -4.5334000e-002
  2.3330000e+001 -3.8178000e-002
  2.3340000e+001 -2.4262000e-002
  2.3350000e+001 -9.0960000e-003
  2.3360000e+001  1.8373000e-003
  2.3370000e+001  9.3408000e-003
  2.3380000e+001  1.7346000e-002
  2.3390000e+001  2.4962000e-002
  2.3400000e+001  2.6325000e-002
  2.3410000e+001  1.7986000e-002
  2.3420000e+001  3.7896000e-003
  2.3430000e+001 -9.9272000e-003
  2.3440000e+001 -2.1177000e-002
  2.3450000e+001 -3.2890000e-002
  2.3460000e+001 -4.7002000e-002
  2.3470000e+001 -6.0032000e-002
  2.3480000e+001 -6.5905000e-002
  2.3490000e+001 -6.2365000e-002
  2.3500000e+001 -5.3289000e-002
  2.3510000e+001 -4.4089000e-002
  2.3520000e+001 -3.7013000e-002
  2.3530000e+001 -3.0445000e-002
  2.3540000e+001 -2.2371000e-002
  2.3550000e+001 -1.3944000e-002
  2.3560000e+001 -8.9726000e-003
  2.3570000e+001 -9.1985000e-003
  2.3580000e+001 -1.1540000e-002
  2.3590000e+001 -1.1606000e-002
  2.3600000e+001 -8.1148000e-003
  2.3610000e+001 -2.7688000e-003
  2.3620000e+001  2.9487000e-003
  2.3630000e+001  7.5753000e-003
  2.3640000e+001  8.3202000e-003
  2.3650000e+001  2.9887000e-003
  2.3660000e+001 -6.4085000e-003
  2.3670000e+001 -1.5673000e-002
  2.3680000e+001 -2.3187000e-002
  2.3690000e+001 -3.0864000e-002
  2.3700000e+001 -4.0117000e-002
  2.3710000e+001 -4.8935000e-002
  2.3720000e+001 -5.3458000e-002
  2.3730000e+001 -5.2291000e-002
  2.3740000e+001 -4.8613000e-002
  2.3750000e+001 -4.5800000e-002
  2.3760000e+001 -4.1309000e-002
  2.3770000e+001 -2.8342000e-002
  2.3780000e+001 -5.6275000e-003
  2.3790000e+001  1.8218000e-002
  2.3800000e+001  3.3391000e-002
  2.3810000e+001  3.8748000e-002
  2.3820000e+001  4.0193000e-002
  2.3830000e+001  4.2074000e-002
  2.3840000e+001  4.4673000e-002
  2.3850000e+001  4.7262000e-002
  2.3860000e+001  4.9941000e-002
  2.3870000e+001  5.2014000e-002
  2.3880000e+001  5.0811000e-002
  2.3890000e+001  4.3416000e-002
  2.3900000e+001  3.0994000e-002
  2.3910000e+001  1.8889000e-002
  2.3920000e+001  9.9619000e-003
  2.3930000e+001  4.2152000e-004
  2.3940000e+001 -1.2945000e-002
  2.3950000e+001 -2.4787000e-002
  2.3960000e+001 -2.7178000e-002
  2.3970000e+001 -2.0136000e-002
  2.3980000e+001 -9.2021000e-003
  2.3990000e+001  3.9200000e-003
  2.4000000e+001  1.7826000e-002
  2.4010000e+001  2.3973000e-002
  2.4020000e+001  1.5827000e-002
  2.4030000e+001  2.2119000e-003
  2.4040000e+001 -1.8304000e-003
  2.4050000e+001  4.7354000e-003
  2.4060000e+001  1.1339000e-002
  2.4070000e+001  1.3560000e-002
  2.4080000e+001  1.6625000e-002
  2.4090000e+001  2.2727000e-002
  2.4100000e+001  2.7359000e-002
  2.4110000e+001  2.7438000e-002
  2.4120000e+001  2.4567000e-002
  2.4130000e+001  2.0254000e-002
  2.4140000e+001  1.4704000e-002
  2.4150000e+001  9.3939000e-003
  2.4160000e+001  5.2827000e-003
  2.4170000e+001  7.3928000e-004
  2.4180000e+001 -4.8461000e-003
  2.4190000e+001 -8.8809000e-003
  2.4200000e+001 -1.0014000e-002
  2.4210000e+001 -1.0660000e-002
  2.4220000e+001 -1.2462000e-002
  2.4230000e+001 -1.3950000e-002
  2.4240000e+001 -1.4496000e-002
  2.4250000e+001 -1.5991000e-002
  2.4260000e+001 -1.7915000e-002
  2.4270000e+001 -1.5982000e-002
  2.4280000e+001 -8.1284000e-003
  2.4290000e+001  2.2129000e-003
  2.4300000e+001  1.1661000e-002
  2.4310000e+001  2.1145000e-002
  2.4320000e+001  3.1497000e-002
  2.4330000e+001  3.8704000e-002
  2.4340000e+001  3.7714000e-002
  2.4350000e+001  2.9263000e-002
  2.4360000e+001  1.8890000e-002
  2.4370000e+001  1.0307000e-002
  2.4380000e+001  2.4869000e-003
  2.4390000e+001 -6.9470000e-003
  2.4400000e+001 -1.7229000e-002
  2.4410000e+001 -2.4054000e-002
  2.4420000e+001 -2.3574000e-002
  2.4430000e+001 -1.6759000e-002
  2.4440000e+001 -8.1297000e-003
  2.4450000e+001 -9.6655000e-004
  2.4460000e+001  4.8181000e-003
  2.4470000e+001  1.0018000e-002
  2.4480000e+001  1.4475000e-002
  2.4490000e+001  1.8303000e-002
  2.4500000e+001  2.2546000e-002
  2.4510000e+001  2.7281000e-002
  2.4520000e+001  3.1465000e-002
  2.4530000e+001  3.5164000e-002
  2.4540000e+001  3.9614000e-002
  2.4550000e+001  4.4261000e-002
  2.4560000e+001  4.6933000e-002
  2.4570000e+001  4.7659000e-002
  2.4580000e+001  4.8099000e-002
  2.4590000e+001  4.6098000e-002
  2.4600000e+001  3.5753000e-002
  2.4610000e+001  1.5978000e-002
  2.4620000e+001 -5.0160000e-003
  2.4630000e+001 -1.7504000e-002
  2.4640000e+001 -2.0164000e-002
  2.4650000e+001 -1.9073000e-002
  2.4660000e+001 -1.8806000e-002
  2.4670000e+001 -1.9218000e-002
  2.4680000e+001 -1.9201000e-002
  2.4690000e+001 -1.9198000e-002
  2.4700000e+001 -1.9372000e-002
  2.4710000e+001 -1.8709000e-002
  2.4720000e+001 -1.6452000e-002
  2.4730000e+001 -1.3217000e-002
  2.4740000e+001 -1.0115000e-002
  2.4750000e+001 -7.5239000e-003
  2.4760000e+001 -4.8636000e-003
  2.4770000e+001 -1.5239000e-003
  2.4780000e+001  1.6729000e-003
  2.4790000e+001  2.4669000e-003
  2.4800000e+001 -4.3172000e-004
  2.4810000e+001 -5.4251000e-003
  2.4820000e+001 -9.9473000e-003
  2.4830000e+001 -1.3500000e-002
  2.4840000e+001 -1.7407000e-002
  2.4850000e+001 -2.2188000e-002
  2.4860000e+001 -2.6664000e-002
  2.4870000e+001 -2.9596000e-002
  2.4880000e+001 -3.0994000e-002
  2.4890000e+001 -3.1838000e-002
  2.4900000e+001 -3.2879000e-002
  2.4910000e+001 -3.3940000e-002
  2.4920000e+001 -3.4319000e-002
  2.4930000e+001 -3.3887000e-002
  2.4940000e+001 -3.3297000e-002
  2.4950000e+001 -3.2880000e-002
  2.4960000e+001 -3.2297000e-002
  2.4970000e+001 -3.1494000e-002
  2.4980000e+001 -3.1038000e-002
  2.4990000e+001 -3.0579000e-002
  2.5000000e+001 -2.8418000e-002
  2.5010000e+001 -2.3543000e-002
  2.5020000e+001 -1.7192000e-002
  2.5030000e+001 -1.1137000e-002
  2.5040000e+001 -5.6372000e-003
  2.5050000e+001  1.7755000e-004
  2.5060000e+001  6.5887000e-003
  2.5070000e+001  1.2799000e-002
  2.5080000e+001  1.7647000e-002
  2.5090000e+001  2.0734000e-002
  2.5100000e+001  2.2901000e-002
  2.5110000e+001  2.5377000e-002
  2.5120000e+001  2.8278000e-002
  2.5130000e+001  3.0689000e-002
  2.5140000e+001  3.2395000e-002
  2.5150000e+001  3.4306000e-002
  2.5160000e+001  3.6632000e-002
  2.5170000e+001  3.8398000e-002
  2.5180000e+001  3.9484000e-002
  2.5190000e+001  4.1300000e-002
  2.5200000e+001  4.3889000e-002
  2.5210000e+001  4.4254000e-002
  2.5220000e+001  3.9412000e-002
  2.5230000e+001  3.0195000e-002
  2.5240000e+001  2.0034000e-002
  2.5250000e+001  1.0805000e-002
  2.5260000e+001  1.6444000e-003
  2.5270000e+001 -8.5405000e-003
  2.5280000e+001 -1.8740000e-002
  2.5290000e+001 -2.6554000e-002
  2.5300000e+001 -3.0601000e-002
  2.5310000e+001 -3.1783000e-002
  2.5320000e+001 -3.2020000e-002
  2.5330000e+001 -3.2528000e-002
  2.5340000e+001 -3.3363000e-002
  2.5350000e+001 -3.4118000e-002
  2.5360000e+001 -3.4553000e-002
  2.5370000e+001 -3.4819000e-002
  2.5380000e+001 -3.5338000e-002
  2.5390000e+001 -3.5942000e-002
  2.5400000e+001 -3.4629000e-002
  2.5410000e+001 -2.8596000e-002
  2.5420000e+001 -1.7807000e-002
  2.5430000e+001 -5.8345000e-003
  2.5440000e+001  4.4674000e-003
  2.5450000e+001  1.4305000e-002
  2.5460000e+001  2.5892000e-002
  2.5470000e+001  3.7316000e-002
  2.5480000e+001  4.3777000e-002
  2.5490000e+001  4.3596000e-002
  2.5500000e+001  4.0217000e-002
  2.5510000e+001  3.7373000e-002
  2.5520000e+001  3.5458000e-002
  2.5530000e+001  3.3214000e-002
  2.5540000e+001  3.0507000e-002
  2.5550000e+001  2.8015000e-002
  2.5560000e+001  2.5788000e-002
  2.5570000e+001  2.3471000e-002
  2.5580000e+001  2.1061000e-002
  2.5590000e+001  1.8714000e-002
  2.5600000e+001  1.6317000e-002
  2.5610000e+001  1.3846000e-002
  2.5620000e+001  1.1493000e-002
  2.5630000e+001  9.1555000e-003
  2.5640000e+001  6.4991000e-003
  2.5650000e+001  3.4363000e-003
  2.5660000e+001  2.1007000e-004
  2.5670000e+001 -3.0397000e-003
  2.5680000e+001 -6.4339000e-003
  2.5690000e+001 -1.0320000e-002
  2.5700000e+001 -1.4958000e-002
  2.5710000e+001 -2.0017000e-002
  2.5720000e+001 -2.4773000e-002
  2.5730000e+001 -2.9243000e-002
  2.5740000e+001 -3.4327000e-002
  2.5750000e+001 -3.9814000e-002
  2.5760000e+001 -4.3279000e-002
  2.5770000e+001 -4.2530000e-002
  2.5780000e+001 -3.8457000e-002
  2.5790000e+001 -3.3823000e-002
  2.5800000e+001 -2.9892000e-002
  2.5810000e+001 -2.5962000e-002
  2.5820000e+001 -2.1577000e-002
  2.5830000e+001 -1.7325000e-002
  2.5840000e+001 -1.3397000e-002
  2.5850000e+001 -9.0256000e-003
  2.5860000e+001 -3.8893000e-003
  2.5870000e+001  1.1391000e-003
  2.5880000e+001  5.3880000e-003
  2.5890000e+001  9.6404000e-003
  2.5900000e+001  1.5022000e-002
  2.5910000e+001  2.0693000e-002
  2.5920000e+001  2.3492000e-002
  2.5930000e+001  2.0604000e-002
  2.5940000e+001  1.2712000e-002
  2.5950000e+001  3.3950000e-003
  2.5960000e+001 -4.7194000e-003
  2.5970000e+001 -1.2269000e-002
  2.5980000e+001 -2.1227000e-002
  2.5990000e+001 -3.0893000e-002
  2.6000000e+001 -3.6735000e-002
  2.6010000e+001 -3.4223000e-002
  2.6020000e+001 -2.4273000e-002
  2.6030000e+001 -1.2545000e-002
  2.6040000e+001 -2.9696000e-003
  2.6050000e+001  5.9164000e-003
  2.6060000e+001  1.6928000e-002
  2.6070000e+001  2.8563000e-002
  2.6080000e+001  3.5485000e-002
  2.6090000e+001  3.3632000e-002
  2.6100000e+001  2.3862000e-002
  2.6110000e+001  1.1010000e-002
  2.6120000e+001 -5.2754000e-006
  2.6130000e+001 -8.8145000e-003
  2.6140000e+001 -1.9695000e-002
  2.6150000e+001 -3.3197000e-002
  2.6160000e+001 -4.0222000e-002
  2.6170000e+001 -3.0493000e-002
  2.6180000e+001 -7.4295000e-003
  2.6190000e+001  1.3775000e-002
  2.6200000e+001  2.2801000e-002
  2.6210000e+001  2.3180000e-002
  2.6220000e+001  2.2955000e-002
  2.6230000e+001  2.4458000e-002
  2.6240000e+001  2.5568000e-002
  2.6250000e+001  2.5294000e-002
  2.6260000e+001  2.3937000e-002
  2.6270000e+001  2.1361000e-002
  2.6280000e+001  1.7759000e-002
  2.6290000e+001  1.4057000e-002
  2.6300000e+001  1.0905000e-002
  2.6310000e+001  9.1213000e-003
  2.6320000e+001  1.0556000e-002
  2.6330000e+001  1.5766000e-002
  2.6340000e+001  2.2134000e-002
  2.6350000e+001  2.7104000e-002
  2.6360000e+001  3.2202000e-002
  2.6370000e+001  3.8979000e-002
  2.6380000e+001  4.2487000e-002
  2.6390000e+001  3.4560000e-002
  2.6400000e+001  1.5169000e-002
  2.6410000e+001 -4.2015000e-003
  2.6420000e+001 -1.0999000e-002
  2.6430000e+001 -2.7186000e-003
  2.6440000e+001  1.3496000e-002
  2.6450000e+001  2.9343000e-002
  2.6460000e+001  3.9598000e-002
  2.6470000e+001  4.2075000e-002
  2.6480000e+001  3.8043000e-002
  2.6490000e+001  3.1874000e-002
  2.6500000e+001  2.6996000e-002
  2.6510000e+001  2.3042000e-002
  2.6520000e+001  1.8176000e-002
  2.6530000e+001  1.2663000e-002
  2.6540000e+001  8.3112000e-003
  2.6550000e+001  5.5886000e-003
  2.6560000e+001  3.3868000e-003
  2.6570000e+001  1.1312000e-003
  2.6580000e+001 -1.0798000e-003
  2.6590000e+001 -3.6602000e-003
  2.6600000e+001 -7.3463000e-003
  2.6610000e+001 -1.1890000e-002
  2.6620000e+001 -1.6274000e-002
  2.6630000e+001 -2.0135000e-002
  2.6640000e+001 -2.4183000e-002
  2.6650000e+001 -2.8874000e-002
  2.6660000e+001 -3.3222000e-002
  2.6670000e+001 -3.5750000e-002
  2.6680000e+001 -3.6286000e-002
  2.6690000e+001 -3.6082000e-002
  2.6700000e+001 -3.6058000e-002
  2.6710000e+001 -3.6131000e-002
  2.6720000e+001 -3.6106000e-002
  2.6730000e+001 -3.6204000e-002
  2.6740000e+001 -3.6274000e-002
  2.6750000e+001 -3.5612000e-002
  2.6760000e+001 -3.3999000e-002
  2.6770000e+001 -3.2147000e-002
  2.6780000e+001 -3.0654000e-002
  2.6790000e+001 -2.9207000e-002
  2.6800000e+001 -2.7291000e-002
  2.6810000e+001 -2.5046000e-002
  2.6820000e+001 -2.3128000e-002
  2.6830000e+001 -2.1988000e-002
  2.6840000e+001 -2.1610000e-002
  2.6850000e+001 -2.1669000e-002
  2.6860000e+001 -2.1824000e-002
  2.6870000e+001 -2.1852000e-002
  2.6880000e+001 -2.1761000e-002
  2.6890000e+001 -2.1690000e-002
  2.6900000e+001 -2.1814000e-002
  2.6910000e+001 -2.2417000e-002
  2.6920000e+001 -2.3873000e-002
  2.6930000e+001 -2.6100000e-002
  2.6940000e+001 -2.8332000e-002
  2.6950000e+001 -2.9916000e-002
  2.6960000e+001 -3.1289000e-002
  2.6970000e+001 -3.3347000e-002
  2.6980000e+001 -3.5241000e-002
  2.6990000e+001 -3.4075000e-002
  2.7000000e+001 -2.8067000e-002
  2.7010000e+001 -1.9256000e-002
  2.7020000e+001 -1.1084000e-002
  2.7030000e+001 -4.2207000e-003
  2.7040000e+001  3.2431000e-003
  2.7050000e+001  1.1950000e-002
  2.7060000e+001  1.9359000e-002
  2.7070000e+001  2.2074000e-002
  2.7080000e+001  1.8879000e-002
  2.7090000e+001  1.2013000e-002
  2.7100000e+001  5.1908000e-003
  2.7110000e+001  1.6973000e-004
  2.7120000e+001 -4.9387000e-003
  2.7130000e+001 -1.2062000e-002
  2.7140000e+001 -1.8489000e-002
  2.7150000e+001 -1.9031000e-002
  2.7160000e+001 -1.2713000e-002
  2.7170000e+001 -3.6654000e-003
  2.7180000e+001  5.1791000e-003
  2.7190000e+001  1.4302000e-002
  2.7200000e+001  2.3005000e-002
  2.7210000e+001  2.7369000e-002
  2.7220000e+001  2.5122000e-002
  2.7230000e+001  1.9183000e-002
  2.7240000e+001  1.3794000e-002
  2.7250000e+001  9.7955000e-003
  2.7260000e+001  5.3153000e-003
  2.7270000e+001 -3.0269000e-004
  2.7280000e+001 -5.2186000e-003
  2.7290000e+001 -7.1228000e-003
  2.7300000e+001 -5.7356000e-003
  2.7310000e+001 -2.8991000e-003
  2.7320000e+001 -1.8274000e-004
  2.7330000e+001  2.2959000e-003
  2.7340000e+001  4.5857000e-003
  2.7350000e+001  5.8509000e-003
  2.7360000e+001  5.8371000e-003
  2.7370000e+001  5.5294000e-003
  2.7380000e+001  5.5876000e-003
  2.7390000e+001  5.5868000e-003
  2.7400000e+001  5.5192000e-003
  2.7410000e+001  5.7013000e-003
  2.7420000e+001  5.1959000e-003
  2.7430000e+001  2.7542000e-003
  2.7440000e+001 -9.4392000e-004
  2.7450000e+001 -5.0663000e-003
  2.7460000e+001 -9.6612000e-003
  2.7470000e+001 -1.1986000e-002
  2.7480000e+001 -5.8105000e-003
  2.7490000e+001  9.7564000e-003
  2.7500000e+001  2.4655000e-002
  2.7510000e+001  2.6994000e-002
  2.7520000e+001  1.5219000e-002
  2.7530000e+001 -3.3435000e-003
  2.7540000e+001 -2.2697000e-002
  2.7550000e+001 -3.9454000e-002
  2.7560000e+001 -4.9299000e-002
  2.7570000e+001 -4.9592000e-002
  2.7580000e+001 -4.4388000e-002
  2.7590000e+001 -3.9805000e-002
  2.7600000e+001 -3.7207000e-002
  2.7610000e+001 -3.4158000e-002
  2.7620000e+001 -2.9966000e-002
  2.7630000e+001 -2.6047000e-002
  2.7640000e+001 -2.2742000e-002
  2.7650000e+001 -1.8994000e-002
  2.7660000e+001 -1.4588000e-002
  2.7670000e+001 -1.0277000e-002
  2.7680000e+001 -6.3082000e-003
  2.7690000e+001 -2.2376000e-003
  2.7700000e+001  2.1740000e-003
  2.7710000e+001  6.1831000e-003
  2.7720000e+001  8.1487000e-003
  2.7730000e+001  7.0075000e-003
  2.7740000e+001  3.9347000e-003
  2.7750000e+001  1.1006000e-003
  2.7760000e+001 -8.1421000e-004
  2.7770000e+001 -2.9173000e-003
  2.7780000e+001 -5.8770000e-003
  2.7790000e+001 -8.4241000e-003
  2.7800000e+001 -7.9088000e-003
  2.7810000e+001 -2.7040000e-003
  2.7820000e+001  5.4839000e-003
  2.7830000e+001  1.3025000e-002
  2.7840000e+001  1.8929000e-002
  2.7850000e+001  2.5852000e-002
  2.7860000e+001  3.4288000e-002
  2.7870000e+001  3.9566000e-002
  2.7880000e+001  3.7958000e-002
  2.7890000e+001  3.2191000e-002
  2.7900000e+001  2.6360000e-002
  2.7910000e+001  2.0349000e-002
  2.7920000e+001  1.3327000e-002
  2.7930000e+001  7.3652000e-003
  2.7940000e+001  2.6735000e-003
  2.7950000e+001 -4.4997000e-003
  2.7960000e+001 -1.5618000e-002
  2.7970000e+001 -2.7884000e-002
  2.7980000e+001 -4.1293000e-002
  2.7990000e+001 -5.7104000e-002
  2.8000000e+001 -6.7360000e-002
  2.8010000e+001 -5.7635000e-002
  2.8020000e+001 -2.8184000e-002
  2.8030000e+001  1.5466000e-003
  2.8040000e+001  1.5495000e-002
  2.8050000e+001  1.8950000e-002
  2.8060000e+001  2.4568000e-002
  2.8070000e+001  3.3777000e-002
  2.8080000e+001  3.9742000e-002
  2.8090000e+001  4.0758000e-002
  2.8100000e+001  4.0411000e-002
  2.8110000e+001  4.0253000e-002
  2.8120000e+001  3.9416000e-002
  2.8130000e+001  3.8363000e-002
  2.8140000e+001  3.8167000e-002
  2.8150000e+001  3.7988000e-002
  2.8160000e+001  3.6329000e-002
  2.8170000e+001  3.2783000e-002
  2.8180000e+001  2.7718000e-002
  2.8190000e+001  2.1935000e-002
  2.8200000e+001  1.6557000e-002
  2.8210000e+001  1.1621000e-002
  2.8220000e+001  5.8629000e-003
  2.8230000e+001 -4.4910000e-004
  2.8240000e+001 -4.1524000e-003
  2.8250000e+001 -2.5401000e-003
  2.8260000e+001  3.2239000e-003
  2.8270000e+001  9.8872000e-003
  2.8280000e+001  1.5821000e-002
  2.8290000e+001  2.1601000e-002
  2.8300000e+001  2.7962000e-002
  2.8310000e+001  3.4286000e-002
  2.8320000e+001  3.8850000e-002
  2.8330000e+001  4.0315000e-002
  2.8340000e+001  3.9258000e-002
  2.8350000e+001  3.7550000e-002
  2.8360000e+001  3.6363000e-002
  2.8370000e+001  3.5325000e-002
  2.8380000e+001  3.3983000e-002
  2.8390000e+001  3.2663000e-002
  2.8400000e+001  3.1508000e-002
  2.8410000e+001  2.9809000e-002
  2.8420000e+001  2.7260000e-002
  2.8430000e+001  2.4574000e-002
  2.8440000e+001  2.2324000e-002
  2.8450000e+001  2.0119000e-002
  2.8460000e+001  1.7457000e-002
  2.8470000e+001  1.4754000e-002
  2.8480000e+001  1.3390000e-002
  2.8490000e+001  1.4740000e-002
  2.8500000e+001  1.8736000e-002
  2.8510000e+001  2.3551000e-002
  2.8520000e+001  2.7534000e-002
  2.8530000e+001  3.1098000e-002
  2.8540000e+001  3.5735000e-002
  2.8550000e+001  4.0796000e-002
  2.8560000e+001  4.2732000e-002
  2.8570000e+001  3.8260000e-002
  2.8580000e+001  2.8175000e-002
  2.8590000e+001  1.6679000e-002
  2.8600000e+001  6.9745000e-003
  2.8610000e+001 -1.9523000e-003
  2.8620000e+001 -1.2839000e-002
  2.8630000e+001 -2.4679000e-002
  2.8640000e+001 -3.2312000e-002
  2.8650000e+001 -3.2513000e-002
  2.8660000e+001 -2.7739000e-002
  2.8670000e+001 -2.1967000e-002
  2.8680000e+001 -1.6408000e-002
  2.8690000e+001 -1.1434000e-002
  2.8700000e+001 -9.0295000e-003
  2.8710000e+001 -1.0324000e-002
  2.8720000e+001 -1.3460000e-002
  2.8730000e+001 -1.6417000e-002
  2.8740000e+001 -1.9056000e-002
  2.8750000e+001 -2.1106000e-002
  2.8760000e+001 -2.1177000e-002
  2.8770000e+001 -1.9263000e-002
  2.8780000e+001 -1.7030000e-002
  2.8790000e+001 -1.5201000e-002
  2.8800000e+001 -1.3331000e-002
  2.8810000e+001 -1.1743000e-002
  2.8820000e+001 -1.0651000e-002
  2.8830000e+001 -8.4513000e-003
  2.8840000e+001 -3.8900000e-003
  2.8850000e+001  1.7195000e-003
  2.8860000e+001  6.9918000e-003
  2.8870000e+001  1.2928000e-002
  2.8880000e+001  1.9451000e-002
  2.8890000e+001  2.2351000e-002
  2.8900000e+001  1.7229000e-002
  2.8910000e+001  5.3915000e-003
  2.8920000e+001 -7.8219000e-003
  2.8930000e+001 -1.9275000e-002
  2.8940000e+001 -3.0298000e-002
  2.8950000e+001 -4.3130000e-002
  2.8960000e+001 -5.6346000e-002
  2.8970000e+001 -6.4519000e-002
  2.8980000e+001 -6.2940000e-002
  2.8990000e+001 -5.3114000e-002
  2.9000000e+001 -4.1238000e-002
  2.9010000e+001 -3.1459000e-002
  2.9020000e+001 -2.2433000e-002
  2.9030000e+001 -1.1605000e-002
  2.9040000e+001 -2.5469000e-004
  2.9050000e+001  7.6348000e-003
  2.9060000e+001  1.0224000e-002
  2.9070000e+001  9.3821000e-003
  2.9080000e+001  7.7981000e-003
  2.9090000e+001  6.6052000e-003
  2.9100000e+001  5.5906000e-003
  2.9110000e+001  4.3411000e-003
  2.9120000e+001  2.9202000e-003
  2.9130000e+001  1.9586000e-003
  2.9140000e+001  2.2031000e-003
  2.9150000e+001  3.6135000e-003
  2.9160000e+001  5.2399000e-003
  2.9170000e+001  6.2793000e-003
  2.9180000e+001  7.0815000e-003
  2.9190000e+001  8.4672000e-003
  2.9200000e+001  1.0139000e-002
  2.9210000e+001  1.0723000e-002
  2.9220000e+001  9.3178000e-003
  2.9230000e+001  6.3909000e-003
  2.9240000e+001  2.9662000e-003
  2.9250000e+001 -1.7559000e-004
  2.9260000e+001 -2.8798000e-003
  2.9270000e+001 -5.6379000e-003
  2.9280000e+001 -8.8133000e-003
  2.9290000e+001 -1.1641000e-002
  2.9300000e+001 -1.3104000e-002
  2.9310000e+001 -1.3735000e-002
  2.9320000e+001 -1.4994000e-002
  2.9330000e+001 -1.6567000e-002
  2.9340000e+001 -1.6074000e-002
  2.9350000e+001 -1.1855000e-002
  2.9360000e+001 -4.6874000e-003
  2.9370000e+001  3.5884000e-003
  2.9380000e+001  1.1202000e-002
  2.9390000e+001  1.6673000e-002
  2.9400000e+001  1.9684000e-002
  2.9410000e+001  2.1689000e-002
  2.9420000e+001  2.4051000e-002
  2.9430000e+001  2.6577000e-002
  2.9440000e+001  2.8845000e-002
  2.9450000e+001  3.1406000e-002
  2.9460000e+001  3.3915000e-002
  2.9470000e+001  3.4028000e-002
  2.9480000e+001  3.0278000e-002
  2.9490000e+001  2.4594000e-002
  2.9500000e+001  1.9690000e-002
  2.9510000e+001  1.5659000e-002
  2.9520000e+001  1.0989000e-002
  2.9530000e+001  5.5757000e-003
  2.9540000e+001  8.2814000e-004
  2.9550000e+001 -1.9768000e-003
  2.9560000e+001 -2.4454000e-003
  2.9570000e+001 -1.2292000e-003
  2.9580000e+001  2.9061000e-005
  2.9590000e+001  2.6969000e-004
  2.9600000e+001  4.0942000e-004
  2.9610000e+001  1.6153000e-003
  2.9620000e+001  2.7113000e-003
  2.9630000e+001  1.7966000e-003
  2.9640000e+001 -6.0059000e-004
  2.9650000e+001 -2.6449000e-003
  2.9660000e+001 -4.6784000e-003
  2.9670000e+001 -8.2090000e-003
  2.9680000e+001 -1.2879000e-002
  2.9690000e+001 -1.7325000e-002
  2.9700000e+001 -2.2026000e-002
  2.9710000e+001 -2.7812000e-002
  2.9720000e+001 -3.1921000e-002
  2.9730000e+001 -2.8945000e-002
  2.9740000e+001 -1.6301000e-002
  2.9750000e+001  2.9382000e-003
  2.9760000e+001  2.2206000e-002
  2.9770000e+001  3.4722000e-002
  2.9780000e+001  3.6843000e-002
  2.9790000e+001  3.0740000e-002
  2.9800000e+001  2.2375000e-002
  2.9810000e+001  1.5871000e-002
  2.9820000e+001  1.0535000e-002
  2.9830000e+001  3.5976000e-003
  2.9840000e+001 -4.4553000e-003
  2.9850000e+001 -8.0150000e-003
  2.9860000e+001 -1.0567000e-003
  2.9870000e+001  1.5246000e-002
  2.9880000e+001  3.1473000e-002
  2.9890000e+001  3.8272000e-002
  2.9900000e+001  3.5078000e-002
  2.9910000e+001  2.8207000e-002
  2.9920000e+001  2.1945000e-002
  2.9930000e+001  1.6008000e-002
  2.9940000e+001  9.7654000e-003
  2.9950000e+001  3.9060000e-003
  2.9960000e+001 -1.7879000e-003
  2.9970000e+001 -8.0975000e-003
  2.9980000e+001 -1.4778000e-002
  2.9990000e+001 -2.1455000e-002
  3.0000000e+001 -2.8810000e-002
  3.0010000e+001 -3.6336000e-002
  3.0020000e+001 -4.0815000e-002
  3.0030000e+001 -3.9163000e-002
  3.0040000e+001 -3.2176000e-002
  3.0050000e+001 -2.3631000e-002
  3.0060000e+001 -1.6602000e-002
  3.0070000e+001 -1.0730000e-002
  3.0080000e+001 -3.0693000e-003
  3.0090000e+001  6.2659000e-003
  3.0100000e+001  1.0257000e-002
  3.0110000e+001  1.2157000e-003
  3.0120000e+001 -1.7702000e-002
  3.0130000e+001 -3.3996000e-002
  3.0140000e+001 -3.9717000e-002
  3.0150000e+001 -3.8890000e-002
  3.0160000e+001 -3.8388000e-002
  3.0170000e+001 -3.8742000e-002
  3.0180000e+001 -3.6968000e-002
  3.0190000e+001 -3.3251000e-002
  3.0200000e+001 -2.9951000e-002
  3.0210000e+001 -2.7482000e-002
  3.0220000e+001 -2.4661000e-002
  3.0230000e+001 -2.1299000e-002
  3.0240000e+001 -1.8231000e-002
  3.0250000e+001 -1.5707000e-002
  3.0260000e+001 -1.3204000e-002
  3.0270000e+001 -1.0531000e-002
  3.0280000e+001 -8.2548000e-003
  3.0290000e+001 -6.7431000e-003
  3.0300000e+001 -5.6510000e-003
  3.0310000e+001 -5.0864000e-003
  3.0320000e+001 -5.8575000e-003
  3.0330000e+001 -7.3975000e-003
  3.0340000e+001 -7.6956000e-003
  3.0350000e+001 -7.2098000e-003
  3.0360000e+001 -8.8835000e-003
  3.0370000e+001 -1.0370000e-002
  3.0380000e+001 -2.1861000e-003
  3.0390000e+001  2.0129000e-002
  3.0400000e+001  4.5351000e-002
  3.0410000e+001  5.7105000e-002
  3.0420000e+001  5.1536000e-002
  3.0430000e+001  3.8778000e-002
  3.0440000e+001  2.7979000e-002
  3.0450000e+001  1.9449000e-002
  3.0460000e+001  9.5355000e-003
  3.0470000e+001 -2.2071000e-003
  3.0480000e+001 -1.1905000e-002
  3.0490000e+001 -1.4738000e-002
  3.0500000e+001 -9.6535000e-003
  3.0510000e+001 -7.8417000e-004
  3.0520000e+001  7.6470000e-003
  3.0530000e+001  1.5389000e-002
  3.0540000e+001  2.3111000e-002
  3.0550000e+001  2.8357000e-002
  3.0560000e+001  2.8986000e-002
  3.0570000e+001  2.7416000e-002
  3.0580000e+001  2.6902000e-002
  3.0590000e+001  2.6897000e-002
  3.0600000e+001  2.5969000e-002
  3.0610000e+001  2.5389000e-002
  3.0620000e+001  2.5221000e-002
  3.0630000e+001  2.1763000e-002
  3.0640000e+001  1.3038000e-002
  3.0650000e+001  2.6866000e-003
  3.0660000e+001 -5.5214000e-003
  3.0670000e+001 -1.2458000e-002
  3.0680000e+001 -1.9732000e-002
  3.0690000e+001 -2.5527000e-002
  3.0700000e+001 -2.7703000e-002
  3.0710000e+001 -2.7460000e-002
  3.0720000e+001 -2.7119000e-002
  3.0730000e+001 -2.7231000e-002
  3.0740000e+001 -2.7381000e-002
  3.0750000e+001 -2.7396000e-002
  3.0760000e+001 -2.6945000e-002
  3.0770000e+001 -2.5874000e-002
  3.0780000e+001 -2.4729000e-002
  3.0790000e+001 -2.3728000e-002
  3.0800000e+001 -2.2392000e-002
  3.0810000e+001 -2.0945000e-002
  3.0820000e+001 -2.0166000e-002
  3.0830000e+001 -1.9123000e-002
  3.0840000e+001 -1.5519000e-002
  3.0850000e+001 -8.8803000e-003
  3.0860000e+001 -9.3887000e-004
  3.0870000e+001  7.4320000e-003
  3.0880000e+001  1.5883000e-002
  3.0890000e+001  2.1577000e-002
  3.0900000e+001  2.0679000e-002
  3.0910000e+001  1.3886000e-002
  3.0920000e+001  6.0708000e-003
  3.0930000e+001  9.7359000e-005
  3.0940000e+001 -5.6487000e-003
  3.0950000e+001 -1.3004000e-002
  3.0960000e+001 -2.0398000e-002
  3.0970000e+001 -2.4645000e-002
  3.0980000e+001 -2.4238000e-002
  3.0990000e+001 -2.0324000e-002
  3.1000000e+001 -1.5279000e-002
  3.1010000e+001 -1.0982000e-002
  3.1020000e+001 -7.4807000e-003
  3.1030000e+001 -3.5356000e-003
  3.1040000e+001  1.1194000e-003
  3.1050000e+001  4.9170000e-003
  3.1060000e+001  6.4669000e-003
  3.1070000e+001  6.4029000e-003
  3.1080000e+001  6.1732000e-003
  3.1090000e+001  6.2716000e-003
  3.1100000e+001  6.3455000e-003
  3.1110000e+001  6.2873000e-003
  3.1120000e+001  6.2794000e-003
  3.1130000e+001  6.3287000e-003
  3.1140000e+001  6.3233000e-003
  3.1150000e+001  6.3065000e-003
  3.1160000e+001  6.3360000e-003
  3.1170000e+001  6.3281000e-003
  3.1180000e+001  6.2795000e-003
  3.1190000e+001  6.3658000e-003
  3.1200000e+001  6.4895000e-003
  3.1210000e+001  6.0424000e-003
  3.1220000e+001  4.4837000e-003
  3.1230000e+001  2.0537000e-003
  3.1240000e+001 -4.6014000e-004
  3.1250000e+001 -2.6858000e-003
  3.1260000e+001 -4.9613000e-003
  3.1270000e+001 -7.7249000e-003
  3.1280000e+001 -1.0446000e-002
  3.1290000e+001 -1.1600000e-002
  3.1300000e+001 -9.8397000e-003
  3.1310000e+001 -5.6693000e-003
  3.1320000e+001 -1.0149000e-003
  3.1330000e+001  2.8714000e-003
  3.1340000e+001  6.6468000e-003
  3.1350000e+001  1.1387000e-002
  3.1360000e+001  1.6212000e-002
  3.1370000e+001  1.8356000e-002
  3.1380000e+001  1.5874000e-002
  3.1390000e+001  9.8071000e-003
  3.1400000e+001  3.0209000e-003
  3.1410000e+001 -2.2647000e-003
  3.1420000e+001 -5.8778000e-003
  3.1430000e+001 -9.0295000e-003
  3.1440000e+001 -1.2593000e-002
  3.1450000e+001 -1.5701000e-002
  3.1460000e+001 -1.6508000e-002
  3.1470000e+001 -1.4292000e-002
  3.1480000e+001 -1.0374000e-002
  3.1490000e+001 -6.8099000e-003
  3.1500000e+001 -4.9225000e-003
  3.1510000e+001 -5.0606000e-003
  3.1520000e+001 -6.8914000e-003
  3.1530000e+001 -9.5289000e-003
  3.1540000e+001 -1.1665000e-002
  3.1550000e+001 -1.2025000e-002
  3.1560000e+001 -1.0037000e-002
  3.1570000e+001 -6.4346000e-003
  3.1580000e+001 -2.8729000e-003
  3.1590000e+001 -2.7451000e-004
  3.1600000e+001  2.2223000e-003
  3.1610000e+001  5.6233000e-003
  3.1620000e+001  8.5476000e-003
  3.1630000e+001  8.3945000e-003
  3.1640000e+001  4.7143000e-003
  3.1650000e+001 -3.8390000e-004
  3.1660000e+001 -5.2688000e-003
  3.1670000e+001 -9.9527000e-003
  3.1680000e+001 -1.4839000e-002
  3.1690000e+001 -1.9871000e-002
  3.1700000e+001 -2.4447000e-002
  3.1710000e+001 -2.7156000e-002
  3.1720000e+001 -2.6963000e-002
  3.1730000e+001 -2.5295000e-002
  3.1740000e+001 -2.4514000e-002
  3.1750000e+001 -2.4030000e-002
  3.1760000e+001 -2.0934000e-002
  3.1770000e+001 -1.4956000e-002
  3.1780000e+001 -8.6563000e-003
  3.1790000e+001 -2.6960000e-003
  3.1800000e+001  4.3031000e-003
  3.1810000e+001  1.0678000e-002
  3.1820000e+001  1.2439000e-002
  3.1830000e+001  9.2071000e-003
  3.1840000e+001  3.8316000e-003
  3.1850000e+001 -3.9516000e-003
  3.1860000e+001 -1.6259000e-002
  3.1870000e+001 -2.9302000e-002
  3.1880000e+001 -3.4651000e-002
  3.1890000e+001 -2.9757000e-002
  3.1900000e+001 -2.0870000e-002
  3.1910000e+001 -1.3670000e-002
  3.1920000e+001 -7.5240000e-003
  3.1930000e+001 -1.5694000e-004
  3.1940000e+001  7.6542000e-003
  3.1950000e+001  1.4370000e-002
  3.1960000e+001  2.0070000e-002
  3.1970000e+001  2.4939000e-002
  3.1980000e+001  2.8645000e-002
  3.1990000e+001  3.1922000e-002
  3.2000000e+001  3.6086000e-002
  3.2010000e+001  4.0421000e-002
  3.2020000e+001  4.2505000e-002
  3.2030000e+001  4.1301000e-002
  3.2040000e+001  3.8058000e-002
  3.2050000e+001  3.4289000e-002
  3.2060000e+001  3.0567000e-002
  3.2070000e+001  2.7029000e-002
  3.2080000e+001  2.3558000e-002
  3.2090000e+001  1.9822000e-002
  3.2100000e+001  1.6007000e-002
  3.2110000e+001  1.2886000e-002
  3.2120000e+001  1.0613000e-002
  3.2130000e+001  8.4454000e-003
  3.2140000e+001  5.8992000e-003
  3.2150000e+001  3.3349000e-003
  3.2160000e+001  9.5324000e-004
  3.2170000e+001 -1.5249000e-003
  3.2180000e+001 -3.8861000e-003
  3.2190000e+001 -5.0300000e-003
  3.2200000e+001 -4.3736000e-003
  3.2210000e+001 -2.7862000e-003
  3.2220000e+001 -1.5094000e-003
  3.2230000e+001 -7.5957000e-004
  3.2240000e+001  1.3843000e-004
  3.2250000e+001  1.5288000e-003
  3.2260000e+001  2.8793000e-003
  3.2270000e+001  3.3477000e-003
  3.2280000e+001  2.8177000e-003
  3.2290000e+001  1.9724000e-003
  3.2300000e+001  1.3752000e-003
  3.2310000e+001  8.3481000e-004
  3.2320000e+001  1.4283000e-005
  3.2330000e+001 -8.4650000e-004
  3.2340000e+001 -1.4049000e-003
  3.2350000e+001 -2.1562000e-003
  3.2360000e+001 -3.8180000e-003
  3.2370000e+001 -6.0025000e-003
  3.2380000e+001 -7.6996000e-003
  3.2390000e+001 -8.9852000e-003
  3.2400000e+001 -1.0899000e-002
  3.2410000e+001 -1.3559000e-002
  3.2420000e+001 -1.5431000e-002
  3.2430000e+001 -1.4930000e-002
  3.2440000e+001 -1.2056000e-002
  3.2450000e+001 -8.1349000e-003
  3.2460000e+001 -4.4300000e-003
  3.2470000e+001 -1.2866000e-003
  3.2480000e+001  1.9099000e-003
  3.2490000e+001  5.8088000e-003
  3.2500000e+001  9.5938000e-003
  3.2510000e+001  1.1327000e-002
  3.2520000e+001  1.0419000e-002
  3.2530000e+001  8.5133000e-003
  3.2540000e+001  7.0753000e-003
  3.2550000e+001  5.8180000e-003
  3.2560000e+001  4.2172000e-003
  3.2570000e+001  2.9902000e-003
  3.2580000e+001  3.1095000e-003
  3.2590000e+001  4.6500000e-003
  3.2600000e+001  7.1296000e-003
  3.2610000e+001  9.8127000e-003
  3.2620000e+001  1.1918000e-002
  3.2630000e+001  1.3865000e-002
  3.2640000e+001  1.7007000e-002
  3.2650000e+001  1.9537000e-002
  3.2660000e+001  1.5704000e-002
  3.2670000e+001  2.8146000e-003
  3.2680000e+001 -1.2662000e-002
  3.2690000e+001 -2.1402000e-002
  3.2700000e+001 -2.1417000e-002
  3.2710000e+001 -1.8257000e-002
  3.2720000e+001 -1.6174000e-002
  3.2730000e+001 -1.4822000e-002
  3.2740000e+001 -1.3073000e-002
  3.2750000e+001 -1.1430000e-002
  3.2760000e+001 -9.9616000e-003
  3.2770000e+001 -7.7032000e-003
  3.2780000e+001 -4.3196000e-003
  3.2790000e+001 -5.3740000e-004
  3.2800000e+001  3.0676000e-003
  3.2810000e+001  6.5065000e-003
  3.2820000e+001  1.0004000e-002
  3.2830000e+001  1.3688000e-002
  3.2840000e+001  1.7205000e-002
  3.2850000e+001  1.9870000e-002
  3.2860000e+001  2.1688000e-002
  3.2870000e+001  2.3488000e-002
  3.2880000e+001  2.5546000e-002
  3.2890000e+001  2.7241000e-002
  3.2900000e+001  2.8598000e-002
  3.2910000e+001  3.0465000e-002
  3.2920000e+001  3.2147000e-002
  3.2930000e+001  3.0892000e-002
  3.2940000e+001  2.5184000e-002
  3.2950000e+001  1.7078000e-002
  3.2960000e+001  9.5514000e-003
  3.2970000e+001  3.0519000e-003
  3.2980000e+001 -3.9783000e-003
  3.2990000e+001 -1.1999000e-002
  3.3000000e+001 -1.9114000e-002
  3.3010000e+001 -2.2865000e-002
  3.3020000e+001 -2.2614000e-002
  3.3030000e+001 -2.0139000e-002
  3.3040000e+001 -1.7702000e-002
  3.3050000e+001 -1.6146000e-002
  3.3060000e+001 -1.4779000e-002
  3.3070000e+001 -1.2993000e-002
  3.3080000e+001 -1.1262000e-002
  3.3090000e+001 -1.0559000e-002
  3.3100000e+001 -1.1209000e-002
  3.3110000e+001 -1.2696000e-002
  3.3120000e+001 -1.4137000e-002
  3.3130000e+001 -1.4608000e-002
  3.3140000e+001 -1.3736000e-002
  3.3150000e+001 -1.2154000e-002
  3.3160000e+001 -1.0850000e-002
  3.3170000e+001 -9.9803000e-003
  3.3180000e+001 -8.8957000e-003
  3.3190000e+001 -7.3418000e-003
  3.3200000e+001 -6.1957000e-003
  3.3210000e+001 -6.7891000e-003
  3.3220000e+001 -9.6119000e-003
  3.3230000e+001 -1.3706000e-002
  3.3240000e+001 -1.7555000e-002
  3.3250000e+001 -2.0691000e-002
  3.3260000e+001 -2.4112000e-002
  3.3270000e+001 -2.8445000e-002
  3.3280000e+001 -3.1974000e-002
  3.3290000e+001 -3.1871000e-002
  3.3300000e+001 -2.7431000e-002
  3.3310000e+001 -2.0934000e-002
  3.3320000e+001 -1.4854000e-002
  3.3330000e+001 -9.7881000e-003
  3.3340000e+001 -5.1979000e-003
  3.3350000e+001 -9.5262000e-004
  3.3360000e+001  2.8540000e-003
  3.3370000e+001  6.5994000e-003
  3.3380000e+001  1.0844000e-002
  3.3390000e+001  1.5435000e-002
  3.3400000e+001  1.9497000e-002
  3.3410000e+001  2.2337000e-002
  3.3420000e+001  2.4071000e-002
  3.3430000e+001  2.5280000e-002
  3.3440000e+001  2.6322000e-002
  3.3450000e+001  2.7307000e-002
  3.3460000e+001  2.8449000e-002
  3.3470000e+001  2.9887000e-002
  3.3480000e+001  3.0972000e-002
  3.3490000e+001  3.0388000e-002
  3.3500000e+001  2.7317000e-002
  3.3510000e+001  2.2551000e-002
  3.3520000e+001  1.7896000e-002
  3.3530000e+001  1.4236000e-002
  3.3540000e+001  1.0477000e-002
  3.3550000e+001  5.4733000e-003
  3.3560000e+001  9.7764000e-004
  3.3570000e+001  5.2466000e-004
  3.3580000e+001  4.8697000e-003
  3.3590000e+001  1.0887000e-002
  3.3600000e+001  1.6373000e-002
  3.3610000e+001  2.2292000e-002
  3.3620000e+001  2.7995000e-002
  3.3630000e+001  2.8705000e-002
  3.3640000e+001  2.1706000e-002
  3.3650000e+001  1.1318000e-002
  3.3660000e+001  2.6828000e-003
  3.3670000e+001 -5.0626000e-003
  3.3680000e+001 -1.4893000e-002
  3.3690000e+001 -2.4150000e-002
  3.3700000e+001 -2.6986000e-002
  3.3710000e+001 -2.2210000e-002
  3.3720000e+001 -1.4218000e-002
  3.3730000e+001 -6.6079000e-003
  3.3740000e+001  5.3850000e-004
  3.3750000e+001  8.4084000e-003
  3.3760000e+001  1.7447000e-002
  3.3770000e+001  2.6701000e-002
  3.3780000e+001  3.3222000e-002
  3.3790000e+001  3.4001000e-002
  3.3800000e+001  2.9761000e-002
  3.3810000e+001  2.4488000e-002
  3.3820000e+001  2.0688000e-002
  3.3830000e+001  1.7226000e-002
  3.3840000e+001  1.2535000e-002
  3.3850000e+001  7.5790000e-003
  3.3860000e+001  4.6834000e-003
  3.3870000e+001  4.9283000e-003
  3.3880000e+001  7.3729000e-003
  3.3890000e+001  1.0278000e-002
  3.3900000e+001  1.2631000e-002
  3.3910000e+001  1.4850000e-002
  3.3920000e+001  1.7699000e-002
  3.3930000e+001  2.0455000e-002
  3.3940000e+001  2.1155000e-002
  3.3950000e+001  1.9024000e-002
  3.3960000e+001  1.5553000e-002
  3.3970000e+001  1.2506000e-002
  3.3980000e+001  1.0007000e-002
  3.3990000e+001  7.0603000e-003
  3.4000000e+001  3.3584000e-003
  3.4010000e+001  3.1824000e-004
  3.4020000e+001  1.6743000e-004
  3.4030000e+001  3.7524000e-003
  3.4040000e+001  9.3004000e-003
  3.4050000e+001  1.4364000e-002
  3.4060000e+001  1.8455000e-002
  3.4070000e+001  2.2992000e-002
  3.4080000e+001  2.8567000e-002
  3.4090000e+001  3.3399000e-002
  3.4100000e+001  3.5004000e-002
  3.4110000e+001  3.2828000e-002
  3.4120000e+001  2.8726000e-002
  3.4130000e+001  2.4814000e-002
  3.4140000e+001  2.1634000e-002
  3.4150000e+001  1.8281000e-002
  3.4160000e+001  1.4244000e-002
  3.4170000e+001  1.0557000e-002
  3.4180000e+001  8.7920000e-003
  3.4190000e+001  9.2517000e-003
  3.4200000e+001  1.0800000e-002
  3.4210000e+001  1.2238000e-002
  3.4220000e+001  1.3288000e-002
  3.4230000e+001  1.4391000e-002
  3.4240000e+001  1.5870000e-002
  3.4250000e+001  1.7075000e-002
  3.4260000e+001  1.6697000e-002
  3.4270000e+001  1.4251000e-002
  3.4280000e+001  1.0819000e-002
  3.4290000e+001  7.6026000e-003
  3.4300000e+001  4.6019000e-003
  3.4310000e+001  1.4085000e-003
  3.4320000e+001 -1.6272000e-003
  3.4330000e+001 -4.0766000e-003
  3.4340000e+001 -6.3123000e-003
  3.4350000e+001 -8.7234000e-003
  3.4360000e+001 -1.1052000e-002
  3.4370000e+001 -1.3286000e-002
  3.4380000e+001 -1.5907000e-002
  3.4390000e+001 -1.8353000e-002
  3.4400000e+001 -1.8963000e-002
  3.4410000e+001 -1.7180000e-002
  3.4420000e+001 -1.4348000e-002
  3.4430000e+001 -1.1539000e-002
  3.4440000e+001 -8.7542000e-003
  3.4450000e+001 -6.5900000e-003
  3.4460000e+001 -6.4961000e-003
  3.4470000e+001 -8.4586000e-003
  3.4480000e+001 -1.0662000e-002
  3.4490000e+001 -1.2058000e-002
  3.4500000e+001 -1.3455000e-002
  3.4510000e+001 -1.5579000e-002
  3.4520000e+001 -1.7814000e-002
  3.4530000e+001 -1.9458000e-002
  3.4540000e+001 -2.0823000e-002
  3.4550000e+001 -2.2456000e-002
  3.4560000e+001 -2.4311000e-002
  3.4570000e+001 -2.6149000e-002
  3.4580000e+001 -2.8024000e-002
  3.4590000e+001 -3.0014000e-002
  3.4600000e+001 -3.1806000e-002
  3.4610000e+001 -3.2641000e-002
  3.4620000e+001 -3.1695000e-002
  3.4630000e+001 -2.8970000e-002
  3.4640000e+001 -2.5602000e-002
  3.4650000e+001 -2.2710000e-002
  3.4660000e+001 -2.0092000e-002
  3.4670000e+001 -1.6858000e-002
  3.4680000e+001 -1.3192000e-002
  3.4690000e+001 -1.0557000e-002
  3.4700000e+001 -9.8847000e-003
  3.4710000e+001 -1.0503000e-002
  3.4720000e+001 -1.1244000e-002
  3.4730000e+001 -1.1786000e-002
  3.4740000e+001 -1.2391000e-002
  3.4750000e+001 -1.3071000e-002
  3.4760000e+001 -1.3598000e-002
  3.4770000e+001 -1.3774000e-002
  3.4780000e+001 -1.3390000e-002
  3.4790000e+001 -1.2295000e-002
  3.4800000e+001 -1.0817000e-002
  3.4810000e+001 -9.5182000e-003
  3.4820000e+001 -8.4728000e-003
  3.4830000e+001 -7.1381000e-003
  3.4840000e+001 -5.5866000e-003
  3.4850000e+001 -5.0092000e-003
  3.4860000e+001 -6.6007000e-003
  3.4870000e+001 -1.0057000e-002
  3.4880000e+001 -1.4003000e-002
  3.4890000e+001 -1.7465000e-002
  3.4900000e+001 -2.0694000e-002
  3.4910000e+001 -2.4371000e-002
  3.4920000e+001 -2.8309000e-002
  3.4930000e+001 -3.1238000e-002
  3.4940000e+001 -3.2161000e-002
  3.4950000e+001 -3.1540000e-002
  3.4960000e+001 -3.0708000e-002
  3.4970000e+001 -3.0297000e-002
  3.4980000e+001 -2.9900000e-002
  3.4990000e+001 -2.9067000e-002
  3.5000000e+001 -2.8141000e-002
  3.5010000e+001 -2.7949000e-002
  3.5020000e+001 -2.9124000e-002
  3.5030000e+001 -3.1491000e-002
  3.5040000e+001 -3.4120000e-002
  3.5050000e+001 -3.6235000e-002
  3.5060000e+001 -3.8179000e-002
  3.5070000e+001 -4.0821000e-002
  3.5080000e+001 -4.3759000e-002
  3.5090000e+001 -4.4959000e-002
  3.5100000e+001 -4.2665000e-002
  3.5110000e+001 -3.7433000e-002
  3.5120000e+001 -3.1409000e-002
  3.5130000e+001 -2.6129000e-002
  3.5140000e+001 -2.1210000e-002
  3.5150000e+001 -1.5567000e-002
  3.5160000e+001 -9.4801000e-003
  3.5170000e+001 -5.1804000e-003
  3.5180000e+001 -4.4983000e-003
  3.5190000e+001 -6.7129000e-003
  3.5200000e+001 -9.5424000e-003
  3.5210000e+001 -1.1866000e-002
  3.5220000e+001 -1.3998000e-002
  3.5230000e+001 -1.6076000e-002
  3.5240000e+001 -1.7493000e-002
  3.5250000e+001 -1.8100000e-002
  3.5260000e+001 -1.8451000e-002
  3.5270000e+001 -1.8929000e-002
  3.5280000e+001 -1.9450000e-002
  3.5290000e+001 -2.0130000e-002
  3.5300000e+001 -2.0949000e-002
  3.5310000e+001 -2.1060000e-002
  3.5320000e+001 -1.9422000e-002
  3.5330000e+001 -1.6197000e-002
  3.5340000e+001 -1.2556000e-002
  3.5350000e+001 -9.4513000e-003
  3.5360000e+001 -7.0690000e-003
  3.5370000e+001 -5.3042000e-003
  3.5380000e+001 -3.9854000e-003
  3.5390000e+001 -2.8766000e-003
  3.5400000e+001 -1.7761000e-003
  3.5410000e+001 -6.5574000e-004
  3.5420000e+001  4.9551000e-004
  3.5430000e+001  1.8587000e-003
  3.5440000e+001  3.6170000e-003
  3.5450000e+001  5.7650000e-003
  3.5460000e+001  8.1606000e-003
  3.5470000e+001  1.0644000e-002
  3.5480000e+001  1.3117000e-002
  3.5490000e+001  1.5564000e-002
  3.5500000e+001  1.8029000e-002
  3.5510000e+001  2.0412000e-002
  3.5520000e+001  2.2676000e-002
  3.5530000e+001  2.5028000e-002
  3.5540000e+001  2.7609000e-002
  3.5550000e+001  3.0132000e-002
  3.5560000e+001  3.2335000e-002
  3.5570000e+001  3.4638000e-002
  3.5580000e+001  3.7470000e-002
  3.5590000e+001  4.0107000e-002
  3.5600000e+001  4.1011000e-002
  3.5610000e+001  3.9743000e-002
  3.5620000e+001  3.7572000e-002
  3.5630000e+001  3.5847000e-002
  3.5640000e+001  3.4555000e-002
  3.5650000e+001  3.2936000e-002
  3.5660000e+001  3.0886000e-002
  3.5670000e+001  2.8829000e-002
  3.5680000e+001  2.6585000e-002
  3.5690000e+001  2.3254000e-002
  3.5700000e+001  1.8708000e-002
  3.5710000e+001  1.4095000e-002
  3.5720000e+001  1.0319000e-002
  3.5730000e+001  6.6972000e-003
  3.5740000e+001  2.2287000e-003
  3.5750000e+001 -2.1168000e-003
  3.5760000e+001 -3.6575000e-003
  3.5770000e+001 -8.7476000e-004
  3.5780000e+001  4.6808000e-003
  3.5790000e+001  1.0223000e-002
  3.5800000e+001  1.4588000e-002
  3.5810000e+001  1.8859000e-002
  3.5820000e+001  2.4125000e-002
  3.5830000e+001  2.9111000e-002
  3.5840000e+001  3.0694000e-002
  3.5850000e+001  2.7370000e-002
  3.5860000e+001  2.1247000e-002
  3.5870000e+001  1.5440000e-002
  3.5880000e+001  1.0621000e-002
  3.5890000e+001  5.4911000e-003
  3.5900000e+001 -4.7817000e-004
  3.5910000e+001 -5.8841000e-003
  3.5920000e+001 -8.7516000e-003
  3.5930000e+001 -8.0142000e-003
  3.5940000e+001 -4.8036000e-003
  3.5950000e+001 -1.7085000e-003
  3.5960000e+001 -9.6168000e-005
  3.5970000e+001  1.6405000e-003
  3.5980000e+001  4.9950000e-003
  3.5990000e+001  7.9699000e-003
  3.6000000e+001  7.7785000e-003
  3.6010000e+001  6.1904000e-003
  3.6020000e+001  7.5999000e-003
  3.6030000e+001  1.2271000e-002
  3.6040000e+001  1.6004000e-002
  3.6050000e+001  1.6892000e-002
  3.6060000e+001  1.7190000e-002
  3.6070000e+001  1.8769000e-002
  3.6080000e+001  2.0544000e-002
  3.6090000e+001  2.1445000e-002
  3.6100000e+001  2.2085000e-002
  3.6110000e+001  2.2963000e-002
  3.6120000e+001  2.3351000e-002
  3.6130000e+001  2.3002000e-002
  3.6140000e+001  2.2788000e-002
  3.6150000e+001  2.3092000e-002
  3.6160000e+001  2.3260000e-002
  3.6170000e+001  2.2948000e-002
  3.6180000e+001  2.2504000e-002
  3.6190000e+001  2.1972000e-002
  3.6200000e+001  2.0983000e-002
  3.6210000e+001  1.9748000e-002
  3.6220000e+001  1.9086000e-002
  3.6230000e+001  1.9344000e-002
  3.6240000e+001  2.0018000e-002
  3.6250000e+001  2.0677000e-002
  3.6260000e+001  2.1524000e-002
  3.6270000e+001  2.2558000e-002
  3.6280000e+001  2.2595000e-002
  3.6290000e+001  2.0096000e-002
  3.6300000e+001  1.4975000e-002
  3.6310000e+001  8.9586000e-003
  3.6320000e+001  3.6159000e-003
  3.6330000e+001 -1.2132000e-003
  3.6340000e+001 -6.7356000e-003
  3.6350000e+001 -1.2810000e-002
  3.6360000e+001 -1.7403000e-002
  3.6370000e+001 -1.8703000e-002
  3.6380000e+001 -1.7442000e-002
  3.6390000e+001 -1.5776000e-002
  3.6400000e+001 -1.4684000e-002
  3.6410000e+001 -1.3483000e-002
  3.6420000e+001 -1.1824000e-002
  3.6430000e+001 -1.0507000e-002
  3.6440000e+001 -1.0205000e-002
  3.6450000e+001 -1.0432000e-002
  3.6460000e+001 -1.0483000e-002
  3.6470000e+001 -1.0369000e-002
  3.6480000e+001 -1.0405000e-002
  3.6490000e+001 -1.0517000e-002
  3.6500000e+001 -1.0509000e-002
  3.6510000e+001 -1.0450000e-002
  3.6520000e+001 -1.0488000e-002
  3.6530000e+001 -1.0580000e-002
  3.6540000e+001 -1.0602000e-002
  3.6550000e+001 -1.0502000e-002
  3.6560000e+001 -1.0267000e-002
  3.6570000e+001 -9.8583000e-003
  3.6580000e+001 -9.2671000e-003
  3.6590000e+001 -8.5931000e-003
  3.6600000e+001 -7.9815000e-003
  3.6610000e+001 -7.4039000e-003
  3.6620000e+001 -6.7126000e-003
  3.6630000e+001 -6.0193000e-003
  3.6640000e+001 -5.7506000e-003
  3.6650000e+001 -6.1528000e-003
  3.6660000e+001 -6.9584000e-003
  3.6670000e+001 -7.7144000e-003
  3.6680000e+001 -8.3053000e-003
  3.6690000e+001 -8.9163000e-003
  3.6700000e+001 -9.6211000e-003
  3.6710000e+001 -1.0240000e-002
  3.6720000e+001 -1.0692000e-002
  3.6730000e+001 -1.1185000e-002
  3.6740000e+001 -1.1949000e-002
  3.6750000e+001 -1.2801000e-002
  3.6760000e+001 -1.3359000e-002
  3.6770000e+001 -1.3680000e-002
  3.6780000e+001 -1.4226000e-002
  3.6790000e+001 -1.5078000e-002
  3.6800000e+001 -1.5748000e-002
  3.6810000e+001 -1.5966000e-002
  3.6820000e+001 -1.5992000e-002
  3.6830000e+001 -1.6014000e-002
  3.6840000e+001 -1.5944000e-002
  3.6850000e+001 -1.5906000e-002
  3.6860000e+001 -1.6174000e-002
  3.6870000e+001 -1.6296000e-002
  3.6880000e+001 -1.5120000e-002
  3.6890000e+001 -1.2114000e-002
  3.6900000e+001 -8.1574000e-003
  3.6910000e+001 -4.4604000e-003
  3.6920000e+001 -1.2592000e-003
  3.6930000e+001  2.0899000e-003
  3.6940000e+001  6.0260000e-003
  3.6950000e+001  9.8245000e-003
  3.6960000e+001  1.1944000e-002
  3.6970000e+001  1.1600000e-002
  3.6980000e+001  9.8993000e-003
  3.6990000e+001  8.5295000e-003
  3.7000000e+001  7.8286000e-003
  3.7010000e+001  6.7998000e-003
  3.7020000e+001  5.0360000e-003
  3.7030000e+001  3.5152000e-003
  3.7040000e+001  3.2308000e-003
  3.7050000e+001  3.9198000e-003
  3.7060000e+001  4.6947000e-003
  3.7070000e+001  5.2730000e-003
  3.7080000e+001  5.9726000e-003
  3.7090000e+001  6.8171000e-003
  3.7100000e+001  7.3045000e-003
  3.7110000e+001  7.0352000e-003
  3.7120000e+001  6.2776000e-003
  3.7130000e+001  5.5491000e-003
  3.7140000e+001  4.9725000e-003
  3.7150000e+001  4.2900000e-003
  3.7160000e+001  3.4815000e-003
  3.7170000e+001  2.8503000e-003
  3.7180000e+001  2.5574000e-003
  3.7190000e+001  2.4905000e-003
  3.7200000e+001  2.5431000e-003
  3.7210000e+001  2.5944000e-003
  3.7220000e+001  2.4884000e-003
  3.7230000e+001  2.3448000e-003
  3.7240000e+001  2.4320000e-003
  3.7250000e+001  2.5279000e-003
  3.7260000e+001  2.1059000e-003
  3.7270000e+001  1.2165000e-003
  3.7280000e+001  4.1302000e-004
  3.7290000e+001 -3.2754000e-004
  3.7300000e+001 -1.4538000e-003
  3.7310000e+001 -2.5060000e-003
  3.7320000e+001 -2.1877000e-003
  3.7330000e+001 -1.5238000e-004
  3.7340000e+001  2.6213000e-003
  3.7350000e+001  5.3302000e-003
  3.7360000e+001  7.9101000e-003
  3.7370000e+001  1.0178000e-002
  3.7380000e+001  1.1796000e-002
  3.7390000e+001  1.3012000e-002
  3.7400000e+001  1.4339000e-002
  3.7410000e+001  1.5636000e-002
  3.7420000e+001  1.6599000e-002
  3.7430000e+001  1.7614000e-002
  3.7440000e+001  1.9064000e-002
  3.7450000e+001  2.0226000e-002
  3.7460000e+001  2.0087000e-002
  3.7470000e+001  1.8766000e-002
  3.7480000e+001  1.7237000e-002
  3.7490000e+001  1.6053000e-002
  3.7500000e+001  1.4991000e-002
  3.7510000e+001  1.3769000e-002
  3.7520000e+001  1.2357000e-002
  3.7530000e+001  1.0827000e-002
  3.7540000e+001  9.0953000e-003
  3.7550000e+001  7.0218000e-003
  3.7560000e+001  4.6150000e-003
  3.7570000e+001  2.1330000e-003
  3.7580000e+001 -2.3713000e-004
  3.7590000e+001 -2.6978000e-003
  3.7600000e+001 -5.3297000e-003
  3.7610000e+001 -7.5870000e-003
  3.7620000e+001 -8.7461000e-003
  3.7630000e+001 -8.8992000e-003
  3.7640000e+001 -8.7501000e-003
  3.7650000e+001 -8.7556000e-003
  3.7660000e+001 -8.8565000e-003
  3.7670000e+001 -8.9814000e-003
  3.7680000e+001 -9.0716000e-003
  3.7690000e+001 -8.6893000e-003
  3.7700000e+001 -7.0603000e-003
  3.7710000e+001 -3.9064000e-003
  3.7720000e+001  9.9291000e-005
  3.7730000e+001  3.8952000e-003
  3.7740000e+001  7.2063000e-003
  3.7750000e+001  1.0717000e-002
  3.7760000e+001  1.4675000e-002
  3.7770000e+001  1.7699000e-002
  3.7780000e+001  1.8012000e-002
  3.7790000e+001  1.5689000e-002
  3.7800000e+001  1.2574000e-002
  3.7810000e+001  9.9886000e-003
  3.7820000e+001  7.6162000e-003
  3.7830000e+001  4.8541000e-003
  3.7840000e+001  2.0565000e-003
  3.7850000e+001 -1.9570000e-004
  3.7860000e+001 -2.0292000e-003
  3.7870000e+001 -3.7867000e-003
  3.7880000e+001 -5.4140000e-003
  3.7890000e+001 -6.9444000e-003
  3.7900000e+001 -8.7802000e-003
  3.7910000e+001 -1.1068000e-002
  3.7920000e+001 -1.3167000e-002
  3.7930000e+001 -1.4214000e-002
  3.7940000e+001 -1.3955000e-002
  3.7950000e+001 -1.2853000e-002
  3.7960000e+001 -1.1494000e-002
  3.7970000e+001 -1.0219000e-002
  3.7980000e+001 -9.1040000e-003
  3.7990000e+001 -7.9998000e-003
  3.8000000e+001 -6.8471000e-003
  3.8010000e+001 -5.7522000e-003
  3.8020000e+001 -4.7621000e-003
  3.8030000e+001 -3.6419000e-003
  3.8040000e+001 -2.3568000e-003
  3.8050000e+001 -1.2546000e-003
  3.8060000e+001 -7.0023000e-004
  3.8070000e+001 -5.9920000e-004
  3.8080000e+001 -6.3670000e-004
  3.8090000e+001 -6.8835000e-004
  3.8100000e+001 -7.5643000e-004
  3.8110000e+001 -7.4088000e-004
  3.8120000e+001 -6.7977000e-004
  3.8130000e+001 -9.2283000e-004
  3.8140000e+001 -1.7054000e-003
  3.8150000e+001 -2.8828000e-003
  3.8160000e+001 -4.1547000e-003
  3.8170000e+001 -5.3477000e-003
  3.8180000e+001 -6.4098000e-003
  3.8190000e+001 -7.4861000e-003
  3.8200000e+001 -8.7382000e-003
  3.8210000e+001 -1.0205000e-002
  3.8220000e+001 -1.1783000e-002
  3.8230000e+001 -1.3453000e-002
  3.8240000e+001 -1.5158000e-002
  3.8250000e+001 -1.6783000e-002
  3.8260000e+001 -1.8460000e-002
  3.8270000e+001 -2.0672000e-002
  3.8280000e+001 -2.3159000e-002
  3.8290000e+001 -2.4255000e-002
  3.8300000e+001 -2.2349000e-002
  3.8310000e+001 -1.7828000e-002
  3.8320000e+001 -1.2489000e-002
  3.8330000e+001 -7.6302000e-003
  3.8340000e+001 -3.7753000e-003
  3.8350000e+001 -1.4653000e-003
  3.8360000e+001 -9.3433000e-004
  3.8370000e+001 -1.3127000e-003
  3.8380000e+001 -1.4544000e-003
  3.8390000e+001 -1.2356000e-003
  3.8400000e+001 -1.2157000e-003
  3.8410000e+001 -1.4041000e-003
  3.8420000e+001 -1.3967000e-003
  3.8430000e+001 -1.2557000e-003
  3.8440000e+001 -1.3131000e-003
  3.8450000e+001 -1.4508000e-003
  3.8460000e+001 -1.3804000e-003
  3.8470000e+001 -1.2566000e-003
  3.8480000e+001 -1.3957000e-003
  3.8490000e+001 -1.6219000e-003
  3.8500000e+001 -1.2239000e-003
  3.8510000e+001  6.9949000e-004
  3.8520000e+001  4.5226000e-003
  3.8530000e+001  9.3743000e-003
  3.8540000e+001  1.3647000e-002
  3.8550000e+001  1.7048000e-002
  3.8560000e+001  2.1105000e-002
  3.8570000e+001  2.6351000e-002
  3.8580000e+001  2.9892000e-002
  3.8590000e+001  2.8174000e-002
  3.8600000e+001  2.1852000e-002
  3.8610000e+001  1.5639000e-002
  3.8620000e+001  1.2954000e-002
  3.8630000e+001  1.2969000e-002
  3.8640000e+001  1.3237000e-002
  3.8650000e+001  1.3022000e-002
  3.8660000e+001  1.2939000e-002
  3.8670000e+001  1.3142000e-002
  3.8680000e+001  1.3204000e-002
  3.8690000e+001  1.2868000e-002
  3.8700000e+001  1.1950000e-002
  3.8710000e+001  1.0234000e-002
  3.8720000e+001  8.0042000e-003
  3.8730000e+001  5.9460000e-003
  3.8740000e+001  4.2666000e-003
  3.8750000e+001  2.5446000e-003
  3.8760000e+001  7.2109000e-004
  3.8770000e+001 -4.7580000e-004
  3.8780000e+001 -3.5829000e-004
  3.8790000e+001  9.0184000e-004
  3.8800000e+001  2.6127000e-003
  3.8810000e+001  4.3350000e-003
  3.8820000e+001  6.0914000e-003
  3.8830000e+001  8.1250000e-003
  3.8840000e+001  1.0315000e-002
  3.8850000e+001  1.1892000e-002
  3.8860000e+001  1.2002000e-002
  3.8870000e+001  1.0776000e-002
  3.8880000e+001  9.1769000e-003
  3.8890000e+001  7.9286000e-003
  3.8900000e+001  6.9845000e-003
  3.8910000e+001  6.0631000e-003
  3.8920000e+001  4.9542000e-003
  3.8930000e+001  3.3404000e-003
  3.8940000e+001  9.8182000e-004
  3.8950000e+001 -1.7888000e-003
  3.8960000e+001 -4.4685000e-003
  3.8970000e+001 -7.1469000e-003
  3.8980000e+001 -1.0223000e-002
  3.8990000e+001 -1.3563000e-002
  3.9000000e+001 -1.6669000e-002
  3.9010000e+001 -1.9106000e-002
  3.9020000e+001 -2.0382000e-002
  3.9030000e+001 -2.0180000e-002
  3.9040000e+001 -1.9060000e-002
  3.9050000e+001 -1.8101000e-002
  3.9060000e+001 -1.7600000e-002
  3.9070000e+001 -1.7031000e-002
  3.9080000e+001 -1.6025000e-002
  3.9090000e+001 -1.4536000e-002
  3.9100000e+001 -1.2445000e-002
  3.9110000e+001 -1.0096000e-002
  3.9120000e+001 -8.3522000e-003
  3.9130000e+001 -7.1142000e-003
  3.9140000e+001 -5.1841000e-003
  3.9150000e+001 -2.9276000e-003
  3.9160000e+001 -2.7736000e-003
  3.9170000e+001 -5.7419000e-003
  3.9180000e+001 -9.7710000e-003
  3.9190000e+001 -1.3279000e-002
  3.9200000e+001 -1.7238000e-002
  3.9210000e+001 -2.1907000e-002
  3.9220000e+001 -2.4566000e-002
  3.9230000e+001 -2.2992000e-002
  3.9240000e+001 -1.8972000e-002
  3.9250000e+001 -1.5579000e-002
  3.9260000e+001 -1.3274000e-002
  3.9270000e+001 -1.0561000e-002
  3.9280000e+001 -7.0816000e-003
  3.9290000e+001 -3.9243000e-003
  3.9300000e+001 -1.9899000e-003
  3.9310000e+001 -1.2705000e-003
  3.9320000e+001 -1.2642000e-003
  3.9330000e+001 -1.4609000e-003
  3.9340000e+001 -1.5090000e-003
  3.9350000e+001 -1.3910000e-003
  3.9360000e+001 -1.2356000e-003
  3.9370000e+001 -1.2191000e-003
  3.9380000e+001 -1.7138000e-003
  3.9390000e+001 -3.0665000e-003
  3.9400000e+001 -4.9459000e-003
  3.9410000e+001 -6.6162000e-003
  3.9420000e+001 -7.9958000e-003
  3.9430000e+001 -9.7173000e-003
  3.9440000e+001 -1.2068000e-002
  3.9450000e+001 -1.4262000e-002
  3.9460000e+001 -1.5104000e-002
  3.9470000e+001 -1.4088000e-002
  3.9480000e+001 -1.1892000e-002
  3.9490000e+001 -9.5852000e-003
  3.9500000e+001 -7.7655000e-003
  3.9510000e+001 -6.2503000e-003
  3.9520000e+001 -4.5763000e-003
  3.9530000e+001 -2.7461000e-003
  3.9540000e+001 -1.4517000e-003
  3.9550000e+001 -1.3320000e-003
  3.9560000e+001 -2.1292000e-003
  3.9570000e+001 -2.9854000e-003
  3.9580000e+001 -3.4511000e-003
  3.9590000e+001 -3.9293000e-003
  3.9600000e+001 -4.7714000e-003
  3.9610000e+001 -5.4968000e-003
  3.9620000e+001 -5.6238000e-003
  3.9630000e+001 -5.7047000e-003
  3.9640000e+001 -6.4239000e-003
  3.9650000e+001 -7.3470000e-003
  3.9660000e+001 -7.7788000e-003
  3.9670000e+001 -8.1186000e-003
  3.9680000e+001 -9.1388000e-003
  3.9690000e+001 -1.0125000e-002
  3.9700000e+001 -9.2819000e-003
  3.9710000e+001 -5.9181000e-003
  3.9720000e+001 -1.3965000e-003
  3.9730000e+001  2.7406000e-003
  3.9740000e+001  6.3620000e-003
  3.9750000e+001  1.0344000e-002
  3.9760000e+001  1.5072000e-002
  3.9770000e+001  1.9680000e-002
  3.9780000e+001  2.2651000e-002
  3.9790000e+001  2.3209000e-002
  3.9800000e+001  2.2242000e-002
  3.9810000e+001  2.1249000e-002
  3.9820000e+001  2.0870000e-002
  3.9830000e+001  2.0634000e-002
  3.9840000e+001  2.0104000e-002
  3.9850000e+001  1.9351000e-002
  3.9860000e+001  1.8511000e-002
  3.9870000e+001  1.7349000e-002
  3.9880000e+001  1.5626000e-002
  3.9890000e+001  1.3567000e-002
  3.9900000e+001  1.1717000e-002
  3.9910000e+001  1.0537000e-002
  3.9920000e+001  1.0140000e-002
  3.9930000e+001  1.0418000e-002
  3.9940000e+001  1.1037000e-002
  3.9950000e+001  1.1632000e-002
  3.9960000e+001  1.2066000e-002
  3.9970000e+001  1.2678000e-002
  3.9980000e+001  1.3649000e-002
  3.9990000e+001  1.4296000e-002
  4.0000000e+001  1.3618000e-002
  4.0010000e+001  1.1785000e-002
  4.0020000e+001  1.0240000e-002
  4.0030000e+001  1.0011000e-002
  4.0040000e+001  1.0795000e-002
  4.0050000e+001  1.1950000e-002
  4.0060000e+001  1.3303000e-002
  4.0070000e+001  1.4703000e-002
  4.0080000e+001  1.5874000e-002
  4.0090000e+001  1.7013000e-002
  4.0100000e+001  1.8224000e-002
  4.0110000e+001  1.8457000e-002
  4.0120000e+001  1.6316000e-002
  4.0130000e+001  1.2263000e-002
  4.0140000e+001  8.2431000e-003
  4.0150000e+001  5.0933000e-003
  4.0160000e+001  1.8203000e-003
  4.0170000e+001 -2.2160000e-003
  4.0180000e+001 -6.0088000e-003
  4.0190000e+001 -8.4013000e-003
  4.0200000e+001 -9.5268000e-003
  4.0210000e+001 -1.0219000e-002
  4.0220000e+001 -1.0782000e-002
  4.0230000e+001 -1.1278000e-002
  4.0240000e+001 -1.1926000e-002
  4.0250000e+001 -1.2796000e-002
  4.0260000e+001 -1.3452000e-002
  4.0270000e+001 -1.3374000e-002
  4.0280000e+001 -1.2246000e-002
  4.0290000e+001 -1.0202000e-002
  4.0300000e+001 -7.8561000e-003
  4.0310000e+001 -5.9705000e-003
  4.0320000e+001 -4.5781000e-003
  4.0330000e+001 -2.9650000e-003
  4.0340000e+001 -9.2737000e-004
  4.0350000e+001  3.9289000e-004
  4.0360000e+001 -9.1732000e-005
  4.0370000e+001 -1.8010000e-003
  4.0380000e+001 -3.2715000e-003
  4.0390000e+001 -4.0355000e-003
  4.0400000e+001 -4.8023000e-003
  4.0410000e+001 -6.0800000e-003
  4.0420000e+001 -7.6017000e-003
  4.0430000e+001 -9.0611000e-003
  4.0440000e+001 -1.0619000e-002
  4.0450000e+001 -1.2354000e-002
  4.0460000e+001 -1.3982000e-002
  4.0470000e+001 -1.5435000e-002
  4.0480000e+001 -1.7164000e-002
  4.0490000e+001 -1.9513000e-002
  4.0500000e+001 -2.1760000e-002
  4.0510000e+001 -2.2490000e-002
  4.0520000e+001 -2.0998000e-002
  4.0530000e+001 -1.8234000e-002
  4.0540000e+001 -1.5529000e-002
  4.0550000e+001 -1.3295000e-002
  4.0560000e+001 -1.1003000e-002
  4.0570000e+001 -8.3230000e-003
  4.0580000e+001 -5.6596000e-003
  4.0590000e+001 -4.0191000e-003
  4.0600000e+001 -4.1699000e-003
  4.0610000e+001 -5.7578000e-003
  4.0620000e+001 -7.4658000e-003
  4.0630000e+001 -8.4141000e-003
  4.0640000e+001 -9.1697000e-003
  4.0650000e+001 -1.0611000e-002
  4.0660000e+001 -1.2308000e-002
  4.0670000e+001 -1.2857000e-002
  4.0680000e+001 -1.1658000e-002
  4.0690000e+001 -9.4363000e-003
  4.0700000e+001 -7.1889000e-003
  4.0710000e+001 -5.3810000e-003
  4.0720000e+001 -3.8675000e-003
  4.0730000e+001 -2.2482000e-003
  4.0740000e+001 -4.1380000e-004
  4.0750000e+001  1.2143000e-003
  4.0760000e+001  2.4394000e-003
  4.0770000e+001  3.6845000e-003
  4.0780000e+001  5.1841000e-003
  4.0790000e+001  6.4674000e-003
  4.0800000e+001  7.3087000e-003
  4.0810000e+001  8.3184000e-003
  4.0820000e+001  9.7806000e-003
  4.0830000e+001  1.0819000e-002
  4.0840000e+001  1.0625000e-002
  4.0850000e+001  9.7552000e-003
  4.0860000e+001  9.1179000e-003
  4.0870000e+001  8.6009000e-003
  4.0880000e+001  7.6962000e-003
  4.0890000e+001  6.6883000e-003
  4.0900000e+001  6.3347000e-003
  4.0910000e+001  6.8101000e-003
  4.0920000e+001  7.6271000e-003
  4.0930000e+001  8.3254000e-003
  4.0940000e+001  8.8298000e-003
  4.0950000e+001  9.2800000e-003
  4.0960000e+001  9.8706000e-003
  4.0970000e+001  1.0649000e-002
  4.0980000e+001  1.1047000e-002
  4.0990000e+001  1.0136000e-002
  4.1000000e+001  7.8750000e-003
  4.1010000e+001  5.4569000e-003
  4.1020000e+001  3.8554000e-003
  4.1030000e+001  2.5581000e-003
  4.1040000e+001  5.9490000e-004
  4.1050000e+001 -1.5182000e-003
  4.1060000e+001 -1.9718000e-003
  4.1070000e+001  2.2801000e-004
  4.1080000e+001  4.2797000e-003
  4.1090000e+001  8.9363000e-003
  4.1100000e+001  1.3049000e-002
  4.1110000e+001  1.5265000e-002
  4.1120000e+001  1.4542000e-002
  4.1130000e+001  1.1718000e-002
  4.1140000e+001  8.7417000e-003
  4.1150000e+001  6.6143000e-003
  4.1160000e+001  4.5739000e-003
  4.1170000e+001  1.8644000e-003
  4.1180000e+001 -9.6827000e-004
  4.1190000e+001 -2.6799000e-003
  4.1200000e+001 -2.8272000e-003
  4.1210000e+001 -2.0398000e-003
  4.1220000e+001 -1.1828000e-003
  4.1230000e+001 -5.7840000e-004
  4.1240000e+001 -1.6578000e-005
  4.1250000e+001  6.7902000e-004
  4.1260000e+001  1.3652000e-003
  4.1270000e+001  1.8304000e-003
  4.1280000e+001  2.0308000e-003
  4.1290000e+001  2.0515000e-003
  4.1300000e+001  1.9945000e-003
  4.1310000e+001  1.9943000e-003
  4.1320000e+001  2.0664000e-003
  4.1330000e+001  2.0172000e-003
  4.1340000e+001  1.8474000e-003
  4.1350000e+001  2.2080000e-003
  4.1360000e+001  3.8228000e-003
  4.1370000e+001  6.4660000e-003
  4.1380000e+001  9.1204000e-003
  4.1390000e+001  1.1326000e-002
  4.1400000e+001  1.3582000e-002
  4.1410000e+001  1.6309000e-002
  4.1420000e+001  1.8811000e-002
  4.1430000e+001  2.0029000e-002
  4.1440000e+001  1.9760000e-002
  4.1450000e+001  1.8756000e-002
  4.1460000e+001  1.7590000e-002
  4.1470000e+001  1.6334000e-002
  4.1480000e+001  1.4979000e-002
  4.1490000e+001  1.3738000e-002
  4.1500000e+001  1.2682000e-002
  4.1510000e+001  1.1581000e-002
  4.1520000e+001  1.0047000e-002
  4.1530000e+001  7.9906000e-003
  4.1540000e+001  5.7905000e-003
  4.1550000e+001  3.9642000e-003
  4.1560000e+001  2.4879000e-003
  4.1570000e+001  7.9821000e-004
  4.1580000e+001 -1.1670000e-003
  4.1590000e+001 -2.3054000e-003
  4.1600000e+001 -1.5620000e-003
  4.1610000e+001  4.9304000e-004
  4.1620000e+001  2.3765000e-003
  4.1630000e+001  3.6916000e-003
  4.1640000e+001  5.3212000e-003
  4.1650000e+001  7.7328000e-003
  4.1660000e+001  9.9822000e-003
  4.1670000e+001  1.0837000e-002
  4.1680000e+001  1.0149000e-002
  4.1690000e+001  8.8280000e-003
  4.1700000e+001  7.6653000e-003
  4.1710000e+001  6.7357000e-003
  4.1720000e+001  5.6283000e-003
  4.1730000e+001  4.1223000e-003
  4.1740000e+001  2.6174000e-003
  4.1750000e+001  1.8009000e-003
  4.1760000e+001  1.9400000e-003
  4.1770000e+001  2.6329000e-003
  4.1780000e+001  3.3652000e-003
  4.1790000e+001  3.9722000e-003
  4.1800000e+001  4.5757000e-003
  4.1810000e+001  5.2640000e-003
  4.1820000e+001  5.8878000e-003
  4.1830000e+001  6.1490000e-003
  4.1840000e+001  5.8707000e-003
  4.1850000e+001  5.2642000e-003
  4.1860000e+001  4.6148000e-003
  4.1870000e+001  3.9796000e-003
  4.1880000e+001  3.2718000e-003
  4.1890000e+001  2.5527000e-003
  4.1900000e+001  1.9393000e-003
  4.1910000e+001  1.5098000e-003
  4.1920000e+001  1.3946000e-003
  4.1930000e+001  1.5907000e-003
  4.1940000e+001  1.6963000e-003
  4.1950000e+001  1.4296000e-003
  4.1960000e+001  1.2574000e-003
  4.1970000e+001  1.6733000e-003
  4.1980000e+001  1.8995000e-003
  4.1990000e+001  6.2894000e-004
  4.2000000e+001 -2.2987000e-003
  4.2010000e+001 -5.9644000e-003
  4.2020000e+001 -1.0032000e-002
  4.2030000e+001 -1.4229000e-002
  4.2040000e+001 -1.7189000e-002
  4.2050000e+001 -1.7560000e-002
  4.2060000e+001 -1.6197000e-002
  4.2070000e+001 -1.4992000e-002
  4.2080000e+001 -1.4369000e-002
  4.2090000e+001 -1.3317000e-002
  4.2100000e+001 -1.1388000e-002
  4.2110000e+001 -9.0011000e-003
  4.2120000e+001 -6.5069000e-003
  4.2130000e+001 -4.4916000e-003
  4.2140000e+001 -4.1706000e-003
  4.2150000e+001 -5.9209000e-003
  4.2160000e+001 -8.2570000e-003
  4.2170000e+001 -9.7946000e-003
  4.2180000e+001 -1.1044000e-002
  4.2190000e+001 -1.3079000e-002
  4.2200000e+001 -1.5513000e-002
  4.2210000e+001 -1.7110000e-002
  4.2220000e+001 -1.7482000e-002
  4.2230000e+001 -1.7219000e-002
  4.2240000e+001 -1.6753000e-002
  4.2250000e+001 -1.6121000e-002
  4.2260000e+001 -1.5418000e-002
  4.2270000e+001 -1.4836000e-002
  4.2280000e+001 -1.4323000e-002
  4.2290000e+001 -1.3656000e-002
  4.2300000e+001 -1.2601000e-002
  4.2310000e+001 -1.0932000e-002
  4.2320000e+001 -8.8312000e-003
  4.2330000e+001 -6.9590000e-003
  4.2340000e+001 -5.6156000e-003
  4.2350000e+001 -4.1225000e-003
  4.2360000e+001 -1.9930000e-003
  4.2370000e+001 -3.9384000e-006
  4.2380000e+001  8.5758000e-004
  4.2390000e+001  9.2451000e-004
  4.2400000e+001  1.0318000e-003
  4.2410000e+001  1.0842000e-003
  4.2420000e+001  7.9873000e-004
  4.2430000e+001  7.5958000e-004
  4.2440000e+001  1.2454000e-003
  4.2450000e+001  1.1111000e-003
  4.2460000e+001 -5.5606000e-004
  4.2470000e+001 -3.0205000e-003
  4.2480000e+001 -5.3654000e-003
  4.2490000e+001 -8.0521000e-003
  4.2500000e+001 -1.1041000e-002
  4.2510000e+001 -1.2338000e-002
  4.2520000e+001 -1.0172000e-002
  4.2530000e+001 -5.6601000e-003
  4.2540000e+001 -1.1777000e-003
  4.2550000e+001  2.5306000e-003
  4.2560000e+001  6.4582000e-003
  4.2570000e+001  1.1219000e-002
  4.2580000e+001  1.5798000e-002
  4.2590000e+001  1.8144000e-002
  4.2600000e+001  1.6933000e-002
  4.2610000e+001  1.3114000e-002
  4.2620000e+001  8.9590000e-003
  4.2630000e+001  5.6170000e-003
  4.2640000e+001  2.3401000e-003
  4.2650000e+001 -1.5681000e-003
  4.2660000e+001 -5.4309000e-003
  4.2670000e+001 -8.2497000e-003
  4.2680000e+001 -9.9218000e-003
  4.2690000e+001 -1.0895000e-002
  4.2700000e+001 -1.1523000e-002
  4.2710000e+001 -1.2194000e-002
  4.2720000e+001 -1.2949000e-002
  4.2730000e+001 -1.2969000e-002
  4.2740000e+001 -1.1501000e-002
  4.2750000e+001 -9.2073000e-003
  4.2760000e+001 -7.3612000e-003
  4.2770000e+001 -6.0924000e-003
  4.2780000e+001 -4.4828000e-003
  4.2790000e+001 -2.3250000e-003
  4.2800000e+001 -5.9523000e-004
  4.2810000e+001 -2.1713000e-004
  4.2820000e+001 -1.0905000e-003
  4.2830000e+001 -2.4700000e-003
  4.2840000e+001 -3.7570000e-003
  4.2850000e+001 -4.7780000e-003
  4.2860000e+001 -5.7615000e-003
  4.2870000e+001 -6.9539000e-003
  4.2880000e+001 -8.4032000e-003
  4.2890000e+001 -9.9722000e-003
  4.2900000e+001 -1.1615000e-002
  4.2910000e+001 -1.3288000e-002
  4.2920000e+001 -1.4905000e-002
  4.2930000e+001 -1.6554000e-002
  4.2940000e+001 -1.8644000e-002
  4.2950000e+001 -2.1092000e-002
  4.2960000e+001 -2.2430000e-002
  4.2970000e+001 -2.0650000e-002
  4.2980000e+001 -1.5346000e-002
  4.2990000e+001 -8.5031000e-003
  4.3000000e+001 -2.9750000e-003
  4.3010000e+001 -4.9681000e-004
  4.3020000e+001 -8.8436000e-004
  4.3030000e+001 -2.5498000e-003
  4.3040000e+001 -3.9394000e-003
  4.3050000e+001 -4.7176000e-003
  4.3060000e+001 -5.6819000e-003
  4.3070000e+001 -7.2343000e-003
  4.3080000e+001 -8.4552000e-003
  4.3090000e+001 -8.0599000e-003
  4.3100000e+001 -6.0006000e-003
  4.3110000e+001 -3.3889000e-003
  4.3120000e+001 -9.7973000e-004
  4.3130000e+001  1.3424000e-003
  4.3140000e+001  3.8144000e-003
  4.3150000e+001  6.2047000e-003
  4.3160000e+001  8.2352000e-003
  4.3170000e+001  9.9553000e-003
  4.3180000e+001  1.1505000e-002
  4.3190000e+001  1.2855000e-002
  4.3200000e+001  1.3945000e-002
  4.3210000e+001  1.5011000e-002
  4.3220000e+001  1.6306000e-002
  4.3230000e+001  1.7713000e-002
  4.3240000e+001  1.8750000e-002
  4.3250000e+001  1.9129000e-002
  4.3260000e+001  1.9050000e-002
  4.3270000e+001  1.8962000e-002
  4.3280000e+001  1.9043000e-002
  4.3290000e+001  1.9102000e-002
  4.3300000e+001  1.9017000e-002
  4.3310000e+001  1.8972000e-002
  4.3320000e+001  1.9072000e-002
  4.3330000e+001  1.9103000e-002
  4.3340000e+001  1.8980000e-002
  4.3350000e+001  1.8968000e-002
  4.3360000e+001  1.9114000e-002
  4.3370000e+001  1.9073000e-002
  4.3380000e+001  1.8901000e-002
  4.3390000e+001  1.9084000e-002
  4.3400000e+001  1.9166000e-002
  4.3410000e+001  1.7553000e-002
  4.3420000e+001  1.3682000e-002
  4.3430000e+001  8.9959000e-003
  4.3440000e+001  4.7779000e-003
  4.3450000e+001  4.1750000e-004
  4.3460000e+001 -4.4618000e-003
  4.3470000e+001 -8.0780000e-003
  4.3480000e+001 -8.5227000e-003
  4.3490000e+001 -6.7581000e-003
  4.3500000e+001 -5.1933000e-003
  4.3510000e+001 -4.5117000e-003
  4.3520000e+001 -3.6602000e-003
  4.3530000e+001 -2.2468000e-003
  4.3540000e+001 -8.8872000e-004
  4.3550000e+001  3.6721000e-004
  4.3560000e+001  2.2335000e-003
  4.3570000e+001  4.8225000e-003
  4.3580000e+001  7.3806000e-003
  4.3590000e+001  9.5638000e-003
  4.3600000e+001  1.1831000e-002
  4.3610000e+001  1.4545000e-002
  4.3620000e+001  1.7096000e-002
  4.3630000e+001  1.8341000e-002
  4.3640000e+001  1.7579000e-002
  4.3650000e+001  1.5300000e-002
  4.3660000e+001  1.2589000e-002
  4.3670000e+001  1.0170000e-002
  4.3680000e+001  7.9084000e-003
  4.3690000e+001  5.4684000e-003
  4.3700000e+001  2.9363000e-003
  4.3710000e+001  8.4332000e-004
  4.3720000e+001 -5.0609000e-004
  4.3730000e+001 -1.2816000e-003
  4.3740000e+001 -1.9495000e-003
  4.3750000e+001 -2.7630000e-003
  4.3760000e+001 -3.6603000e-003
  4.3770000e+001 -4.6306000e-003
  4.3780000e+001 -6.1293000e-003
  4.3790000e+001 -8.5140000e-003
  4.3800000e+001 -1.1297000e-002
  4.3810000e+001 -1.3675000e-002
  4.3820000e+001 -1.5710000e-002
  4.3830000e+001 -1.8254000e-002
  4.3840000e+001 -2.1140000e-002
  4.3850000e+001 -2.2663000e-002
  4.3860000e+001 -2.1533000e-002
  4.3870000e+001 -1.8727000e-002
  4.3880000e+001 -1.5967000e-002
  4.3890000e+001 -1.3520000e-002
  4.3900000e+001 -1.0851000e-002
  4.3910000e+001 -8.5022000e-003
  4.3920000e+001 -7.2635000e-003
  4.3930000e+001 -6.4361000e-003
  4.3940000e+001 -5.0139000e-003
  4.3950000e+001 -3.6407000e-003
  4.3960000e+001 -2.9553000e-003
  4.3970000e+001 -1.8227000e-003
  4.3980000e+001 -2.2844000e-004
  4.3990000e+001 -1.7258000e-003
  4.4000000e+001 -8.8557000e-003
  4.4010000e+001 -1.7260000e-002
  4.4020000e+001 -1.9968000e-002
  4.4030000e+001 -1.6218000e-002
  4.4040000e+001 -1.1737000e-002
  4.4050000e+001 -9.8293000e-003
  4.4060000e+001 -8.7355000e-003
  4.4070000e+001 -6.6450000e-003
  4.4080000e+001 -4.6240000e-003
  4.4090000e+001 -3.3008000e-003
  4.4100000e+001 -1.7189000e-003
  4.4110000e+001  1.0056000e-004
  4.4120000e+001  6.1476000e-004
  4.4130000e+001 -4.1246000e-004
  4.4140000e+001 -1.4231000e-003
  4.4150000e+001 -1.6725000e-003
  4.4160000e+001 -2.0462000e-003
  4.4170000e+001 -3.0184000e-003
  4.4180000e+001 -3.9239000e-003
  4.4190000e+001 -4.2015000e-003
  4.4200000e+001 -3.9417000e-003
  4.4210000e+001 -3.2941000e-003
  4.4220000e+001 -2.4207000e-003
  4.4230000e+001 -1.6801000e-003
  4.4240000e+001 -1.1726000e-003
  4.4250000e+001 -5.8915000e-004
  4.4260000e+001  1.8113000e-004
  4.4270000e+001  7.8217000e-004
  4.4280000e+001  9.6410000e-004
  4.4290000e+001  9.3829000e-004
  4.4300000e+001  9.5267000e-004
  4.4310000e+001  9.8307000e-004
  4.4320000e+001  9.6727000e-004
  4.4330000e+001  9.7952000e-004
  4.4340000e+001  1.0273000e-003
  4.4350000e+001  1.0318000e-003
  4.4360000e+001  1.0116000e-003
  4.4370000e+001  1.0449000e-003
  4.4380000e+001  1.0897000e-003
  4.4390000e+001  1.0726000e-003
  4.4400000e+001  1.0659000e-003
  4.4410000e+001  1.1165000e-003
  4.4420000e+001  1.1063000e-003
  4.4430000e+001  1.1318000e-003
  4.4440000e+001  1.7267000e-003
  4.4450000e+001  3.1262000e-003
  4.4460000e+001  4.6971000e-003
  4.4470000e+001  5.7635000e-003
  4.4480000e+001  6.6080000e-003
  4.4490000e+001  7.9307000e-003
  4.4500000e+001  9.4562000e-003
  4.4510000e+001  1.0014000e-002
  4.4520000e+001  8.8403000e-003
  4.4530000e+001  6.4404000e-003
  4.4540000e+001  3.8061000e-003
  4.4550000e+001  1.4897000e-003
  4.4560000e+001 -6.8975000e-004
  4.4570000e+001 -3.1586000e-003
  4.4580000e+001 -5.7618000e-003
  4.4590000e+001 -7.3994000e-003
  4.4600000e+001 -7.0420000e-003
  4.4610000e+001 -5.1428000e-003
  4.4620000e+001 -3.1215000e-003
  4.4630000e+001 -1.6258000e-003
  4.4640000e+001 -6.9397000e-005
  4.4650000e+001  2.0671000e-003
  4.4660000e+001  4.2420000e-003
  4.4670000e+001  5.5476000e-003
  4.4680000e+001  5.7009000e-003
  4.4690000e+001  5.1489000e-003
  4.4700000e+001  4.4183000e-003
  4.4710000e+001  3.8320000e-003
  4.4720000e+001  3.3146000e-003
  4.4730000e+001  2.5467000e-003
  4.4740000e+001  1.6944000e-003
  4.4750000e+001  1.7200000e-003
  4.4760000e+001  3.3897000e-003
  4.4770000e+001  6.1884000e-003
  4.4780000e+001  9.0331000e-003
  4.4790000e+001  1.1657000e-002
  4.4800000e+001  1.4561000e-002
  4.4810000e+001  1.7553000e-002
  4.4820000e+001  1.9472000e-002
  4.4830000e+001  1.9584000e-002
  4.4840000e+001  1.8498000e-002
  4.4850000e+001  1.7195000e-002
  4.4860000e+001  1.6003000e-002
  4.4870000e+001  1.4780000e-002
  4.4880000e+001  1.3548000e-002
  4.4890000e+001  1.2372000e-002
  4.4900000e+001  1.1188000e-002
  4.4910000e+001  9.9410000e-003
  4.4920000e+001  8.7582000e-003
  4.4930000e+001  7.7072000e-003
  4.4940000e+001  6.6506000e-003
  4.4950000e+001  5.4319000e-003
  4.4960000e+001  4.0591000e-003
  4.4970000e+001  2.7634000e-003
  4.4980000e+001  1.8580000e-003
  4.4990000e+001  1.5334000e-003
  4.5000000e+001  1.5991000e-003
  4.5010000e+001  1.6968000e-003
  4.5020000e+001  1.6624000e-003
  4.5030000e+001  1.6134000e-003
  4.5040000e+001  1.6376000e-003
  4.5050000e+001  1.6706000e-003
  4.5060000e+001  1.6505000e-003
  4.5070000e+001  1.6231000e-003
  4.5080000e+001  1.6380000e-003
  4.5090000e+001  1.6637000e-003
  4.5100000e+001  1.6473000e-003
  4.5110000e+001  1.6055000e-003
  4.5120000e+001  1.6381000e-003
  4.5130000e+001  1.7327000e-003
  4.5140000e+001  1.5467000e-003
  4.5150000e+001  6.7781000e-004
  4.5160000e+001 -7.5305000e-004
  4.5170000e+001 -2.1019000e-003
  4.5180000e+001 -3.0283000e-003
  4.5190000e+001 -3.9053000e-003
  4.5200000e+001 -5.2011000e-003
  4.5210000e+001 -6.6906000e-003
  4.5220000e+001 -7.7443000e-003
  4.5230000e+001 -8.1171000e-003
  4.5240000e+001 -8.1157000e-003
  4.5250000e+001 -8.0887000e-003
  4.5260000e+001 -8.1117000e-003
  4.5270000e+001 -8.1189000e-003
  4.5280000e+001 -8.1133000e-003
  4.5290000e+001 -8.1251000e-003
  4.5300000e+001 -8.0589000e-003
  4.5310000e+001 -7.7006000e-003
  4.5320000e+001 -7.0035000e-003
  4.5330000e+001 -6.2253000e-003
  4.5340000e+001 -5.6706000e-003
  4.5350000e+001 -5.2066000e-003
  4.5360000e+001 -4.4800000e-003
  4.5370000e+001 -3.5564000e-003
  4.5380000e+001 -3.0291000e-003
  4.5390000e+001 -3.2856000e-003
  4.5400000e+001 -4.0715000e-003
  4.5410000e+001 -4.8824000e-003
  4.5420000e+001 -5.5249000e-003
  4.5430000e+001 -6.1150000e-003
  4.5440000e+001 -6.6901000e-003
  4.5450000e+001 -7.2760000e-003
  4.5460000e+001 -8.1400000e-003
  4.5470000e+001 -9.6234000e-003
  4.5480000e+001 -1.1628000e-002
  4.5490000e+001 -1.3664000e-002
  4.5500000e+001 -1.5479000e-002
  4.5510000e+001 -1.7383000e-002
  4.5520000e+001 -1.9599000e-002
  4.5530000e+001 -2.1390000e-002
  4.5540000e+001 -2.1476000e-002
  4.5550000e+001 -1.9526000e-002
  4.5560000e+001 -1.6735000e-002
  4.5570000e+001 -1.4363000e-002
  4.5580000e+001 -1.2368000e-002
  4.5590000e+001 -9.9522000e-003
  4.5600000e+001 -7.1402000e-003
  4.5610000e+001 -4.8433000e-003
  4.5620000e+001 -3.5780000e-003
  4.5630000e+001 -2.8491000e-003
  4.5640000e+001 -2.0713000e-003
  4.5650000e+001 -1.3292000e-003
  4.5660000e+001 -8.1477000e-004
  4.5670000e+001 -3.1075000e-004
  4.5680000e+001  4.3714000e-004
  4.5690000e+001  1.1873000e-003
  4.5700000e+001  1.5596000e-003
  4.5710000e+001  1.5510000e-003
  4.5720000e+001  1.4980000e-003
  4.5730000e+001  1.5513000e-003
  4.5740000e+001  1.5704000e-003
  4.5750000e+001  1.5095000e-003
  4.5760000e+001  1.5352000e-003
  4.5770000e+001  1.5526000e-003
  4.5780000e+001  1.0132000e-003
  4.5790000e+001 -3.8468000e-004
  4.5800000e+001 -2.0268000e-003
  4.5810000e+001 -3.1621000e-003
  4.5820000e+001 -4.0760000e-003
  4.5830000e+001 -5.6228000e-003
  4.5840000e+001 -7.1874000e-003
  4.5850000e+001 -6.7301000e-003
  4.5860000e+001 -3.3196000e-003
  4.5870000e+001  1.3872000e-003
  4.5880000e+001  5.5082000e-003
  4.5890000e+001  9.1725000e-003
  4.5900000e+001  1.3378000e-002
  4.5910000e+001  1.7364000e-002
  4.5920000e+001  1.9075000e-002
  4.5930000e+001  1.7798000e-002
  4.5940000e+001  1.5019000e-002
  4.5950000e+001  1.2383000e-002
  4.5960000e+001  1.0186000e-002
  4.5970000e+001  7.9121000e-003
  4.5980000e+001  5.4087000e-003
  4.5990000e+001  3.0568000e-003
  4.6000000e+001  1.3534000e-003
  4.6010000e+001  4.0962000e-004
  4.6020000e+001 -1.1202000e-004
  4.6030000e+001 -6.2253000e-004
  4.6040000e+001 -1.2537000e-003
  4.6050000e+001 -1.9542000e-003
  4.6060000e+001 -2.7510000e-003
  4.6070000e+001 -3.5201000e-003
  4.6080000e+001 -3.7919000e-003
  4.6090000e+001 -3.2283000e-003
  4.6100000e+001 -2.2366000e-003
  4.6110000e+001 -1.5304000e-003
  4.6120000e+001 -1.1391000e-003
  4.6130000e+001 -5.7966000e-004
  4.6140000e+001  2.4046000e-004
  4.6150000e+001  8.9751000e-004
  4.6160000e+001  1.2013000e-003
  4.6170000e+001  1.2938000e-003
  4.6180000e+001  1.2790000e-003
  4.6190000e+001  1.1973000e-003
  4.6200000e+001  1.1989000e-003
  4.6210000e+001  1.2841000e-003
  4.6220000e+001  1.2161000e-003
  4.6230000e+001  1.0593000e-003
  4.6240000e+001  1.3013000e-003
  4.6250000e+001  2.1204000e-003
  4.6260000e+001  3.0942000e-003
  4.6270000e+001  3.9878000e-003
  4.6280000e+001  5.1070000e-003
  4.6290000e+001  6.5935000e-003
  4.6300000e+001  8.1389000e-003
  4.6310000e+001  9.6105000e-003
  4.6320000e+001  1.1270000e-002
  4.6330000e+001  1.3192000e-002
  4.6340000e+001  1.5180000e-002
  4.6350000e+001  1.7110000e-002
  4.6360000e+001  1.8715000e-002
  4.6370000e+001  1.9319000e-002
  4.6380000e+001  1.8574000e-002
  4.6390000e+001  1.7161000e-002
  4.6400000e+001  1.5966000e-002
  4.6410000e+001  1.4966000e-002
  4.6420000e+001  1.3661000e-002
  4.6430000e+001  1.2189000e-002
  4.6440000e+001  1.1042000e-002
  4.6450000e+001  1.0020000e-002
  4.6460000e+001  8.4141000e-003
  4.6470000e+001  6.1756000e-003
  4.6480000e+001  4.0427000e-003
  4.6490000e+001  2.4565000e-003
  4.6500000e+001  9.5460000e-004
  4.6510000e+001 -9.7452000e-004
  4.6520000e+001 -2.9377000e-003
  4.6530000e+001 -4.0648000e-003
  4.6540000e+001 -4.2283000e-003
  4.6550000e+001 -4.0965000e-003
  4.6560000e+001 -4.1252000e-003
  4.6570000e+001 -4.1772000e-003
  4.6580000e+001 -4.1444000e-003
  4.6590000e+001 -4.2149000e-003
  4.6600000e+001 -4.3228000e-003
  4.6610000e+001 -4.0127000e-003
  4.6620000e+001 -3.0378000e-003
  4.6630000e+001 -1.7284000e-003
  4.6640000e+001 -4.5729000e-004
  4.6650000e+001  6.9125000e-004
  4.6660000e+001  1.8234000e-003
  4.6670000e+001  3.0175000e-003
  4.6680000e+001  4.3920000e-003
  4.6690000e+001  5.9252000e-003
  4.6700000e+001  7.4700000e-003
  4.6710000e+001  8.9562000e-003
  4.6720000e+001  1.0571000e-002
  4.6730000e+001  1.2449000e-002
  4.6740000e+001  1.4507000e-002
  4.6750000e+001  1.6491000e-002
  4.6760000e+001  1.7939000e-002
  4.6770000e+001  1.8134000e-002
  4.6780000e+001  1.6638000e-002
  4.6790000e+001  1.3991000e-002
  4.6800000e+001  1.1295000e-002
  4.6810000e+001  9.0688000e-003
  4.6820000e+001  6.8576000e-003
  4.6830000e+001  4.2582000e-003
  4.6840000e+001  1.7686000e-003
  4.6850000e+001  2.9565000e-004
  4.6860000e+001 -1.6497000e-005
  4.6870000e+001  1.4338000e-004
  4.6880000e+001  1.7524000e-004
  4.6890000e+001  7.5742000e-005
  4.6900000e+001  4.0653000e-005
  4.6910000e+001  6.2416000e-005
  4.6920000e+001  4.1039000e-005
  4.6930000e+001 -1.0069000e-005
  4.6940000e+001 -3.0726000e-005
  4.6950000e+001 -3.5625000e-005
  4.6960000e+001 -5.9041000e-005
  4.6970000e+001 -9.5554000e-005
  4.6980000e+001 -1.1935000e-004
  4.6990000e+001 -1.1124000e-004
  4.7000000e+001 -1.6010000e-004
  4.7010000e+001 -5.8042000e-004
  4.7020000e+001 -1.6573000e-003
  4.7030000e+001 -3.1479000e-003
  4.7040000e+001 -4.4473000e-003
  4.7050000e+001 -5.3585000e-003
  4.7060000e+001 -6.3360000e-003
  4.7070000e+001 -7.6871000e-003
  4.7080000e+001 -9.0790000e-003
  4.7090000e+001 -1.0014000e-002
  4.7100000e+001 -1.0566000e-002
  4.7110000e+001 -1.1162000e-002
  4.7120000e+001 -1.1923000e-002
  4.7130000e+001 -1.2622000e-002
  4.7140000e+001 -1.3194000e-002
  4.7150000e+001 -1.3811000e-002
  4.7160000e+001 -1.4409000e-002
  4.7170000e+001 -1.4519000e-002
  4.7180000e+001 -1.3717000e-002
  4.7190000e+001 -1.2251000e-002
  4.7200000e+001 -1.0840000e-002
  4.7210000e+001 -9.8479000e-003
  4.7220000e+001 -8.8771000e-003
  4.7230000e+001 -7.4933000e-003
  4.7240000e+001 -6.0241000e-003
  4.7250000e+001 -5.3340000e-003
  4.7260000e+001 -5.7694000e-003
  4.7270000e+001 -6.7635000e-003
  4.7280000e+001 -7.5378000e-003
  4.7290000e+001 -7.9943000e-003
  4.7300000e+001 -8.5474000e-003
  4.7310000e+001 -9.3849000e-003
  4.7320000e+001 -1.0090000e-002
  4.7330000e+001 -1.0063000e-002
  4.7340000e+001 -9.0919000e-003
  4.7350000e+001 -7.6341000e-003
  4.7360000e+001 -6.3594000e-003
  4.7370000e+001 -5.4758000e-003
  4.7380000e+001 -4.5562000e-003
  4.7390000e+001 -3.2482000e-003
  4.7400000e+001 -1.8422000e-003
  4.7410000e+001 -9.8412000e-004
  4.7420000e+001 -8.3405000e-004
  4.7430000e+001 -9.5535000e-004
  4.7440000e+001 -9.7345000e-004
  4.7450000e+001 -9.4732000e-004
  4.7460000e+001 -9.9436000e-004
  4.7470000e+001 -9.9828000e-004
  4.7480000e+001 -9.5544000e-004
  4.7490000e+001 -1.1653000e-003
  4.7500000e+001 -1.7986000e-003
  4.7510000e+001 -2.5641000e-003
  4.7520000e+001 -3.1368000e-003
  4.7530000e+001 -3.6439000e-003
  4.7540000e+001 -4.3799000e-003
  4.7550000e+001 -5.2770000e-003
  4.7560000e+001 -5.9193000e-003
  4.7570000e+001 -6.1092000e-003
  4.7580000e+001 -6.0318000e-003
  4.7590000e+001 -5.9764000e-003
  4.7600000e+001 -6.0354000e-003
  4.7610000e+001 -6.1109000e-003
  4.7620000e+001 -6.0799000e-003
  4.7630000e+001 -6.0177000e-003
  4.7640000e+001 -6.1265000e-003
  4.7650000e+001 -6.2544000e-003
  4.7660000e+001 -5.9007000e-003
  4.7670000e+001 -4.9787000e-003
  4.7680000e+001 -4.1456000e-003
  4.7690000e+001 -3.7700000e-003
  4.7700000e+001 -3.3296000e-003
  4.7710000e+001 -2.3800000e-003
  4.7720000e+001 -1.6167000e-003
  4.7730000e+001 -2.0352000e-003
  4.7740000e+001 -3.6214000e-003
  4.7750000e+001 -5.5061000e-003
  4.7760000e+001 -7.1585000e-003
  4.7770000e+001 -8.6826000e-003
  4.7780000e+001 -1.0408000e-002
  4.7790000e+001 -1.2528000e-002
  4.7800000e+001 -1.4623000e-002
  4.7810000e+001 -1.5567000e-002
  4.7820000e+001 -1.4743000e-002
  4.7830000e+001 -1.3077000e-002
  4.7840000e+001 -1.1820000e-002
  4.7850000e+001 -1.0925000e-002
  4.7860000e+001 -9.6963000e-003
  4.7870000e+001 -8.2411000e-003
  4.7880000e+001 -7.1504000e-003
  4.7890000e+001 -6.4641000e-003
  4.7900000e+001 -5.9136000e-003
  4.7910000e+001 -5.3629000e-003
  4.7920000e+001 -4.6565000e-003
  4.7930000e+001 -3.7976000e-003
  4.7940000e+001 -3.2658000e-003
  4.7950000e+001 -3.0317000e-003
  4.7960000e+001 -2.1908000e-003
  4.7970000e+001 -6.5484000e-004
  4.7980000e+001  4.6762000e-004
  4.7990000e+001  1.3497000e-003
  4.8000000e+001  3.7588000e-003
  4.8010000e+001  6.7493000e-003
  4.8020000e+001  5.9985000e-003
  4.8030000e+001  1.1242000e-004
  4.8040000e+001 -5.8020000e-003
  4.8050000e+001 -6.9186000e-003
  4.8060000e+001 -4.8262000e-003
  4.8070000e+001 -3.7060000e-003
  4.8080000e+001 -3.9339000e-003
  4.8090000e+001 -3.4772000e-003
  4.8100000e+001 -2.2759000e-003
  4.8110000e+001 -1.6778000e-003
  4.8120000e+001 -1.5651000e-003
  4.8130000e+001 -9.7492000e-004
  4.8140000e+001 -9.9612000e-005
  4.8150000e+001  4.6552000e-004
  4.8160000e+001  9.7026000e-004
  4.8170000e+001  1.7022000e-003
  4.8180000e+001  2.3168000e-003
  4.8190000e+001  2.6580000e-003
  4.8200000e+001  3.0065000e-003
  4.8210000e+001  3.3044000e-003
  4.8220000e+001  3.2807000e-003
  4.8230000e+001  3.1163000e-003
  4.8240000e+001  3.1611000e-003
  4.8250000e+001  3.2760000e-003
  4.8260000e+001  3.1855000e-003
  4.8270000e+001  3.0931000e-003
  4.8280000e+001  3.3598000e-003
  4.8290000e+001  3.9601000e-003
  4.8300000e+001  4.6271000e-003
  4.8310000e+001  5.2420000e-003
  4.8320000e+001  5.8228000e-003
  4.8330000e+001  6.3803000e-003
  4.8340000e+001  6.9482000e-003
  4.8350000e+001  7.5043000e-003
  4.8360000e+001  7.9491000e-003
  4.8370000e+001  8.1395000e-003
  4.8380000e+001  8.0873000e-003
  4.8390000e+001  7.9772000e-003
  4.8400000e+001  8.0115000e-003
  4.8410000e+001  8.1538000e-003
  4.8420000e+001  8.1444000e-003
  4.8430000e+001  7.7674000e-003
  4.8440000e+001  6.9809000e-003
  4.8450000e+001  5.8555000e-003
  4.8460000e+001  4.5538000e-003
  4.8470000e+001  3.3252000e-003
  4.8480000e+001  2.2428000e-003
  4.8490000e+001  1.0326000e-003
  4.8500000e+001 -3.7687000e-004
  4.8510000e+001 -1.4369000e-003
  4.8520000e+001 -1.5623000e-003
  4.8530000e+001 -9.6055000e-004
  4.8540000e+001 -2.2577000e-004
  4.8550000e+001  4.4165000e-004
  4.8560000e+001  1.1278000e-003
  4.8570000e+001  1.6926000e-003
  4.8580000e+001  2.1175000e-003
  4.8590000e+001  2.8657000e-003
  4.8600000e+001  4.3136000e-003
  4.8610000e+001  6.0948000e-003
  4.8620000e+001  7.7088000e-003
  4.8630000e+001  9.2893000e-003
  4.8640000e+001  1.1251000e-002
  4.8650000e+001  1.3469000e-002
  4.8660000e+001  1.5315000e-002
  4.8670000e+001  1.6178000e-002
  4.8680000e+001  1.5641000e-002
  4.8690000e+001  1.3687000e-002
  4.8700000e+001  1.0953000e-002
  4.8710000e+001  8.3906000e-003
  4.8720000e+001  6.2536000e-003
  4.8730000e+001  3.9651000e-003
  4.8740000e+001  1.3069000e-003
  4.8750000e+001 -5.6572000e-004
  4.8760000e+001 -6.7431000e-005
  4.8770000e+001  2.8703000e-003
  4.8780000e+001  6.5958000e-003
  4.8790000e+001  9.6598000e-003
  4.8800000e+001  1.2263000e-002
  4.8810000e+001  1.5286000e-002
  4.8820000e+001  1.8565000e-002
  4.8830000e+001  2.0962000e-002
  4.8840000e+001  2.1901000e-002
  4.8850000e+001  2.1950000e-002
  4.8860000e+001  2.1828000e-002
  4.8870000e+001  2.1790000e-002
  4.8880000e+001  2.1896000e-002
  4.8890000e+001  2.1996000e-002
  4.8900000e+001  2.1409000e-002
  4.8910000e+001  1.9481000e-002
  4.8920000e+001  1.6637000e-002
  4.8930000e+001  1.3925000e-002
  4.8940000e+001  1.1658000e-002
  4.8950000e+001  9.2058000e-003
  4.8960000e+001  6.4447000e-003
  4.8970000e+001  4.2485000e-003
  4.8980000e+001  3.3639000e-003
  4.8990000e+001  3.3901000e-003
  4.9000000e+001  3.5052000e-003
  4.9010000e+001  3.4440000e-003
  4.9020000e+001  3.4231000e-003
  4.9030000e+001  3.4897000e-003
  4.9040000e+001  3.4681000e-003
  4.9050000e+001  3.4030000e-003
  4.9060000e+001  3.6067000e-003
  4.9070000e+001  4.2080000e-003
  4.9080000e+001  4.9277000e-003
  4.9090000e+001  5.5048000e-003
  4.9100000e+001  6.0451000e-003
  4.9110000e+001  6.7504000e-003
  4.9120000e+001  7.4135000e-003
  4.9130000e+001  7.4262000e-003
  4.9140000e+001  6.3484000e-003
  4.9150000e+001  4.2945000e-003
  4.9160000e+001  1.8039000e-003
  4.9170000e+001 -6.1651000e-004
  4.9180000e+001 -2.8640000e-003
  4.9190000e+001 -5.2971000e-003
  4.9200000e+001 -7.9425000e-003
  4.9210000e+001 -9.9261000e-003
  4.9220000e+001 -1.0213000e-002
  4.9230000e+001 -8.9940000e-003
  4.9240000e+001 -7.4919000e-003
  4.9250000e+001 -6.4631000e-003
  4.9260000e+001 -5.5735000e-003
  4.9270000e+001 -4.3236000e-003
  4.9280000e+001 -2.9403000e-003
  4.9290000e+001 -1.8732000e-003
  4.9300000e+001 -1.1489000e-003
  4.9310000e+001 -4.9477000e-004
  4.9320000e+001  1.7635000e-004
  4.9330000e+001  8.2863000e-004
  4.9340000e+001  1.4689000e-003
  4.9350000e+001  2.1315000e-003
  4.9360000e+001  2.7488000e-003
  4.9370000e+001  2.9869000e-003
  4.9380000e+001  2.3583000e-003
  4.9390000e+001  6.7950000e-004
  4.9400000e+001 -1.4951000e-003
  4.9410000e+001 -3.3274000e-003
  4.9420000e+001 -4.6449000e-003
  4.9430000e+001 -6.1559000e-003
  4.9440000e+001 -8.2527000e-003
  4.9450000e+001 -1.0115000e-002
  4.9460000e+001 -1.0588000e-002
  4.9470000e+001 -9.7831000e-003
  4.9480000e+001 -8.8780000e-003
  4.9490000e+001 -8.4939000e-003
  4.9500000e+001 -8.0604000e-003
  4.9510000e+001 -7.1497000e-003
  4.9520000e+001 -6.2778000e-003
  4.9530000e+001 -5.8219000e-003
  4.9540000e+001 -4.9864000e-003
  4.9550000e+001 -3.0952000e-003
  4.9560000e+001 -9.0595000e-004
  4.9570000e+001  5.9607000e-004
  4.9580000e+001  1.8981000e-003
  4.9590000e+001  4.0819000e-003
  4.9600000e+001  6.6949000e-003
  4.9610000e+001  7.7769000e-003
  4.9620000e+001  5.9993000e-003
  4.9630000e+001  2.0306000e-003
  4.9640000e+001 -2.4918000e-003
  4.9650000e+001 -6.6262000e-003
  4.9660000e+001 -1.0581000e-002
  4.9670000e+001 -1.4934000e-002
  4.9680000e+001 -1.9429000e-002
  4.9690000e+001 -2.2522000e-002
  4.9700000e+001 -2.2663000e-002
  4.9710000e+001 -2.0107000e-002
  4.9720000e+001 -1.6663000e-002
  4.9730000e+001 -1.3694000e-002
  4.9740000e+001 -1.1073000e-002
  4.9750000e+001 -8.1075000e-003
  4.9760000e+001 -4.8513000e-003
  4.9770000e+001 -2.1717000e-003
  4.9780000e+001 -7.8399000e-004
  4.9790000e+001 -5.2774000e-004
  4.9800000e+001 -6.6327000e-004
  4.9810000e+001 -6.7962000e-004
  4.9820000e+001 -6.0823000e-004
  4.9830000e+001 -6.1097000e-004
  4.9840000e+001 -6.1894000e-004
  4.9850000e+001 -5.5968000e-004
  4.9860000e+001 -5.5524000e-004
  4.9870000e+001 -6.2401000e-004
  4.9880000e+001 -5.2398000e-004
  4.9890000e+001 -3.2570000e-004
  4.9900000e+001 -7.5563000e-004
  4.9910000e+001 -2.5265000e-003
  4.9920000e+001 -5.4393000e-003
  4.9930000e+001 -8.6100000e-003
  4.9940000e+001 -1.1432000e-002
  4.9950000e+001 -1.4097000e-002
  4.9960000e+001 -1.7156000e-002
  4.9970000e+001 -2.0474000e-002
  4.9980000e+001 -2.2806000e-002
  4.9990000e+001 -2.2774000e-002
  5.0000000e+001 -2.0536000e-002
  5.0010000e+001 -1.7694000e-002
  5.0020000e+001 -1.5475000e-002
  5.0030000e+001 -1.3515000e-002
  5.0040000e+001 -1.0985000e-002
  5.0050000e+001 -8.1571000e-003
  5.0060000e+001 -6.1140000e-003
  5.0070000e+001 -5.1571000e-003
  5.0080000e+001 -4.4994000e-003
  5.0090000e+001 -3.5704000e-003
  5.0100000e+001 -2.7349000e-003
  5.0110000e+001 -2.3098000e-003
  5.0120000e+001 -1.8744000e-003
  5.0130000e+001 -1.0007000e-003
  5.0140000e+001 -1.9499000e-004
  5.0150000e+001 -2.5628000e-004
  5.0160000e+001 -1.0986000e-003
  5.0170000e+001 -1.9208000e-003
  5.0180000e+001 -2.3316000e-003
  5.0190000e+001 -2.7316000e-003
  5.0200000e+001 -3.4932000e-003
  5.0210000e+001 -4.4560000e-003
  5.0220000e+001 -5.0775000e-003
  5.0230000e+001 -4.9683000e-003
  5.0240000e+001 -4.1985000e-003
  5.0250000e+001 -3.2482000e-003
  5.0260000e+001 -2.5455000e-003
  5.0270000e+001 -2.0309000e-003
  5.0280000e+001 -1.4597000e-003
  5.0290000e+001 -8.0705000e-004
  5.0300000e+001 -1.3640000e-004
  5.0310000e+001  7.4114000e-004
  5.0320000e+001  1.9669000e-003
  5.0330000e+001  3.2598000e-003
  5.0340000e+001  4.3571000e-003
  5.0350000e+001  5.4424000e-003
  5.0360000e+001  6.8200000e-003
  5.0370000e+001  8.2357000e-003
  5.0380000e+001  9.1252000e-003
  5.0390000e+001  9.2155000e-003
  5.0400000e+001  8.7387000e-003
  5.0410000e+001  8.0575000e-003
  5.0420000e+001  7.3888000e-003
  5.0430000e+001  6.7272000e-003
  5.0440000e+001  6.0112000e-003
  5.0450000e+001  5.3855000e-003
  5.0460000e+001  5.1291000e-003
  5.0470000e+001  5.2361000e-003
  5.0480000e+001  5.3520000e-003
  5.0490000e+001  5.2838000e-003
  5.0500000e+001  5.2305000e-003
  5.0510000e+001  5.3535000e-003
  5.0520000e+001  5.4088000e-003
  5.0530000e+001  5.1385000e-003
  5.0540000e+001  4.6283000e-003
  5.0550000e+001  4.1270000e-003
  5.0560000e+001  3.6515000e-003
  5.0570000e+001  3.1046000e-003
  5.0580000e+001  2.4404000e-003
  5.0590000e+001  1.7196000e-003
  5.0600000e+001  1.0498000e-003
  5.0610000e+001  6.4764000e-004
  5.0620000e+001  7.1877000e-004
  5.0630000e+001  1.2249000e-003
  5.0640000e+001  1.9149000e-003
  5.0650000e+001  2.6055000e-003
  5.0660000e+001  3.2776000e-003
  5.0670000e+001  3.9157000e-003
  5.0680000e+001  4.4192000e-003
  5.0690000e+001  4.6738000e-003
  5.0700000e+001  4.6320000e-003
  5.0710000e+001  4.3253000e-003
  5.0720000e+001  3.8250000e-003
  5.0730000e+001  3.2221000e-003
  5.0740000e+001  2.5614000e-003
  5.0750000e+001  1.8624000e-003
  5.0760000e+001  1.2216000e-003
  5.0770000e+001  8.0218000e-004
  5.0780000e+001  6.6771000e-004
  5.0790000e+001  6.8087000e-004
  5.0800000e+001  6.9819000e-004
  5.0810000e+001  7.0410000e-004
  5.0820000e+001  7.3131000e-004
  5.0830000e+001  7.3493000e-004
  5.0840000e+001  6.8315000e-004
  5.0850000e+001  6.9383000e-004
  5.0860000e+001  9.2806000e-004
  5.0870000e+001  1.4218000e-003
  5.0880000e+001  2.0640000e-003
  5.0890000e+001  2.7572000e-003
  5.0900000e+001  3.4463000e-003
  5.0910000e+001  4.0758000e-003
  5.0920000e+001  4.5606000e-003
  5.0930000e+001  4.8166000e-003
  5.0940000e+001  4.7859000e-003
  5.0950000e+001  4.4773000e-003
  5.0960000e+001  3.9724000e-003
  5.0970000e+001  3.3738000e-003
  5.0980000e+001  2.7130000e-003
  5.0990000e+001  2.0037000e-003
  5.1000000e+001  1.3589000e-003
  5.1010000e+001  9.4307000e-004
  5.1020000e+001  8.0114000e-004
  5.1030000e+001  7.9910000e-004
  5.1040000e+001  8.1691000e-004
  5.1050000e+001  8.3264000e-004
  5.1060000e+001  8.4654000e-004
  5.1070000e+001  8.2892000e-004
  5.1080000e+001  8.1587000e-004
  5.1090000e+001  8.4852000e-004
  5.1100000e+001  8.6798000e-004
  5.1110000e+001  8.2967000e-004
  5.1120000e+001  8.1937000e-004
  5.1130000e+001  8.7810000e-004
  5.1140000e+001  8.8189000e-004
  5.1150000e+001  8.0739000e-004
  5.1160000e+001  8.4661000e-004
  5.1170000e+001  9.5346000e-004
  5.1180000e+001  6.7331000e-004
  5.1190000e+001 -1.4160000e-004
  5.1200000e+001 -9.6763000e-004
  5.1210000e+001 -1.3727000e-003
  5.1220000e+001 -1.7555000e-003
  5.1230000e+001 -2.5958000e-003
  5.1240000e+001 -3.6146000e-003
  5.1250000e+001 -4.1214000e-003
  5.1260000e+001 -4.0622000e-003
  5.1270000e+001 -3.9023000e-003
  5.1280000e+001 -3.9322000e-003
  5.1290000e+001 -4.0194000e-003
  5.1300000e+001 -4.0051000e-003
  5.1310000e+001 -3.9147000e-003
  5.1320000e+001 -3.9085000e-003
  5.1330000e+001 -4.0593000e-003
  5.1340000e+001 -4.0552000e-003
  5.1350000e+001 -3.4894000e-003
  5.1360000e+001 -2.4638000e-003
  5.1370000e+001 -1.6393000e-003
  5.1380000e+001 -1.2493000e-003
  5.1390000e+001 -8.2562000e-004
  5.1400000e+001 -4.0766000e-006
  5.1410000e+001  7.8583000e-004
  5.1420000e+001  1.0403000e-003
  5.1430000e+001  9.1723000e-004
  5.1440000e+001  8.6785000e-004
  5.1450000e+001  9.4607000e-004
  5.1460000e+001  9.5836000e-004
  5.1470000e+001  9.0793000e-004
  5.1480000e+001  9.1007000e-004
  5.1490000e+001  9.5014000e-004
  5.1500000e+001  9.4962000e-004
  5.1510000e+001  9.2195000e-004
  5.1520000e+001  9.2269000e-004
  5.1530000e+001  9.4724000e-004
  5.1540000e+001  9.5782000e-004
  5.1550000e+001  9.4007000e-004
  5.1560000e+001  8.9811000e-004
  5.1570000e+001  9.1730000e-004
  5.1580000e+001  1.1283000e-003
  5.1590000e+001  1.5940000e-003
  5.1600000e+001  2.2340000e-003
  5.1610000e+001  2.9341000e-003
  5.1620000e+001  3.6121000e-003
  5.1630000e+001  4.2221000e-003
  5.1640000e+001  4.7011000e-003
  5.1650000e+001  4.9572000e-003
  5.1660000e+001  4.9235000e-003
  5.1670000e+001  4.6243000e-003
  5.1680000e+001  4.1431000e-003
  5.1690000e+001  3.5451000e-003
  5.1700000e+001  2.8554000e-003
  5.1710000e+001  2.1385000e-003
  5.1720000e+001  1.5151000e-003
  5.1730000e+001  1.0872000e-003
  5.1740000e+001  8.9765000e-004
  5.1750000e+001  8.8857000e-004
  5.1760000e+001  9.3613000e-004
  5.1770000e+001  9.3450000e-004
  5.1780000e+001  9.0496000e-004
  5.1790000e+001  9.0621000e-004
  5.1800000e+001  9.2538000e-004
  5.1810000e+001  9.1006000e-004
  5.1820000e+001  8.8756000e-004
  5.1830000e+001  9.0502000e-004
  5.1840000e+001  9.1636000e-004
  5.1850000e+001  8.8437000e-004
  5.1860000e+001  8.6979000e-004
  5.1870000e+001  8.9615000e-004
  5.1880000e+001  9.1712000e-004
  5.1890000e+001  8.9741000e-004
  5.1900000e+001  6.7719000e-004
  5.1910000e+001  4.9291000e-006
  5.1920000e+001 -9.4670000e-004
  5.1930000e+001 -1.5144000e-003
  5.1940000e+001 -1.7073000e-003
  5.1950000e+001 -2.4011000e-003
  5.1960000e+001 -3.7008000e-003
  5.1970000e+001 -4.3341000e-003
  5.1980000e+001 -4.0344000e-003
  5.1990000e+001 -4.4979000e-003
